[
   {
     "approximation": "OverloadAndRemovePresort [2014-10-28 14:16:48]", 
     "avgMultiplicity": 2.11, 
     "capacity": 15, 
     "category": "gauss", 
     "lowerBound": 5, 
     "pageCount": 10, 
     "pages": [
       [11,15,21,35,45,46,53,54,57,60,63,64,69,71], 
       [0,1,6,14,18,19,41,42,46,50,52,56,57,59,62], 
       [2,4,6,7,19,20,23,37,38,48,50,55,56,66,73], 
       [2,15,21,23,24,28,32,33,55,62,63,68,69,72,73], 
       [6,14,15,17,22,25,27,30,33,35,43,48,55,68,74], 
       [11,13,21,22,34,38,39,41,53,55,58,64,70,74], 
       [3,8,9,16,19,29,31,36,38,40,74], 
       [5,7,10,16,18,38,39,44,47,49,52,53,62,67,68], 
       [1,10,12,14,15,21,23,30,49,56,59,64,68,71], 
       [7,12,14,22,26,31,35,36,37,41,50,51,59,61,65]
     ], 
     "paginations": [
       [11,15,1], 
       [12,22,8], 
       [13,21,7], 
       [0,20,24], 
       [16,19,6], 
       [23,2], 
       [9,3], 
       [14,18], 
       [5,4], 
       [17,10]
     ], 
     "properSymbolCount": 31, 
     "solvers": {
       "BestFusion": 11, 
       "FirstFit": 11, 
       "GeneticGroup": 10, 
       "GeneticStandard": 10, 
       "OverloadAndRemove": 10, 
       "OverloadAndRemovePresort": 10
     }, 
     "symbolCount": 75, 
     "symbols": [0,1,2,3,4,5,6,7,8,9,10,11,12,13,14,15,16,17,18,19,20,21,22,23,24,25,26,27,28,29,30,31,32,33,34,35,36,37,38,39,40,41,42,43,44,45,46,47,48,49,50,51,52,53,54,55,56,57,58,59,60,61,62,63,64,65,66,67,68,69,70,71,72,73,74], 
     "tileCount": 25, 
     "tileMaxSize": 9, 
     "tileMinSize": 4, 
     "tiles": [
       [2,23,24,32,62,69,73], 
       [11,45,54,60,64], 
       [13,34,38,39,41,58], 
       [3,9,19,40,74], 
       [10,14,15,23,56,59,71], 
       [1,10,12,21,23,30,49,64,68], 
       [27,30,33,43,74], 
       [7,23,37,50,73], 
       [14,18,19,50], 
       [8,16,29,31,36,38], 
       [12,22,26,31,50,51,65], 
       [15,35,53,63,64,69,71], 
       [1,6,41,52,56,57,59], 
       [2,4,19,20,48,50,56], 
       [5,7,16,39,47,52,53,67], 
       [11,21,46,57,63,71], 
       [14,17,25,55,68], 
       [7,14,35,36,37,41,59,61], 
       [10,18,38,44,49,62,68], 
       [6,15,22,35,48,68], 
       [2,15,21,28,32,33], 
       [4,6,19,38,55,66], 
       [0,1,6,42,46,62], 
       [11,21,22,53,55,64,70,74], 
       [2,55,63,68,72]
     ], 
     "times": {
       "BestFusion": 0.02, 
       "FirstFit": 0.02, 
       "GeneticGroup": 21.44, 
       "GeneticStandard": 2.4, 
       "OverloadAndRemove": 0.17, 
       "OverloadAndRemovePresort": 0.14
     }
   }, 
   {
     "approximation": "OverloadAndRemovePresort [2014-10-28 14:16:48]", 
     "avgMultiplicity": 2.29, 
     "capacity": 15, 
     "category": "gauss", 
     "lowerBound": 5, 
     "pageCount": 11, 
     "pages": [
       [7,8,18,23,27,28,29,34,42,43,73], 
       [1,5,23,27,28,36,38,40,41,44,49,53,61,64,73], 
       [4,12,17,19,27,31,35,37,39,46,51,52,54,70,74], 
       [4,6,11,29,30,34,44,48,50,52,57,62,72], 
       [0,9,21,24,25,38,44,51,52,58,59,64,68,71], 
       [15,18,19,33,38,39,43,49,51,53,55,65], 
       [10,13,16,17,21,23,30,38,46,51,57,70,72], 
       [8,9,20,21,29,35,42,52,54,58,60,67], 
       [1,2,11,12,13,19,36,39,47,49,58,63,69,73], 
       [3,7,11,14,24,45,46,48,52,56,59,60,66], 
       [0,2,8,16,22,26,28,31,32,33,54,56,58,63,74]
     ], 
     "paginations": [
       [4,12], 
       [1,23,21], 
       [5,19,22], 
       [14,3], 
       [7,10,15], 
       [13,17], 
       [16,18], 
       [24,11], 
       [20,0], 
       [2,6], 
       [9,8]
     ], 
     "properSymbolCount": 21, 
     "solvers": {
       "BestFusion": 13, 
       "FirstFit": 13, 
       "GeneticGroup": 11, 
       "GeneticStandard": 12, 
       "OverloadAndRemove": 11, 
       "OverloadAndRemovePresort": 11
     }, 
     "symbolCount": 75, 
     "symbols": [0,1,2,3,4,5,6,7,8,9,10,11,12,13,14,15,16,17,18,19,20,21,22,23,24,25,26,27,28,29,30,31,32,33,34,35,36,37,38,39,40,41,42,43,44,45,46,47,48,49,50,51,52,53,54,55,56,57,58,59,60,61,62,63,64,65,66,67,68,69,70,71,72,73,74], 
     "tileCount": 25, 
     "tileMaxSize": 8, 
     "tileMinSize": 5, 
     "tiles": [
       [11,12,19,47,49,58,63,73], 
       [23,36,38,44,53,61], 
       [7,14,24,45,56,59], 
       [4,6,11,29,44,50,62,72], 
       [8,18,23,28,29,42,73], 
       [4,17,31,35,37,74], 
       [3,11,14,46,48,52,60,66], 
       [0,9,25,44,58,68], 
       [0,8,26,32,33,56,58,74], 
       [0,2,16,22,28,31,54,63], 
       [0,24,25,38,51,59,71], 
       [21,29,35,42,54,58,67], 
       [7,27,28,34,42,43,73], 
       [15,18,19,39,43,49,53], 
       [30,34,44,48,52,57,62], 
       [9,21,52,59,64], 
       [13,16,21,30,38,46,70], 
       [19,33,38,51,53,55,65], 
       [10,17,23,51,57,70,72], 
       [19,27,31,52,70,74], 
       [1,2,13,19,36,39,69], 
       [5,28,36,40,49,64], 
       [12,37,39,46,51,54,74], 
       [1,27,38,41,49,61,73], 
       [8,9,20,29,52,58,60]
     ], 
     "times": {
       "BestFusion": 0.02, 
       "FirstFit": 0.01, 
       "GeneticGroup": 22.13, 
       "GeneticStandard": 2.02, 
       "OverloadAndRemove": 0.14, 
       "OverloadAndRemovePresort": 0.12
     }
   }, 
   {
     "approximation": "OverloadAndRemovePresort [2014-10-28 14:16:48]", 
     "avgMultiplicity": 2.21, 
     "capacity": 15, 
     "category": "gauss", 
     "lowerBound": 5, 
     "pageCount": 10, 
     "pages": [
       [1,7,18,21,22,23,26,33,39,42,45,57,58,62,65], 
       [0,3,5,14,21,24,32,54,59,62,67,72], 
       [10,13,39,43,44,46,50,51,53,55,58,60,61,72], 
       [1,2,6,7,12,15,19,26,28,35,45,54,70,71,73], 
       [4,10,15,19,24,26,29,36,37,43,55,56,58,60,68], 
       [13,24,30,31,32,33,37,47,48,50,56,65,70,74], 
       [5,8,17,27,30,34,38,42,55,62,73], 
       [1,7,9,14,15,28,29,39,48,57,64,66], 
       [2,3,5,7,11,20,28,40,44,52,54,55,58,63,69], 
       [15,16,19,25,26,30,37,38,40,41,45,49,53,64,68]
     ], 
     "paginations": [
       [5,23,0], 
       [14,22], 
       [7,12,20], 
       [11,2,3], 
       [8,16,9], 
       [10,24,13], 
       [19,21], 
       [4,15], 
       [18,17], 
       [1,6]
     ], 
     "properSymbolCount": 30, 
     "solvers": {
       "BestFusion": 11, 
       "FirstFit": 12, 
       "GeneticGroup": 10, 
       "GeneticStandard": 11, 
       "OverloadAndRemove": 11, 
       "OverloadAndRemovePresort": 10
     }, 
     "symbolCount": 75, 
     "symbols": [0,1,2,3,4,5,6,7,8,9,10,11,12,13,14,15,16,17,18,19,20,21,22,23,24,25,26,27,28,29,30,31,32,33,34,35,36,37,38,39,40,41,42,43,44,45,46,47,48,49,50,51,52,53,54,55,56,57,58,59,60,61,62,63,64,65,66,67,68,69,70,71,72,73,74], 
     "tileCount": 25, 
     "tileMaxSize": 9, 
     "tileMinSize": 5, 
     "tiles": [
       [1,21,23,26,33,39], 
       [15,16,30,41,49,53,68], 
       [7,26,28,54,70,71], 
       [2,6,15,26,73], 
       [7,9,29,39,64,66], 
       [1,7,18,33,42,45,57,65], 
       [19,25,26,37,38,40,45,64,68], 
       [10,39,44,51,55,58,61], 
       [4,19,29,37,43,55], 
       [10,15,24,36,43,58,68], 
       [24,30,31,32,33,74], 
       [1,7,12,15,19,35,45,54], 
       [13,43,44,50,53,58], 
       [37,47,56,65,70,74], 
       [0,3,14,21,24,32,67,72], 
       [1,14,15,28,29,39,48,57], 
       [24,26,29,55,56,60], 
       [3,5,7,11,28,40,44,63], 
       [2,20,52,54,55,58,69], 
       [5,17,27,42,55,73], 
       [39,46,58,60,72], 
       [8,30,34,38,55,62], 
       [5,21,24,54,59,62,67], 
       [18,21,22,42,45,58,62], 
       [13,32,48,50,56]
     ], 
     "times": {
       "BestFusion": 0.02, 
       "FirstFit": 0.01, 
       "GeneticGroup": 21.48, 
       "GeneticStandard": 2.08, 
       "OverloadAndRemove": 0.11, 
       "OverloadAndRemovePresort": 0.1
     }
   }, 
   {
     "approximation": "GeneticGroup [2014-10-30 20:22:28]", 
     "avgMultiplicity": 2.28, 
     "capacity": 15, 
     "category": "gauss", 
     "lowerBound": 5, 
     "pageCount": 10, 
     "pages": [
       [2,3,6,9,10,11,17,18,19,27,43,44,50,57,73], 
       [3,4,7,24,27,32,39,40,53,54,57,63,64,73,74], 
       [1,8,23,24,25,29,31,41,49,55,58,66,67,69,71], 
       [0,25,27,34,42,43,48,49,55,58,60,62,64,70,73], 
       [8,9,12,19,22,33,34,42,63,65,66,72], 
       [13,16,17,20,29,35,37,43,45,47,51,56,64,66,68], 
       [5,15,17,33,35,41,59,60,67,68,71], 
       [10,14,19,21,23,24,26,44,46,48,52,53,57,63,73], 
       [1,2,7,11,19,22,32,38,40,51,59,63,66,70,71], 
       [5,14,28,30,32,36,45,49,56,58,59,61,64,69,74]
     ], 
     "paginations": [
       [17,24,13], 
       [1,8], 
       [12,5,7], 
       [16,15,18], 
       [19,4], 
       [9,20], 
       [6,23], 
       [22,14,11], 
       [0,3], 
       [2,10,21]
     ], 
     "properSymbolCount": 21, 
     "solvers": {
       "BestFusion": 12, 
       "FirstFit": 12, 
       "GeneticGroup": 10, 
       "GeneticStandard": 11, 
       "OverloadAndRemove": 11, 
       "OverloadAndRemovePresort": 11
     }, 
     "symbolCount": 75, 
     "symbols": [0,1,2,3,4,5,6,7,8,9,10,11,12,13,14,15,16,17,18,19,20,21,22,23,24,25,26,27,28,29,30,31,32,33,34,35,36,37,38,39,40,41,42,43,44,45,46,47,48,49,50,51,52,53,54,55,56,57,58,59,60,61,62,63,64,65,66,67,68,69,70,71,72,73,74], 
     "tileCount": 25, 
     "tileMaxSize": 9, 
     "tileMinSize": 5, 
     "tiles": [
       [2,7,11,19,40,51,63,66], 
       [4,7,24,27,32,40,64], 
       [14,28,45,49,56,58,64], 
       [1,22,32,38,59,66,70,71], 
       [8,12,19,42,65,72], 
       [23,31,41,58,69,71], 
       [5,17,33,41,60,67,71], 
       [1,8,24,31,49,55,67,71], 
       [3,24,39,53,54,57,63,73,74], 
       [13,35,43,47,51,56,64,66], 
       [30,32,36,45,59,61], 
       [14,23,26,48,52,53], 
       [25,29,41,49,55,66,69], 
       [2,10,17,19,43,50,57], 
       [21,24,44,52,57], 
       [34,42,43,48,55,60,62], 
       [25,48,49,58,62,70,73], 
       [3,6,9,27,44,57], 
       [0,27,43,62,64], 
       [9,22,33,34,63,66], 
       [16,17,20,29,37,45,56,68], 
       [5,28,30,64,69,74], 
       [10,19,23,46,53,63,73], 
       [15,17,35,41,59,67,68], 
       [3,6,11,17,18,43,73]
     ], 
     "times": {
       "BestFusion": 0.02, 
       "FirstFit": 0.01, 
       "GeneticGroup": 22.74, 
       "GeneticStandard": 1.91, 
       "OverloadAndRemove": 0.11, 
       "OverloadAndRemovePresort": 0.11
     }
   }, 
   {
     "approximation": "GeneticGroup [2014-10-30 20:22:28]", 
     "avgMultiplicity": 2.23, 
     "capacity": 15, 
     "category": "gauss", 
     "lowerBound": 5, 
     "pageCount": 10, 
     "pages": [
       [2,4,11,13,18,20,28,32,34,36,38,51,58,59,67], 
       [9,10,14,16,19,23,24,33,41,44,45,47,56,73,74], 
       [4,11,20,39,40,41,45,46,47,49,53,54,58,68,70], 
       [0,1,5,12,13,15,19,22,24,41,43,52,57,64], 
       [3,14,18,23,27,29,34,50,51,54,55,58,60,66,67], 
       [7,21,22,28,29,31,48,49,53,57,62,68,72,74], 
       [2,8,10,19,22,26,28,32,35,37,46,52,59,72,73], 
       [6,11,19,20,22,25,27,34,50,54,61,63,70,71,73], 
       [4,8,15,30,34,49,50,52,60,61,65,69,74], 
       [7,9,17,29,32,40,41,42,46,63,64,74]
     ], 
     "paginations": [
       [23,13,15], 
       [18,22,17], 
       [10,14,2], 
       [21,12], 
       [8,20,9], 
       [7,5], 
       [0,3,16], 
       [24,1], 
       [6,11], 
       [19,4]
     ], 
     "properSymbolCount": 24, 
     "solvers": {
       "BestFusion": 11, 
       "FirstFit": 12, 
       "GeneticGroup": 10, 
       "GeneticStandard": 11, 
       "OverloadAndRemove": 11, 
       "OverloadAndRemovePresort": 11
     }, 
     "symbolCount": 75, 
     "symbols": [0,1,2,3,4,5,6,7,8,9,10,11,12,13,14,15,16,17,18,19,20,21,22,23,24,25,26,27,28,29,30,31,32,33,34,35,36,37,38,39,40,41,42,43,44,45,46,47,48,49,50,51,52,53,54,55,56,57,58,59,60,61,62,63,64,65,66,67,68,69,70,71,72,73,74], 
     "tileCount": 25, 
     "tileMaxSize": 9, 
     "tileMinSize": 5, 
     "tiles": [
       [2,10,22,32,37,46,52,73], 
       [6,11,25,54,70,71,73], 
       [4,39,41,46,53,58,70], 
       [19,32,35,37,72], 
       [7,9,17,32,41,42], 
       [7,21,22,48,49,53,72], 
       [30,34,49,50,60,61,74], 
       [28,29,31,53,57,62,68,74], 
       [23,27,50,51,55,67], 
       [14,27,29,51,54,58,60,66], 
       [11,20,47,54,68], 
       [4,8,15,50,52,65,69], 
       [0,1,5,13,15,22,24,43,64], 
       [2,13,20,34,58,67], 
       [4,11,40,45,49,54,58], 
       [4,11,36,38,51,59], 
       [8,19,26,28,32,59], 
       [9,10,24,41,44,47], 
       [14,16,19,33,44,56,73], 
       [29,40,46,63,64,74], 
       [3,14,18,34,55], 
       [1,12,19,41,52,57,64], 
       [16,23,45,47,74], 
       [13,18,28,32,58,59,67], 
       [19,20,22,27,34,50,61,63,71]
     ], 
     "times": {
       "BestFusion": 0.02, 
       "FirstFit": 0.01, 
       "GeneticGroup": 22.01, 
       "GeneticStandard": 1.89, 
       "OverloadAndRemove": 0.12, 
       "OverloadAndRemovePresort": 0.12
     }
   }, 
   {
     "approximation": "GeneticGroup [2014-10-30 20:22:28]", 
     "avgMultiplicity": 2.4, 
     "capacity": 15, 
     "category": "gauss", 
     "lowerBound": 5, 
     "pageCount": 11, 
     "pages": [
       [3,9,12,22,24,26,27,34,42,44,47,51,56,63,73], 
       [2,3,4,5,16,17,24,29,42,46,53,58,61,64,67], 
       [1,6,9,15,29,30,38,41,48,49,54,69,71,73,74], 
       [1,6,12,13,16,17,22,26,29,30,35,44,65,67], 
       [2,9,13,18,23,25,26,36,40,46,54,55,60,62,68], 
       [0,4,7,12,13,21,37,38,41,48,49,50,57,59,68], 
       [5,11,20,33,35,39,40,43,55,59,63,65,72,73], 
       [7,22,24,26,31,34,37,39,40,41,45,66,68,71,74], 
       [8,12,16,17,20,21,22,43,50,52,53,63,68,69,70], 
       [8,11,12,14,19,22,28,54,58,60,66,70], 
       [7,10,13,14,17,31,32,40,41,48,51,63,73]
     ], 
     "paginations": [
       [0,14,19], 
       [24,6,2], 
       [12,17,20], 
       [21], 
       [4,15,10], 
       [7,13], 
       [16,11,9], 
       [22,18], 
       [1,5], 
       [23,3], 
       [8]
     ], 
     "properSymbolCount": 17, 
     "solvers": {
       "BestFusion": 13, 
       "FirstFit": 13, 
       "GeneticGroup": 11, 
       "GeneticStandard": 12, 
       "OverloadAndRemove": 12, 
       "OverloadAndRemovePresort": 13
     }, 
     "symbolCount": 75, 
     "symbols": [0,1,2,3,4,5,6,7,8,9,10,11,12,13,14,15,16,17,18,19,20,21,22,23,24,25,26,27,28,29,30,31,32,33,34,35,36,37,38,39,40,41,42,43,44,45,46,47,48,49,50,51,52,53,54,55,56,57,58,59,60,61,62,63,64,65,66,67,68,69,70,71,72,73,74], 
     "tileCount": 25, 
     "tileMaxSize": 14, 
     "tileMinSize": 2, 
     "tiles": [
       [3,22,27,42,44,51,56,63,73], 
       [8,12,17,20,43,50,52,63,68,70], 
       [16,24,42,46,53,58,64], 
       [58,60,66], 
       [25,26,40,55], 
       [16,21,22,53,68,69], 
       [2,3,4,5,24,29,58,61,67], 
       [0,4,7,37,38,48,50,57,59,68], 
       [7,10,13,14,17,31,32,40,41,48,51,63,73], 
       [72,73], 
       [2,9,23,36,54,55,68], 
       [5,11,20,35,39,40,43,55,63], 
       [9,49,71,74], 
       [0,12,13,21,41,49], 
       [12,24,26], 
       [9,13,18,23,40,46,54,60,62], 
       [5,20,33,59,65,72], 
       [1,9,15,38,69,73], 
       [7,26,31,34,37,40,41,45,66,71,74], 
       [3,9,24,34,47,51,56], 
       [6,29,30,41,48,49,54,71,74], 
       [1,6,12,13,16,17,22,26,29,30,35,44,65,67], 
       [7,22,24,39,68], 
       [8,11,12,14,19,22,28,54,70], 
       [17,46]
     ], 
     "times": {
       "BestFusion": 0.02, 
       "FirstFit": 0.01, 
       "GeneticGroup": 23.41, 
       "GeneticStandard": 1.99, 
       "OverloadAndRemove": 0.13, 
       "OverloadAndRemovePresort": 0.12
     }
   }
 ]