[
   {
     "approximation": "OverloadAndRemove [2014-10-28 13:10:00]", 
     "avgMultiplicity": 3.6, 
     "capacity": 15, 
     "category": "gauss", 
     "lowerBound": 2, 
     "pageCount": 3, 
     "pages": [
       [4,5,6,8,9,10,11,13,16,17,18,19,21,22,23], 
       [0,1,2,4,5,7,8,9,10,12,16,20,21,22,24], 
       [3,6,10,12,14,15,17,18,19,22,24]
     ], 
     "paginations": [
       [0,1,4,6,7,8,9,11,13,15,16,18,19,23], 
       [2,10,3,17,20,21,14,24,25,29], 
       [5,22,27,28,12,26]
     ], 
     "properSymbolCount": 1, 
     "solvers": {
       "BestFusion": 3, 
       "FirstFit": 4, 
       "GeneticGroup": 3, 
       "GeneticStandard": 3, 
       "OverloadAndRemove": 3, 
       "OverloadAndRemovePresort": 3
     }, 
     "symbolCount": 25, 
     "symbols": [0,1,2,3,4,5,6,7,8,9,10,11,12,13,14,15,16,17,18,19,20,21,22,23,24], 
     "tileCount": 30, 
     "tileMaxSize": 4, 
     "tileMinSize": 2, 
     "tiles": [
       [11,18,23], 
       [4,8,11,19], 
       [0,10,12,20], 
       [0,2,8], 
       [4,6,9], 
       [14,15,18], 
       [4,8,9,17], 
       [11,13,17,18], 
       [16,18], 
       [5,13,16,21], 
       [0,7], 
       [6,21,22], 
       [6,24], 
       [6,8], 
       [4,12,16], 
       [11,21,23], 
       [22,23], 
       [1,2,5,10], 
       [4,13], 
       [11,18,21], 
       [1,5,7,12], 
       [2,9,10], 
       [3,10,18], 
       [8,10,23], 
       [2,20,22], 
       [0,16,21], 
       [19,24], 
       [3,6,12,15], 
       [15,17,22], 
       [21,24]
     ], 
     "times": {
       "BestFusion": 0.02, 
       "FirstFit": 0.02, 
       "GeneticGroup": 15.47, 
       "GeneticStandard": 2.57, 
       "OverloadAndRemove": 0.07, 
       "OverloadAndRemovePresort": 0.17
     }
   }, 
   {
     "approximation": "OverloadAndRemove [2014-10-28 13:10:00]", 
     "avgMultiplicity": 7.72, 
     "capacity": 15, 
     "category": "gauss", 
     "lowerBound": 2, 
     "pageCount": 7, 
     "pages": [
       [0,1,3,4,6,7,8,9,12,14,15,16,21,22,23], 
       [0,2,3,4,8,9,11,14,17,18,19,20,22,23], 
       [4,5,6,7,8,10,14,15,16,18,19,20,22,23,24], 
       [1,3,4,5,6,8,9,11,12,14,16,17,19,21,23], 
       [1,2,3,4,6,7,8,9,10,15,16,17,18,19,21], 
       [0,4,5,6,9,10,11,13,14,15,18,19,20,21,24], 
       [0,1,2,3,8,10,12,13,15,17,20,21,22,23]
     ], 
     "paginations": [
       [0,1,6,7], 
       [2,8,9,12,29], 
       [4,18,19,28,15,23], 
       [11,13,20,5], 
       [3,21,14,10], 
       [17,22,27,26], 
       [16,24,25]
     ], 
     "properSymbolCount": 0, 
     "solvers": {
       "BestFusion": 9, 
       "FirstFit": 9, 
       "GeneticGroup": 7, 
       "GeneticStandard": 8, 
       "OverloadAndRemove": 7, 
       "OverloadAndRemovePresort": 8
     }, 
     "symbolCount": 25, 
     "symbols": [0,1,2,3,4,5,6,7,8,9,10,11,12,13,14,15,16,17,18,19,20,21,22,23,24], 
     "tileCount": 30, 
     "tileMaxSize": 9, 
     "tileMinSize": 4, 
     "tiles": [
       [0,1,3,4,7,14,21], 
       [0,4,7,8,12,23], 
       [0,2,8,9,11,17,23], 
       [1,2,7,8,15,16,21], 
       [4,6,16,18,22,24], 
       [3,5,6,12,14,16,19], 
       [3,4,6,16,21,22,23], 
       [0,3,6,9,12,14,15,16,22], 
       [0,2,11,14,17,18,20,22], 
       [0,2,8,17,20,22], 
       [1,4,8,9,10,17,19], 
       [3,4,5,8,12,17,19], 
       [0,4,11,14,19,20,22], 
       [1,16,17,19,21,23], 
       [2,7,10,16,18], 
       [5,8,10,14,15,22], 
       [2,3,10,12,17,21,22], 
       [4,11,13,15,18,20], 
       [6,8,10,16,20,22,24], 
       [4,5,7,10,14], 
       [4,5,9,11,12,14,16,23], 
       [1,2,3,6,9,18,19], 
       [0,5,6,9,19,20], 
       [5,20,22,23,24], 
       [1,3,8,15,17,20,22,23], 
       [0,1,12,13,17,22], 
       [14,20,21,24], 
       [6,10,11,13,15,19], 
       [5,8,19,24], 
       [2,3,4,9,14,17]
     ], 
     "times": {
       "BestFusion": 0.02, 
       "FirstFit": 0.02, 
       "GeneticGroup": 29.14, 
       "GeneticStandard": 2.44, 
       "OverloadAndRemove": 0.17, 
       "OverloadAndRemovePresort": 0.16
     }
   }, 
   {
     "approximation": "GeneticGroup [2014-10-29 13:37:37]", 
     "avgMultiplicity": 12.64, 
     "capacity": 15, 
     "category": "gauss", 
     "lowerBound": 2, 
     "pageCount": 15, 
     "pages": [
       [2,3,4,6,7,8,9,10,12,13,14,18,20,23,24], 
       [0,1,3,4,5,6,7,8,11,16,17,19,20,21,22], 
       [1,2,4,6,7,8,9,10,11,12,14,15,21,22,24], 
       [0,1,2,3,8,9,10,11,16,17,19,20,22,24], 
       [1,4,5,7,8,9,10,11,15,16,18,21,22,23,24], 
       [0,2,3,4,5,6,7,9,10,13,16,19,20,21,23], 
       [0,2,3,5,6,8,9,11,15,17,18,19,20,22,24], 
       [0,1,2,4,5,6,7,8,9,10,11,14,18,20,24], 
       [0,1,3,4,6,8,11,12,13,14,15,16,17,19,24], 
       [0,2,5,6,7,9,12,13,14,15,16,17,18,20,23], 
       [4,5,6,8,10,11,12,14,16,18,19,21,22,23,24], 
       [1,2,4,5,6,8,9,14,16,17,18,20,22,23,24], 
       [0,3,4,6,7,8,9,10,12,13,14,15,16,20,21], 
       [0,1,2,6,8,9,13,14,15,16,17,21,22,23,24], 
       [1,3,9,12,14,15,20,21]
     ], 
     "paginations": [
       [1,7,26], 
       [27,0], 
       [12,14], 
       [25,2], 
       [28,29], 
       [3,22], 
       [23,17], 
       [9,5], 
       [15,6], 
       [16,10], 
       [11,21], 
       [18,4], 
       [8,13], 
       [19,20], 
       [24]
     ], 
     "properSymbolCount": 0, 
     "solvers": {
       "BestFusion": 17, 
       "FirstFit": 17, 
       "GeneticGroup": 15, 
       "GeneticStandard": 16, 
       "OverloadAndRemove": 16, 
       "OverloadAndRemovePresort": 16
     }, 
     "symbolCount": 25, 
     "symbols": [0,1,2,3,4,5,6,7,8,9,10,11,12,13,14,15,16,17,18,19,20,21,22,23,24], 
     "tileCount": 30, 
     "tileMaxSize": 13, 
     "tileMinSize": 8, 
     "tiles": [
       [0,4,5,7,8,11,17,19,20,21,22], 
       [2,3,4,6,8,9,10,18,20,23], 
       [0,1,3,8,9,10,11,16,17,20,24], 
       [0,2,3,7,9,10,13,16,19,21,23], 
       [1,4,6,8,16,18,20,22,23,24], 
       [1,2,5,6,7,8,9,10,11,14,18,20], 
       [0,1,3,4,8,11,12,14,15,16,17,19], 
       [2,3,4,9,10,12,13,14,20,24], 
       [3,6,7,9,10,12,13,15,16,20,21], 
       [0,2,4,5,6,7,9,11,14,24], 
       [0,2,5,6,7,9,12,14,15,16,18,20], 
       [5,6,8,10,11,12,18,21,22,23,24], 
       [2,6,7,8,9,10,11,12,14,15,21,22,24], 
       [0,4,7,8,9,10,12,13,14,15], 
       [1,4,6,7,9,12,15,21,22,24], 
       [0,1,3,4,6,8,12,13,14,24], 
       [7,9,12,13,14,17,18,20,23], 
       [3,5,6,9,11,18,19,20,22,24], 
       [1,2,5,8,9,14,16,17,20,23,24], 
       [0,1,6,9,15,16,17,21,23], 
       [2,8,9,13,14,17,21,22,23,24], 
       [4,5,6,8,12,14,16,19,21,22,23,24], 
       [2,3,4,5,6,7,10,13,19,20,21], 
       [0,2,3,5,6,8,15,17,18,19], 
       [1,3,9,12,14,15,20,21], 
       [0,2,9,10,11,16,17,19,20,22,24], 
       [4,7,8,12,14,18,20,23,24], 
       [1,3,4,6,7,8,16,17,22], 
       [1,4,7,8,9,10,11,15,16,18,22,23], 
       [4,5,8,9,15,16,18,21,22,23,24]
     ], 
     "times": {
       "BestFusion": 0.02, 
       "FirstFit": 0.02, 
       "GeneticGroup": 37.23, 
       "GeneticStandard": 2.9, 
       "OverloadAndRemove": 0.29, 
       "OverloadAndRemovePresort": 0.28
     }
   }, 
   {
     "approximation": "OverloadAndRemovePresort [2014-10-28 13:10:00]", 
     "avgMultiplicity": 3.4, 
     "capacity": 15, 
     "category": "gauss", 
     "lowerBound": 2, 
     "pageCount": 3, 
     "pages": [
       [0,3,6,7,8,9,10,14,15,18,19,21,22,23,24], 
       [0,1,2,4,5,8,9,10,12,13,16,17,22,23,24], 
       [1,3,5,6,11,15,16,17,18,20,21,23,24]
     ], 
     "paginations": [
       [2,14,5,6,7,9,13,15,16,19,27,3,10,22], 
       [4,8,18,23,1,17,20,12], 
       [24,0,21,26,11,25,28,29]
     ], 
     "properSymbolCount": 2, 
     "solvers": {
       "BestFusion": 3, 
       "FirstFit": 4, 
       "GeneticGroup": 3, 
       "GeneticStandard": 3, 
       "OverloadAndRemove": 3, 
       "OverloadAndRemovePresort": 3
     }, 
     "symbolCount": 25, 
     "symbols": [0,1,2,3,4,5,6,7,8,9,10,11,12,13,14,15,16,17,18,19,20,21,22,23,24], 
     "tileCount": 30, 
     "tileMaxSize": 5, 
     "tileMinSize": 2, 
     "tiles": [
       [6,16,18,20,24], 
       [2,13,23], 
       [3,6,9,23], 
       [10,19], 
       [4,8,17,22], 
       [6,15,19], 
       [8,9,24], 
       [3,8,19], 
       [4,5], 
       [8,9,14], 
       [9,19], 
       [20,21], 
       [1,9,12], 
       [0,15,24], 
       [6,7,21,24], 
       [15,19,21], 
       [8,15,22], 
       [0,2,24], 
       [2,4], 
       [6,15,23], 
       [1,16], 
       [11,15,17], 
       [18,19], 
       [5,10,12,24], 
       [1,11], 
       [5,18], 
       [5,11,21], 
       [7,8,23], 
       [3,20], 
       [20,23]
     ], 
     "times": {
       "BestFusion": 0.03, 
       "FirstFit": 0.02, 
       "GeneticGroup": 14.79, 
       "GeneticStandard": 2.19, 
       "OverloadAndRemove": 0.05, 
       "OverloadAndRemovePresort": 0.06
     }
   }, 
   {
     "approximation": "GeneticGroup [2014-10-29 13:37:37]", 
     "avgMultiplicity": 7.88, 
     "capacity": 15, 
     "category": "gauss", 
     "lowerBound": 2, 
     "pageCount": 7, 
     "pages": [
       [0,2,3,4,5,7,8,10,13,14,17,19,21,22,23], 
       [1,3,4,5,6,7,10,16,17,18,19,20,22,23,24], 
       [0,1,2,4,6,11,12,13,14,15,16,17,21,23,24], 
       [1,3,6,7,8,9,12,15,17,18,19,20,21,22,23], 
       [0,1,2,3,4,5,9,10,12,13,14,18,19,21,23], 
       [4,5,6,9,10,12,13,14,15,16,17,18,20,22,24], 
       [3,4,5,7,8,9,11,15,16,18,21]
     ], 
     "paginations": [
       [15,17,2,14,18], 
       [11,26,12,22,27], 
       [4,29,23,0], 
       [28,5,1,13,6], 
       [16,19,20,25], 
       [21,8,9,7,10], 
       [24,3]
     ], 
     "properSymbolCount": 0, 
     "solvers": {
       "BestFusion": 9, 
       "FirstFit": 9, 
       "GeneticGroup": 7, 
       "GeneticStandard": 8, 
       "OverloadAndRemove": 8, 
       "OverloadAndRemovePresort": 9
     }, 
     "symbolCount": 25, 
     "symbols": [0,1,2,3,4,5,6,7,8,9,10,11,12,13,14,15,16,17,18,19,20,21,22,23,24], 
     "tileCount": 30, 
     "tileMaxSize": 10, 
     "tileMinSize": 4, 
     "tiles": [
       [12,14,15,16,21,24], 
       [3,7,18,19,20,21,22], 
       [0,4,5,7,10,13], 
       [3,5,11,15,18], 
       [0,12,13,15,16,17,21,23], 
       [3,6,7,8,12,15,18,20], 
       [8,9,12,19,22], 
       [5,9,16,18,20], 
       [9,10,12,15,18,20,24], 
       [12,13,14,15,18,20,22], 
       [4,6,14,15,18], 
       [1,3,4,5,10,16,17,18,22,24], 
       [4,10,19,20,23,24], 
       [8,12,18,20,22,23], 
       [2,3,8,10,14,22,23], 
       [0,2,3,7,13,17,22], 
       [0,1,3,9,10,14,19], 
       [2,4,7,8,10,17,19,21], 
       [0,5,14,17], 
       [2,4,5,9,13,18,23], 
       [0,3,5,10,12,18,21], 
       [5,6,13,16,17,22,24], 
       [3,6,7,16,20,23], 
       [1,6,14,16,21,23], 
       [4,7,8,9,16,21], 
       [1,2,4,9,21,23], 
       [1,4,7,22,23,24], 
       [3,5,10,17,18,19,23], 
       [1,3,15,17,19,21,22,23], 
       [1,2,4,11,16,17,24]
     ], 
     "times": {
       "BestFusion": 0.02, 
       "FirstFit": 0.02, 
       "GeneticGroup": 29.26, 
       "GeneticStandard": 2.39, 
       "OverloadAndRemove": 0.15, 
       "OverloadAndRemovePresort": 0.15
     }
   }, 
   {
     "approximation": "GeneticGroup [2014-10-29 13:37:37]", 
     "avgMultiplicity": 12.88, 
     "capacity": 15, 
     "category": "gauss", 
     "lowerBound": 2, 
     "pageCount": 15, 
     "pages": [
       [1,2,4,5,6,10,11,13,14,15,17,18,19,23,24], 
       [0,3,4,5,6,8,9,10,11,14,15,16,19,23,24], 
       [1,2,7,8,10,11,12,13,15,17,18,19,20,21,24], 
       [0,1,3,4,7,8,11,13,14,15,18,19,20,21,23], 
       [0,1,2,3,5,7,10,11,14,15,16,17,19,20,23], 
       [0,2,3,4,6,8,11,13,14,15,17,19,21,22,23], 
       [1,2,3,5,6,9,10,12,13,16,17,18,20,22,23], 
       [2,5,6,7,8,9,12,13,14,15,16,17,20,21,22], 
       [1,9,10,11,12,13,14,15,16,17,18,19,21,23,24], 
       [1,2,3,6,8,9,10,12,13,14,16,18,19,21,24], 
       [0,1,3,4,5,7,10,11,12,14,16,17,19,22,23], 
       [0,1,3,4,5,7,8,9,15,16,18,22,23,24], 
       [0,2,3,4,7,8,10,11,12,13,14,15,16,19,23], 
       [3,5,6,7,8,11,12,13,15,16,18,19,20,21,22], 
       [0,3,4,6,8,9,18,21,22]
     ], 
     "paginations": [
       [8,10,18], 
       [16,20], 
       [7,1], 
       [14,3], 
       [9,23], 
       [27,22], 
       [4,5], 
       [25,29], 
       [19,13], 
       [6,2], 
       [15,0], 
       [17,11], 
       [24,21], 
       [26,12], 
       [28]
     ], 
     "properSymbolCount": 0, 
     "solvers": {
       "BestFusion": 17, 
       "FirstFit": 18, 
       "GeneticGroup": 15, 
       "GeneticStandard": 16, 
       "OverloadAndRemove": 19, 
       "OverloadAndRemovePresort": 19
     }, 
     "symbolCount": 25, 
     "symbols": [0,1,2,3,4,5,6,7,8,9,10,11,12,13,14,15,16,17,18,19,20,21,22,23,24], 
     "tileCount": 30, 
     "tileMaxSize": 13, 
     "tileMinSize": 8, 
     "tiles": [
       [1,3,4,5,10,14,16,17,19,22], 
       [1,2,8,11,12,15,18,19,20,24], 
       [1,2,3,6,9,10,14,19,21,24], 
       [1,3,4,7,8,11,13,14,19,20,21], 
       [1,2,3,5,6,9,12,13,16,17,20,22], 
       [1,2,6,9,10,12,18,23], 
       [2,6,8,9,10,12,13,14,16,18,19,24], 
       [7,8,10,11,13,17,18,19,20,21], 
       [1,2,5,6,10,11,14,15,19,23,24], 
       [0,1,2,5,7,10,11,14,15,16,17,19,20], 
       [1,4,10,11,13,14,15,17,18], 
       [0,1,3,4,5,9,15,18,22,24], 
       [3,6,8,11,12,18,19,20,21,22], 
       [1,9,10,11,12,13,15,16,21,23,24], 
       [0,1,7,8,11,13,14,15,18,19,20,21,23], 
       [0,1,4,5,7,10,11,12,17,22,23], 
       [0,3,5,8,10,11,14,16,19,24], 
       [0,1,4,7,8,9,15,16,18,22,23], 
       [1,2,4,6,10,11,14,15,17,18,24], 
       [9,10,12,13,14,15,17,18,19,21,23,24], 
       [0,4,6,8,9,11,14,15,16,23,24], 
       [0,2,3,8,10,11,12,16,23], 
       [0,3,4,6,8,11,14,15,17,22,23], 
       [0,1,3,5,14,15,16,17,19,23], 
       [2,4,7,10,12,13,14,15,16,19,23], 
       [2,6,7,8,9,13,14,16,17,20,21,22], 
       [5,6,7,12,13,15,16,18,19,20,22], 
       [0,2,3,4,6,13,14,17,19,21,22,23], 
       [0,3,4,6,8,9,18,21,22], 
       [2,5,6,7,8,12,14,15,16,17,21]
     ], 
     "times": {
       "BestFusion": 0.02, 
       "FirstFit": 0.02, 
       "GeneticGroup": 38.5, 
       "GeneticStandard": 2.88, 
       "OverloadAndRemove": 0.32, 
       "OverloadAndRemovePresort": 0.34
     }
   }
 ]