[
   {
     "approximation": "OverloadAndRemove [2014-10-28 13:28:12]", 
     "avgMultiplicity": 5.6, 
     "capacity": 15, 
     "category": "gauss", 
     "lowerBound": 4, 
     "pageCount": 10, 
     "pages": [
       [4,8,9,11,12,14,15,16,22,25,28,31,33,42,45], 
       [0,4,5,9,13,19,20,29,35,37,38,39,40,43,47], 
       [5,16,23,24,30,32,33,34,37,39,42,43,44,45,48], 
       [3,6,12,13,18,21,23,24,27,32,34,36,40,42,44], 
       [1,6,10,14,17,21,24,27,31,33,37,40,43,45,46], 
       [2,6,11,17,18,22,25,29,30,32,34,35,37,46,49], 
       [2,6,8,9,10,11,12,13,19,24,26,28,41,44,47], 
       [0,1,4,8,17,26,27,28,35,38,41,42,44,47,48], 
       [1,3,4,5,9,16,19,22,26,29,34,38,41,47,49], 
       [1,5,7,8,10,11,13,17,21,22,28,38,40,45,49]
     ], 
     "paginations": [
       [4,7,8,9,12,22,32,62,63,65,67,79,53], 
       [1,17,18,26,35,42,55,57,90,95,98,11,44,14,69], 
       [2,40,50,13,70,97,39,99,92,80], 
       [21,28,29,37,47,52,59,76,77,82,74,58,41], 
       [10,34,81,94,15,19,56,86,91,23,5,61], 
       [93,16,45,84,89,51,6,71,60,54,73,72], 
       [43,83,49,31,24,0,85,36], 
       [30,27,78,96,46,88], 
       [20,68,48,3,75,64], 
       [38,25,66,33,87]
     ], 
     "properSymbolCount": 0, 
     "solvers": {
       "BestFusion": 11, 
       "FirstFit": 14, 
       "GeneticGroup": 10, 
       "GeneticStandard": 12, 
       "OverloadAndRemove": 10, 
       "OverloadAndRemovePresort": 10
     }, 
     "symbolCount": 50, 
     "symbols": [0,1,2,3,4,5,6,7,8,9,10,11,12,13,14,15,16,17,18,19,20,21,22,23,24,25,26,27,28,29,30,31,32,33,34,35,36,37,38,39,40,41,42,43,44,45,46,47,48,49], 
     "tileCount": 100, 
     "tileMaxSize": 5, 
     "tileMinSize": 2, 
     "tiles": [
       [2,8], 
       [13,47], 
       [27,36], 
       [4,12], 
       [13,20,37], 
       [45,46], 
       [6,10,26,28,44], 
       [1,40], 
       [33,46], 
       [0,17,47,48], 
       [11,28,41,44], 
       [16,45], 
       [12,45], 
       [2,12,26], 
       [7,8,11,22,40], 
       [42,48], 
       [23,32], 
       [3,26,29,41], 
       [4,47], 
       [8,15], 
       [12,21], 
       [23,37], 
       [6,22], 
       [12,27], 
       [5,20,35], 
       [18,27], 
       [16,24,39], 
       [8,11,14], 
       [9,12], 
       [24,27], 
       [19,38,40], 
       [10,13,41], 
       [1,26,38], 
       [18,24], 
       [25,30], 
       [0,4,42,44], 
       [14,46], 
       [20,47], 
       [20,29,39], 
       [12,36,44], 
       [3,6,40,42], 
       [23,43,48], 
       [0,9], 
       [5,30], 
       [5,33], 
       [4,16,31], 
       [1,19,47], 
       [5,9,41], 
       [4,19,37], 
       [0,20], 
       [1,43,45], 
       [18,42], 
       [29,49], 
       [12,14,16,25,28], 
       [3,4,34,49], 
       [35,40], 
       [11,18,30,34], 
       [6,9,24,28], 
       [37,42], 
       [11,12,15,31], 
       [7,11,38,45,49], 
       [9,19,26], 
       [17,49], 
       [37,43,47], 
       [22,25,49], 
       [24,31], 
       [22,41], 
       [20,35,38], 
       [28,35,44,48], 
       [2,25,34,35,49], 
       [1,14], 
       [25,32,35], 
       [31,46], 
       [18,35,46], 
       [3,12,32,40], 
       [27,46], 
       [29,34,37], 
       [11,37], 
       [11,25,35], 
       [0,35,39], 
       [1,4,16,29,38], 
       [15,42], 
       [3,13,36], 
       [9,38,47], 
       [6,21,46], 
       [5,10,13,49], 
       [34,39,45], 
       [0,8,41], 
       [17,27,47], 
       [10,31,45], 
       [21,34,40], 
       [23,27], 
       [16,22,42], 
       [1,7,21,28], 
       [15,31,33], 
       [41,47], 
       [17,37], 
       [14,42], 
       [7,10,17], 
       [39,44]
     ], 
     "times": {
       "BestFusion": 0.12, 
       "FirstFit": 0.08, 
       "GeneticGroup": 74.07, 
       "GeneticStandard": 6.54, 
       "OverloadAndRemove": 0.45, 
       "OverloadAndRemovePresort": 0.53
     }
   }, 
   {
     "approximation": "OverloadAndRemovePresort [2014-10-28 14:06:29]", 
     "avgMultiplicity": 12.8, 
     "capacity": 15, 
     "category": "gauss", 
     "lowerBound": 4, 
     "pageCount": 28, 
     "pages": [
       [2,9,11,13,15,17,22,24,25,26,27,37,43,44,48], 
       [4,13,18,22,23,25,26,27,29,30,31,35,39,43,47], 
       [3,5,6,9,10,13,17,29,32,33,36,38,42,45,48], 
       [9,13,14,15,19,20,21,25,28,29,30,33,39,40,46], 
       [4,5,8,9,15,17,18,25,26,27,28,35,43,48,49], 
       [1,2,6,8,11,12,15,17,19,24,27,32,35,39], 
       [4,11,14,18,20,22,24,25,29,37,38,44,46,47,49], 
       [2,4,10,12,13,21,22,27,29,33,36,37,38,42,43], 
       [0,3,6,9,10,23,24,25,27,28,32,33,35,41], 
       [0,3,5,7,9,16,18,20,27,35,38,39,45,48], 
       [3,4,6,15,16,28,32,33,35,37,38,39,47], 
       [1,2,12,17,18,21,25,26,30,31,33,35,41,48,49], 
       [0,2,4,18,19,21,32,34,36,37,40,42,43,44], 
       [6,8,9,13,15,16,23,24,29,30,32,34,41,42,44], 
       [1,2,4,10,14,19,23,27,30,32,36,43,47,48], 
       [0,3,8,11,12,15,18,23,26,27,29,35,37,41,44], 
       [1,5,9,14,17,21,33,35,36,38,39,40,48,49], 
       [0,7,15,17,20,22,23,26,28,31,42,43,44,46,47], 
       [2,6,8,9,16,17,18,26,29,30,39,43,47,48,49], 
       [3,5,9,12,19,21,23,28,39,40,44,45,46], 
       [1,4,5,13,17,27,28,33,34,35,37,38,39,43,46], 
       [1,2,7,19,21,30,31,32,34,35,38,40,42,43,46], 
       [0,3,6,11,13,20,21,22,27,28,35,36,41,42,48], 
       [8,9,10,21,22,28,31,37,39,43,47,48], 
       [10,11,13,16,17,20,24,25,27,28,31,41,44,47,48], 
       [0,2,4,5,7,11,15,23,25,27,32,34,39,45,47], 
       [0,2,3,4,8,12,14,16,17,25,40,42,46,47], 
       [3,4,6,8,9,12,22,25,27,31,33,34,38,39,40]
     ], 
     "paginations": [
       [1,82,7,54,92], 
       [15,24,86,78], 
       [36,22,46,89], 
       [17,95,52,29,27], 
       [9,75,13,64,94], 
       [91,14,68,56], 
       [26,58,71,12,76], 
       [79,2,77,74], 
       [34,45,63,85], 
       [97,51,55], 
       [65,31,57], 
       [84,19,73,61], 
       [50,37,8], 
       [38,49,96,11], 
       [16,72,90,69], 
       [42,47,66,10], 
       [87,0,70], 
       [60,41,48], 
       [88,40,62,44], 
       [53,4,35], 
       [39,99,59], 
       [28,93,83], 
       [5,80,20], 
       [6,98], 
       [21,67,3], 
       [30,25,43,33], 
       [32,23], 
       [18,81]
     ], 
     "properSymbolCount": 0, 
     "solvers": {
       "BestFusion": 34, 
       "FirstFit": 35, 
       "GeneticGroup": 29, 
       "GeneticStandard": 34, 
       "OverloadAndRemove": 29, 
       "OverloadAndRemovePresort": 28
     }, 
     "symbolCount": 50, 
     "symbols": [0,1,2,3,4,5,6,7,8,9,10,11,12,13,14,15,16,17,18,19,20,21,22,23,24,25,26,27,28,29,30,31,32,33,34,35,36,37,38,39,40,41,42,43,44,45,46,47,48,49], 
     "tileCount": 100, 
     "tileMaxSize": 10, 
     "tileMinSize": 4, 
     "tiles": [
       [1,5,17,33,36,39,40,48], 
       [9,11,13,24,44,48], 
       [2,10,12,21,27,29,42], 
       [17,24,25,27,28,41,44,47], 
       [9,19,21,23,40,44,45], 
       [0,11,13,22,41,42,48], 
       [8,9,22,28,31,39,43,48], 
       [2,11,17,22,24,26,27], 
       [0,19,34,36,37,42], 
       [5,26,27,43,49], 
       [3,26,27,35,44], 
       [16,23,42,44], 
       [11,14,20,29,44,49], 
       [5,8,25,35,43,48], 
       [6,8,11,15,19,24,32], 
       [4,22,23,26,29,35,39], 
       [1,2,14,36,48], 
       [14,15,19,20,21,40], 
       [3,4,22,25,31,33,34,38,39,40], 
       [1,17,25,26,30,31,35], 
       [6,20,22,27,28,35,36], 
       [10,11,13,16,20,25], 
       [3,13,17,29,36,42,48], 
       [0,3,16,25,42,46,47], 
       [13,22,23,29,31,39,47], 
       [2,7,23,32,39,45], 
       [4,18,37,44,46], 
       [13,14,15,28,29,46], 
       [1,30,32,34,40,43,46], 
       [13,15,25,33,39], 
       [0,5,23,34,45,47], 
       [4,32,33,35,37,38,39], 
       [2,4,8,12,14,17,40,46], 
       [2,4,5,11,15,34,39], 
       [0,6,24,32,41], 
       [3,12,28,39,40,44,45], 
       [6,10,13,32,33,36,45,48], 
       [2,4,18,19,21,40,42,44], 
       [6,8,9,24,30,34,41], 
       [13,27,37,38,39,43,46], 
       [9,17,26,29,47], 
       [0,7,15,17,20,23,26,43], 
       [0,3,15,18,23], 
       [2,7,23,25,27,47], 
       [2,6,8,39,43,48], 
       [3,9,24,28,32,35], 
       [6,9,17,32,45,48], 
       [0,8,11,15,23,29,35,37], 
       [22,26,28,42,43,47], 
       [6,9,13,15,24,42,44], 
       [0,2,4,32,34,40,42,43,44], 
       [0,3,7,16,18,27,38,45,48], 
       [9,19,25,28,39,46], 
       [3,5,19,39,44,46], 
       [9,11,15,22,25,44,48], 
       [0,3,5,9,20,35,39], 
       [1,6,11,17,35,39], 
       [3,6,15,16,32,35,39], 
       [4,38,44,46,49], 
       [1,4,13,27,34,35], 
       [7,20,22,23,31,44,46], 
       [21,25,26,30,49], 
       [6,16,18,26,49], 
       [10,23,24,32,35], 
       [4,25,26,27,28,43], 
       [3,4,28,33,47], 
       [0,8,12,29,37,41], 
       [13,16,17,24,27,31,48], 
       [6,12,15,17,24,27,32], 
       [10,19,30,32,36,47], 
       [1,9,14,21,35,39], 
       [22,24,29,46], 
       [1,4,23,27,30,36,43,47], 
       [17,18,30,31,33,48], 
       [4,13,21,22,29,37,43], 
       [8,18,26,27,48], 
       [11,14,25,38,46,47], 
       [2,4,12,13,22,27,36], 
       [18,23,25,35,39], 
       [10,13,21,33,38,42], 
       [0,3,21,22,27,28,42], 
       [6,8,9,12,27,31,38,40], 
       [9,17,22,43,48], 
       [7,19,21,30,34,38,40], 
       [2,12,18,26,31,41], 
       [0,25,27,28,32,33,41], 
       [22,27,30,35,39,43,47], 
       [5,9,36,38,48,49], 
       [16,29,30,47,48], 
       [5,29,32,38,42,45], 
       [14,19,27,30,43,47], 
       [2,6,11,24], 
       [17,22,26,27,37], 
       [1,2,7,31,34,35,42], 
       [8,9,15,17,26,27], 
       [9,14,15,21,25,30,46], 
       [15,24,29,32,34,44], 
       [5,7,16,18,20,27], 
       [9,10,21,28,37,43,47], 
       [5,13,17,28,33,34,37]
     ], 
     "times": {
       "BestFusion": 0.09, 
       "FirstFit": 0.06, 
       "GeneticGroup": 96.35, 
       "GeneticStandard": 7.18, 
       "OverloadAndRemove": 1.98, 
       "OverloadAndRemovePresort": 2.1
     }
   }, 
   {
     "approximation": "GeneticGroup [2014-10-30 09:57:03]", 
     "avgMultiplicity": 5.62, 
     "capacity": 15, 
     "category": "gauss", 
     "lowerBound": 4, 
     "pageCount": 9, 
     "pages": [
       [12,18,20,24,28,34,36,38,40,41,42,44,45,48,49], 
       [4,6,8,13,20,23,24,25,26,28,31,33,37,43,47], 
       [3,4,8,10,11,15,17,21,31,35,36,37,40,41,47], 
       [1,9,12,14,19,22,27,28,31,32,33,34,38,44,47], 
       [0,4,6,8,12,16,18,19,26,37,38,41,42,46,47], 
       [1,2,3,6,11,13,15,16,20,21,23,32,34,36,37], 
       [2,5,7,9,13,19,20,23,27,28,30,35,42,45,48], 
       [0,1,4,7,9,12,17,22,29,30,33,39,40,43,48], 
       [0,5,8,11,14,15,21,25,26,30,32,37,39,43,44]
     ], 
     "paginations": [
       [18,49,43,99,42,68,24,69,20,27,37,33,89,48,63], 
       [94,87,32,13,14,26,19,82,96,16,70], 
       [17,39,8,73,58,4,45,9,52,30,64,6], 
       [47,25,50,98,29,7,90,85,62,97,84,56], 
       [92,12,3,51,2,10,74,60,79,11,22,0], 
       [59,77,67,78,81,44,66,55,83,95], 
       [38,61,65,88,21,40], 
       [41,54,75,34,1,76,35,93,28,31,15], 
       [23,36,57,72,5,53,71,46,86,80,91]
     ], 
     "properSymbolCount": 0, 
     "solvers": {
       "BestFusion": 11, 
       "FirstFit": 13, 
       "GeneticGroup": 9, 
       "GeneticStandard": 12, 
       "OverloadAndRemove": 10, 
       "OverloadAndRemovePresort": 10
     }, 
     "symbolCount": 50, 
     "symbols": [0,1,2,3,4,5,6,7,8,9,10,11,12,13,14,15,16,17,18,19,20,21,22,23,24,25,26,27,28,29,30,31,32,33,34,35,36,37,38,39,40,41,42,43,44,45,46,47,48,49], 
     "tileCount": 100, 
     "tileMaxSize": 5, 
     "tileMinSize": 2, 
     "tiles": [
       [26,37,38], 
       [0,22,30,40,48], 
       [16,26,37], 
       [16,18,46,47], 
       [31,41], 
       [21,43,44], 
       [8,41], 
       [1,19], 
       [10,17,21], 
       [15,40], 
       [12,19,41], 
       [16,26,41], 
       [16,18,26], 
       [8,24,28,31], 
       [4,25,26,33,37], 
       [7,29], 
       [28,47], 
       [8,10,11], 
       [28,36,40,42], 
       [20,24,28,37], 
       [18,20,48], 
       [13,19], 
       [0,8,38,46], 
       [0,8,11,21], 
       [36,48], 
       [14,22,47], 
       [20,25,43], 
       [38,42,44], 
       [22,43], 
       [14,19,31], 
       [4,21], 
       [17,48], 
       [13,28,43], 
       [12,24], 
       [4,7], 
       [22,33,48], 
       [0,25,26,44], 
       [12,36,38], 
       [5,9], 
       [3,35], 
       [19,27,28,35,42], 
       [12,39,40], 
       [18,24], 
       [12,34], 
       [23,34], 
       [15,37,47], 
       [39,44], 
       [12,22,28,38], 
       [41,44], 
       [28,45,49], 
       [1,44], 
       [12,26,42], 
       [15,17,31], 
       [15,30,44], 
       [4,39], 
       [32,36], 
       [28,32,38], 
       [5,30,39,43], 
       [3,10], 
       [6,21,34], 
       [0,4], 
       [2,48], 
       [14,22,31], 
       [12,18,42], 
       [4,15], 
       [7,20,23,30,45], 
       [3,6], 
       [11,13,15,36], 
       [42,45], 
       [40,42,48,49], 
       [28,33], 
       [11,39], 
       [8,30,32,37], 
       [15,35,36], 
       [0,16,19], 
       [9,40], 
       [1,7,12], 
       [6,11,36], 
       [1,3,32], 
       [4,12,41], 
       [5,14], 
       [16,36,37], 
       [6,23,28], 
       [2,21,32], 
       [22,27,32,34], 
       [9,27], 
       [5,44], 
       [28,31,37], 
       [27,48], 
       [34,36], 
       [9,14,33], 
       [37,44], 
       [6,18], 
       [9,17,29,43], 
       [13,24,47], 
       [16,20,21], 
       [6,20,26], 
       [27,31], 
       [12,32,44], 
       [44,45]
     ], 
     "times": {
       "BestFusion": 0.11, 
       "FirstFit": 0.05, 
       "GeneticGroup": 73.37, 
       "GeneticStandard": 6.24, 
       "OverloadAndRemove": 0.52, 
       "OverloadAndRemovePresort": 0.53
     }
   }, 
   {
     "approximation": "OverloadAndRemove [2014-10-28 14:06:29]", 
     "avgMultiplicity": 13.02, 
     "capacity": 15, 
     "category": "gauss", 
     "lowerBound": 4, 
     "pageCount": 30, 
     "pages": [
       [2,7,8,16,20,22,24,28,30,34,37,45,48,49], 
       [1,4,6,12,13,22,25,29,31,34,35,42,44,45,46], 
       [9,10,11,15,19,24,25,27,36,38,40,42,46,47,49], 
       [0,1,4,9,11,21,26,27,35,38,39,45,48,49], 
       [0,2,12,14,17,18,22,23,31,32,33,36,38,48], 
       [1,8,9,10,15,16,17,29,30,31,34,38,43,49], 
       [0,2,3,12,17,21,27,28,29,35,38,40,45,46,47], 
       [0,2,4,6,8,11,13,14,15,18,34,36,38,41,42], 
       [4,5,7,10,16,18,23,32,34,37,39,46,49], 
       [0,4,5,12,14,16,27,30,32,33,40,42,43,48], 
       [1,3,6,8,13,15,25,26,28,30,32,41,45,49], 
       [6,15,17,22,23,25,28,33,35,38,40,42,44,46,48], 
       [3,9,11,16,18,19,20,26,29,30,31,37,39,46,47], 
       [9,14,16,17,19,21,24,25,37,39,42,43,44,46,48], 
       [0,1,7,10,14,15,29,32,35,37,39,40,41,42,43], 
       [0,3,13,15,21,24,26,29,30,38,40,42,44,47], 
       [8,11,13,14,17,19,22,24,25,27,35,37,41,48,49], 
       [1,3,8,10,18,20,22,24,25,30,35,38,42,45,48], 
       [6,8,11,12,15,18,19,21,22,29,33,42,43,45,47], 
       [4,7,11,16,17,21,23,25,26,28,31,35,44,46], 
       [1,2,8,14,25,29,31,37,38,44,45,48,49], 
       [0,2,6,9,12,16,17,21,28,34,35,41,45,47,49], 
       [1,5,8,10,15,17,19,20,26,33,34,39,41,46,48], 
       [0,6,7,10,13,17,24,25,29,31,36,41,42,44,48], 
       [1,5,13,14,16,19,25,26,38,41,43,48], 
       [6,7,9,12,18,19,20,21,25,35,36,38,40,43], 
       [1,3,4,7,11,13,18,20,27,28,30,34,35,45,47], 
       [0,1,3,9,10,12,13,14,19,27,32,37,38,46,49], 
       [1,2,4,15,16,17,23,25,27,31,32,33,41,43,46], 
       [1,2,10,12,15,18,24,29,33]
     ], 
     "paginations": [
       [3,16,69], 
       [9,20,32,61], 
       [18,26,62,88,93], 
       [34,67,86,29], 
       [98,21,57,63], 
       [17,30,45,65], 
       [70,82,85,7], 
       [74,97,41,71], 
       [84,24,10], 
       [27,66,73,5], 
       [38,76,50,14], 
       [89,80,25,59], 
       [23,55,87,46], 
       [0,13,53], 
       [6,91,49,58], 
       [31,28,99,43], 
       [39,92,12,35], 
       [60,33,96,15], 
       [56,1,22,8], 
       [4,95,79], 
       [94,68,2], 
       [42,51,11], 
       [52,75,81], 
       [78,19,37], 
       [72,47], 
       [40,83], 
       [64,36], 
       [90,54], 
       [77,44], 
       [48]
     ], 
     "properSymbolCount": 0, 
     "solvers": {
       "BestFusion": 35, 
       "FirstFit": 38, 
       "GeneticGroup": 30, 
       "GeneticStandard": 36, 
       "OverloadAndRemove": 30, 
       "OverloadAndRemovePresort": 31
     }, 
     "symbolCount": 50, 
     "symbols": [0,1,2,3,4,5,6,7,8,9,10,11,12,13,14,15,16,17,18,19,20,21,22,23,24,25,26,27,28,29,30,31,32,33,34,35,36,37,38,39,40,41,42,43,44,45,46,47,48,49], 
     "tileCount": 100, 
     "tileMaxSize": 9, 
     "tileMinSize": 4, 
     "tiles": [
       [9,17,19,21,24,42,44], 
       [6,8,11,12,15,21,22], 
       [1,2,8,14,31,48,49], 
       [16,22,24,30,37,48,49], 
       [7,17,23,26,31,46], 
       [5,12,27,30,32,48], 
       [0,1,10,29,32,35,41], 
       [29,35,40,45,47], 
       [6,8,11,19,22,45], 
       [4,6,12,22,25,29,34,45], 
       [4,7,16,18,37,46,49], 
       [12,16,21,41,47,49], 
       [8,13,14,24,27,35,49], 
       [14,16,17,24,25,39,44,48], 
       [3,8,13,15,26,28], 
       [1,3,18,25,38,45], 
       [2,8,16,28,30,34,48], 
       [8,10,15,16,29,30,38,43], 
       [10,25,27,36,40,46], 
       [6,10,17,29,31,36,42], 
       [1,4,12,29,42,46], 
       [2,18,22,31,33,38], 
       [6,11,18,22,29], 
       [18,19,29,31,37,39,47], 
       [10,23,34,37,39,49], 
       [15,17,25,35,38,42,48], 
       [10,19,25,27,38,42,47], 
       [12,14,32,33,40,43,48], 
       [26,29,38,40,42,44,47], 
       [0,21,26,35,48], 
       [1,10,30,31,43], 
       [0,3,21,30,42,47], 
       [12,25,34,42,44], 
       [10,30,35,38,45,48], 
       [4,9,21,35,38,45], 
       [13,19,25,27,35,37,48], 
       [1,3,4,11,13,20,30,34,35], 
       [7,31,41,42,44,48], 
       [6,13,25,26,30,32], 
       [14,17,22,27,41,49], 
       [6,9,18,19,20,35,36,43], 
       [2,11,13,15,18,36], 
       [0,2,9,16,17,21,28,45], 
       [13,15,24,26,40,42], 
       [1,2,4,16,17,23,27,31,41], 
       [8,17,34,38,43], 
       [3,20,29,30], 
       [1,5,14,16,19,25,26,48], 
       [1,2,10,12,15,18,24,29,33], 
       [0,35,37,39,40,43], 
       [1,6,30,32,45,49], 
       [2,6,12,16,34,35], 
       [5,20,26,33,34,41,48], 
       [9,14,25,37,43,44,46,48], 
       [3,9,10,12,13,19,27,32,37], 
       [9,16,20,26,29,31,37], 
       [8,11,12,33,42,43,47], 
       [2,12,14,22,32,33], 
       [14,35,39,40,42], 
       [22,28,33,35,38,46], 
       [8,10,20,24,38], 
       [12,13,25,29,31,35,44], 
       [9,10,24,25,36,42,46], 
       [0,31,32,36,38,48], 
       [7,18,27,28,35,45,47], 
       [8,9,15,16,31,43,49], 
       [4,14,30,32,40,48], 
       [0,9,11,21,39,45], 
       [2,14,25,29,37,38,49], 
       [7,20,28,30,34,37,45], 
       [0,3,21,27,35,38,40,47], 
       [0,4,6,8,34,36,42], 
       [1,13,25,38,41,43,48], 
       [0,16,32,42,43], 
       [2,13,14,41,42], 
       [10,15,19,20,33,46], 
       [6,8,15,25,30,41], 
       [15,23,25,32,33,43,46], 
       [0,7,10,13,17,24,25,36], 
       [7,16,21,28,35,44], 
       [6,15,23,28,35,42], 
       [1,5,8,15,17,20,39], 
       [3,12,28,38,40,46,47], 
       [7,12,21,25,38,40], 
       [5,10,16,23,32,39,49], 
       [2,3,12,17,28,35,47], 
       [1,4,9,21,27,49], 
       [9,11,16,31,37,46,47], 
       [11,15,36,38,46], 
       [28,40,42,44,46,48], 
       [0,1,3,14,38,46,49], 
       [0,7,15,29,40,41], 
       [11,14,27,37,48,49], 
       [9,11,19,40,49], 
       [2,25,37,44,45,49], 
       [4,7,11,17,21,23,25,26,35], 
       [1,8,10,22,35,38,42], 
       [4,6,13,14,36,38], 
       [2,17,23,33,36], 
       [0,15,26,44,47]
     ], 
     "times": {
       "BestFusion": 0.08, 
       "FirstFit": 0.06, 
       "GeneticGroup": 96.96, 
       "GeneticStandard": 7.55, 
       "OverloadAndRemove": 2.18, 
       "OverloadAndRemovePresort": 2.18
     }
   }, 
   {
     "approximation": "OverloadAndRemove [2014-10-28 13:28:12]", 
     "avgMultiplicity": 5.8, 
     "capacity": 15, 
     "category": "gauss", 
     "lowerBound": 4, 
     "pageCount": 10, 
     "pages": [
       [0,8,9,13,16,21,26,29,30,38,43,44,47,48,49], 
       [4,5,6,16,17,27,33,36,37,39,41,42,45,47,49], 
       [3,6,10,13,17,19,21,25,26,28,31,32,34,38,41], 
       [1,3,4,5,7,9,16,22,26,28,29,33,42,45,46], 
       [1,2,5,8,9,11,15,23,24,25,26,31,32,36,46], 
       [0,14,15,21,22,23,24,27,29,32,40,41,43,47,48], 
       [1,5,7,14,16,18,20,28,33,34,35,38,40,43,47], 
       [1,7,9,10,11,17,18,23,26,32,39,44,45,46], 
       [1,8,12,13,14,15,19,22,34,38,39,40,43,47], 
       [2,4,7,8,10,15,18,24,28,31,35,42,49]
     ], 
     "paginations": [
       [0,28,37,62,58,43,46,68,83,88,63], 
       [1,3,56,71,79,64,91,41,87,45], 
       [2,5,10,12,15,39,52,54,55,80,38,27,99], 
       [4,13,19,22,47,85,92,97,29,21,33,84], 
       [6,20,32,81,94,95,11,61,50,70,72,16], 
       [7,8,17,25,30,31,34,36,65,67,76,78,90,93], 
       [9,14,23,24,26,44,48,59,73,75,53], 
       [86,74,51,96,57,60], 
       [42,69,77,98,18,49], 
       [66,35,82,40,89]
     ], 
     "properSymbolCount": 0, 
     "solvers": {
       "BestFusion": 11, 
       "FirstFit": 14, 
       "GeneticGroup": 10, 
       "GeneticStandard": 13, 
       "OverloadAndRemove": 10, 
       "OverloadAndRemovePresort": 11
     }, 
     "symbolCount": 50, 
     "symbols": [0,1,2,3,4,5,6,7,8,9,10,11,12,13,14,15,16,17,18,19,20,21,22,23,24,25,26,27,28,29,30,31,32,33,34,35,36,37,38,39,40,41,42,43,44,45,46,47,48,49], 
     "tileCount": 100, 
     "tileMaxSize": 5, 
     "tileMinSize": 2, 
     "tiles": [
       [10,11,17,23], 
       [4,26,28,29], 
       [0,26], 
       [5,16,33,38,43], 
       [25,41], 
       [22,32,47], 
       [0,16], 
       [31,41], 
       [4,17,27], 
       [33,40], 
       [21,49], 
       [28,34], 
       [27,36,37], 
       [19,25,32], 
       [8,23,31], 
       [21,44,48], 
       [7,38], 
       [3,29,45], 
       [12,40], 
       [16,29,42], 
       [0,23,32], 
       [14,24,40], 
       [8,13,47,48], 
       [27,29,40,43], 
       [1,3,4], 
       [5,37], 
       [12,43], 
       [0,40], 
       [4,5,29], 
       [13,25,38], 
       [17,34,38,41], 
       [24,28,35], 
       [5,9,11], 
       [12,22,38], 
       [0,15,23,27,43], 
       [13,26,30,38], 
       [22,23,29], 
       [14,20,28,33], 
       [7,33,35,47], 
       [1,10,18,46], 
       [17,25], 
       [5,8,24,26], 
       [21,41], 
       [9,43], 
       [15,24,46], 
       [1,9,23], 
       [37,42], 
       [36,39,41], 
       [4,37,47], 
       [3,7], 
       [5,20,40], 
       [3,42,45], 
       [21,23,43], 
       [10,15,49], 
       [2,11,25], 
       [14,41], 
       [35,40], 
       [3,19,21], 
       [8,13,29], 
       [27,45], 
       [3,46], 
       [2,23,24], 
       [26,31], 
       [5,23], 
       [7,26,32], 
       [6,32,34], 
       [1,22,29], 
       [13,14,15,34], 
       [5,6,49], 
       [8,10,35], 
       [15,32,41], 
       [8,12,39], 
       [1,5,35], 
       [11,15,36], 
       [5,16,39], 
       [9,32,39], 
       [7,14], 
       [7,18,20,34], 
       [2,4,7,18], 
       [2,31,42], 
       [9,25,36], 
       [30,48], 
       [1,19,47], 
       [29,32], 
       [11,32,44,45], 
       [1,29,33], 
       [4,22,28], 
       [18,39], 
       [41,43], 
       [5,34,43], 
       [10,25], 
       [8,15,36], 
       [0,15,24], 
       [10,28], 
       [43,44], 
       [3,9,22], 
       [24,40,47,48], 
       [9,13,30,49], 
       [6,27,33,39], 
       [1,9,32]
     ], 
     "times": {
       "BestFusion": 0.1, 
       "FirstFit": 0.05, 
       "GeneticGroup": 69.53, 
       "GeneticStandard": 6.21, 
       "OverloadAndRemove": 0.59, 
       "OverloadAndRemovePresort": 0.47
     }
   }, 
   {
     "approximation": "OverloadAndRemove [2014-10-28 14:06:29]", 
     "avgMultiplicity": 12.96, 
     "capacity": 15, 
     "category": "gauss", 
     "lowerBound": 4, 
     "pageCount": 30, 
     "pages": [
       [1,2,3,4,11,13,14,16,25,26,30,37,43,46,47], 
       [4,6,8,11,12,23,24,34,38,39,40,44,46,47,48], 
       [2,3,5,10,11,14,18,21,22,28,30,32,42,47,49], 
       [0,5,9,12,15,23,30,31,32,33,35,45,46,49], 
       [0,1,2,9,16,18,19,22,26,27,29,30,42,43], 
       [1,2,4,7,13,14,19,23,24,26,28,32,40,43,49], 
       [1,6,9,10,16,22,25,30,32,35,36,37,41,48], 
       [3,6,7,11,19,21,22,28,30,33,38,40,42,43,48], 
       [2,6,13,22,24,25,26,27,31,34,40,41,45,46,47], 
       [8,10,12,13,22,23,28,29,31,34,35,39,40,41,43], 
       [0,3,7,9,11,15,27,28,32,33,34,38,40,45,48], 
       [1,11,12,16,17,18,19,21,29,31,33,39,44,46,48], 
       [5,8,11,12,15,17,18,24,26,32,38,40,44,47,49], 
       [13,16,17,18,19,20,23,30,31,37,40,41,42,47,48], 
       [1,3,5,6,7,17,21,23,24,25,26,35,38,41,47], 
       [2,3,4,6,8,11,12,14,23,29,31,33,41,45], 
       [2,4,7,8,11,13,29,36,37,39,41,43,47], 
       [8,9,10,18,23,24,25,26,27,28,30,42,43,44,46], 
       [0,2,7,9,15,18,21,28,33,34,36,44,46,47,49], 
       [0,1,3,4,8,12,13,16,18,19,21,24,30,42,49], 
       [0,3,6,7,9,15,16,17,19,22,23,24,39,45,49], 
       [1,3,4,9,11,12,13,19,21,23,26,27,28,29,31], 
       [0,5,7,8,10,20,28,31,34,36,37,39,42,46], 
       [0,5,6,9,10,13,20,23,25,34,36,38,42,46,48], 
       [14,16,19,23,24,25,26,27,29,37,38,40,41,45], 
       [14,18,21,22,24,26,31,34,37,40,43,45,46], 
       [0,5,10,11,12,16,26,27,32,36,37,43,46], 
       [0,18,22,25,27,29,31,32,41,42,48], 
       [1,2,3,9,21,25,27,36,38,39,44,48], 
       [4,8,9,10,17,23,31,32,35,39,40,42,44,49]
     ], 
     "paginations": [
       [2,62,65,84,64], 
       [7,31,67,91,12], 
       [18,20,43,68,17], 
       [30,44,70,98,48], 
       [60,75,37], 
       [9,87,54,52], 
       [90,34,35,55], 
       [3,33,50,1], 
       [94,0,25,32], 
       [80,85,58,66], 
       [76,88,49,95], 
       [21,24,26,77], 
       [72,27,41,40], 
       [61,39,57,81], 
       [71,59,11,83], 
       [19,16,96], 
       [36,10], 
       [51,73,6,5], 
       [53,79,29], 
       [56,22,97], 
       [4,15,14], 
       [82,47,63], 
       [8,38], 
       [45,74], 
       [42,89], 
       [23,78], 
       [86,92], 
       [28,13], 
       [93,46], 
       [69,99]
     ], 
     "properSymbolCount": 0, 
     "solvers": {
       "BestFusion": 36, 
       "FirstFit": 36, 
       "GeneticGroup": 30, 
       "GeneticStandard": 35, 
       "OverloadAndRemove": 30, 
       "OverloadAndRemovePresort": 31
     }, 
     "symbolCount": 50, 
     "symbols": [0,1,2,3,4,5,6,7,8,9,10,11,12,13,14,15,16,17,18,19,20,21,22,23,24,25,26,27,28,29,30,31,32,33,34,35,36,37,38,39,40,41,42,43,44,45,46,47,48,49], 
     "tileCount": 100, 
     "tileMaxSize": 8, 
     "tileMinSize": 4, 
     "tiles": [
       [22,26,40,41,45,47], 
       [6,22,28,30,38,43], 
       [3,11,13,25,26], 
       [3,7,11,21,22,33], 
       [0,3,9,17,22,24,49], 
       [8,18,24,27,30,46], 
       [8,25,26,30,42,43,44], 
       [12,34,39,40,44,46,48], 
       [0,5,7,8,34,37,39], 
       [1,2,13,24,26,28], 
       [7,8,13,29,36,41,43,47], 
       [1,3,6,23,38,41], 
       [6,11,23,48], 
       [0,18,25,27,29,32,48], 
       [6,7,16,22,23,24,39], 
       [3,6,9,15,17,19,22,45], 
       [2,3,6,11,14,31,33,41], 
       [11,21,32,47], 
       [2,3,10,18,21,22,28], 
       [3,4,8,12,29,41], 
       [2,28,30,42,47], 
       [11,12,16,17,19,21,31,39], 
       [0,4,8,13,18,24,30,42], 
       [14,21,26,31,37,46], 
       [11,18,19,31,39,46], 
       [6,13,25,26,27,34,45], 
       [11,16,19,29,33,46,48], 
       [12,17,24,26,38,40,44,47], 
       [0,22,25,31,32,41,42], 
       [0,9,15,34,36,44,47], 
       [0,5,12,23,32,45,49], 
       [11,23,24,34,39,40,46], 
       [2,24,26,27,34,45,46], 
       [3,22,33,40,42,43,48], 
       [6,9,22,25,32,48], 
       [6,9,10,16,22,36,37,48], 
       [2,4,11,13,29,37,39], 
       [0,2,9,18,26,27,30], 
       [10,20,28,31,36,39,42,46], 
       [17,18,19,37,41,42,48], 
       [5,8,11,12,15,40], 
       [5,18,24,32,40,47], 
       [19,23,24,25,37,38,40], 
       [10,14,21,42,49], 
       [23,32,33,35,49], 
       [0,5,6,10,13,20,36,46], 
       [3,9,27,36,38,39,44], 
       [3,4,19,23,27,28,29], 
       [9,12,15,30,31,46,49], 
       [0,28,32,34,38,40], 
       [7,19,22,30,38,40,42], 
       [9,10,25,27,42,44], 
       [1,4,23,24,32,40,49], 
       [2,7,15,18,46,49], 
       [2,7,24,28,40], 
       [1,22,35,48], 
       [0,1,13,16,21,42], 
       [16,18,19,23,30,47], 
       [8,10,12,13,22,31,34], 
       [5,6,7,23,26,47], 
       [1,18,19,22,26,29,42], 
       [20,30,31,37,41], 
       [2,11,13,14,16,26,30], 
       [1,9,11,12,19,21,27,28], 
       [1,11,13,14,37,43,47], 
       [3,4,16,25,30,47], 
       [13,22,23,29,39,40], 
       [8,11,23,24,38], 
       [5,21,22,28], 
       [4,8,9,17,23,35,39,42], 
       [5,15,31,49], 
       [5,6,21,25,35,38], 
       [8,12,38,44,49], 
       [9,10,23,26,27,28,42,43], 
       [9,23,25,34,38,42,48], 
       [2,9,16,22,26,42,43], 
       [0,3,15,27,33,34], 
       [1,11,18,33,39,44], 
       [18,22,24,34,40,43,45,46], 
       [2,7,21,28,33,34,36], 
       [12,28,31,35,43], 
       [13,16,18,20,40,41,47,48], 
       [3,4,9,13,26,27,31], 
       [17,24,35,41,47], 
       [1,2,3,13,14,30,43,46], 
       [10,22,28,39,41,43], 
       [0,5,11,26,27,36,43,46], 
       [1,14,19,26,32,40,43], 
       [9,27,28,33,34,48], 
       [14,16,26,27,29,41,45], 
       [1,6,30,36,41], 
       [4,8,24,40,46,47,48], 
       [5,10,11,12,16,32,37], 
       [1,2,3,21,25,39,48], 
       [25,26,31,40,47], 
       [7,11,15,28,45,48], 
       [2,6,11,23,29,41,45], 
       [0,3,12,19,30,49], 
       [23,30,45,49], 
       [9,10,17,31,32,40,44,49]
     ], 
     "times": {
       "BestFusion": 0.07, 
       "FirstFit": 0.05, 
       "GeneticGroup": 88.56, 
       "GeneticStandard": 7.51, 
       "OverloadAndRemove": 1.92, 
       "OverloadAndRemovePresort": 1.95
     }
   }
 ]