[
   {
     "approximation": "OverloadAndRemove [2014-10-28 13:30:53]", 
     "avgMultiplicity": 5.05, 
     "capacity": 15, 
     "category": "gauss", 
     "lowerBound": 4, 
     "pageCount": 10, 
     "pages": [
       [0,4,10,11,13,14,20,21,24,28,33,40,44,51,53], 
       [2,3,7,13,21,23,25,33,34,37,40,42,43,45,51], 
       [3,6,8,12,18,22,26,27,28,35,44,45,46,49,52], 
       [4,8,11,14,18,20,29,31,32,37,38,39,41,50,54], 
       [1,10,15,16,19,20,27,31,33,35,37,41,43,48,50], 
       [7,8,10,11,12,13,14,15,24,28,36,39,43,47,48], 
       [1,5,8,9,11,14,17,25,28,30,37,45,46,47,53], 
       [2,5,12,15,16,18,26,30,32,34,41,49,52,54], 
       [0,4,14,21,23,28,33,35,40,41,42,50,52], 
       [1,6,15,18,24,25,27,29,31,37,45,47,51]
     ], 
     "paginations": [
       [4,19,28,36,48,62,63,75,80,51,5], 
       [1,11,13,17,18,20,34,44,46,52,77,78], 
       [2,9,25,35,38,42,57,73,74,88,15,21,33,59], 
       [8,23,89,32,39,41,56,58,68], 
       [6,7,26,47,65,79,92,40,30,93,22,43], 
       [69,10,71,54,3,49,87], 
       [45,37,50,16,60,53,76,82,84,0,94,61], 
       [67,81,29,90,91,70], 
       [27,14,12,83,86,64,55], 
       [72,66,24,31,85]
     ], 
     "properSymbolCount": 0, 
     "solvers": {
       "BestFusion": 11, 
       "FirstFit": 15, 
       "GeneticGroup": 10, 
       "GeneticStandard": 13, 
       "OverloadAndRemove": 10, 
       "OverloadAndRemovePresort": 10
     }, 
     "symbolCount": 55, 
     "symbols": [0,1,2,3,4,5,6,7,8,9,10,11,12,13,14,15,16,17,18,19,20,21,22,23,24,25,26,27,28,29,30,31,32,33,34,35,36,37,38,39,40,41,42,43,44,45,46,47,48,49,50,51,52,53,54], 
     "tileCount": 95, 
     "tileMaxSize": 5, 
     "tileMinSize": 2, 
     "tiles": [
       [14,47,53], 
       [3,7,21,51], 
       [12,27,49], 
       [12,28,39], 
       [13,14,21,33], 
       [11,20], 
       [10,37], 
       [10,16,41], 
       [11,18,29], 
       [6,27], 
       [13,36], 
       [3,34,40], 
       [28,35,42], 
       [3,40,42], 
       [23,35,40], 
       [3,8,49], 
       [1,5,14,30], 
       [25,33,40,45], 
       [7,40,43], 
       [4,10,14], 
       [3,33], 
       [3,12,46], 
       [1,27,33], 
       [18,29,50], 
       [25,31,51], 
       [26,49], 
       [10,48,50], 
       [4,23], 
       [13,24], 
       [2,15,41,49], 
       [15,35], 
       [1,18,51], 
       [8,14,29,31,54], 
       [3,26,52], 
       [7,40,42], 
       [22,28,45], 
       [24,44], 
       [5,9,25], 
       [6,45,46], 
       [31,38,41], 
       [1,19,43], 
       [8,38,41], 
       [6,12,18,26], 
       [19,31], 
       [2,3], 
       [5,17], 
       [3,13,45], 
       [1,10,48], 
       [10,14,51], 
       [12,14,15,43], 
       [25,30], 
       [0,4,28,53], 
       [3,37], 
       [30,45,46], 
       [8,10,24,39], 
       [21,50], 
       [31,37,38,50], 
       [22,44,49], 
       [4,50], 
       [8,35,44], 
       [9,11,30], 
       [8,17,53], 
       [14,40,44,53], 
       [11,24,33,51], 
       [14,35,52], 
       [10,15,19], 
       [6,15,45], 
       [30,52], 
       [4,20,32,39,41], 
       [36,47], 
       [12,16,32], 
       [7,8,36,48], 
       [1,6,24], 
       [8,18,28], 
       [18,22,35], 
       [4,21], 
       [17,28], 
       [2,7], 
       [7,23,40], 
       [15,20,37], 
       [4,20,53], 
       [2,34,49], 
       [8,30], 
       [0,23,41], 
       [1,53], 
       [27,29,37,47], 
       [21,23,33,52], 
       [7,11], 
       [3,22,27], 
       [29,32,54], 
       [5,18,49,54], 
       [26,34,54], 
       [16,20], 
       [15,33], 
       [17,30,37]
     ], 
     "times": {
       "BestFusion": 0.08, 
       "FirstFit": 0.05, 
       "GeneticGroup": 63.25, 
       "GeneticStandard": 6.49, 
       "OverloadAndRemove": 0.35, 
       "OverloadAndRemovePresort": 0.42
     }
   }, 
   {
     "approximation": "OverloadAndRemovePresort [2015-11-06 13:07:30]", 
     "avgMultiplicity": 11.36, 
     "capacity": 15, 
     "category": "gauss", 
     "lowerBound": 4, 
     "pageCount": 30, 
     "pages": [
       [0,1,4,6,11,12,13,14,16,28,30,32,40,44,45], 
       [4,6,7,10,14,16,19,22,26,27,30,32,33,48,52], 
       [0,5,13,20,22,24,25,33,37,40,44,45,49,50,54], 
       [7,8,15,24,25,26,28,29,30,40,42,47,48,51,54], 
       [9,10,12,19,27,34,36,39,41,42,43,47,54], 
       [0,2,5,6,13,17,24,25,27,28,31,41,42,52,53], 
       [0,3,4,6,8,14,23,25,27,35,38,46,49,51,54], 
       [8,10,11,12,15,16,17,23,29,32,34,41,50,53,54], 
       [4,9,10,19,20,27,29,33,35,37,39,47,48,50], 
       [1,2,3,4,9,18,24,31,34,36,38,43,45,49,53], 
       [5,7,9,11,12,18,20,24,26,28,35,41,43,44,45], 
       [0,2,4,16,17,20,22,37,39,41,42,44,46,47,52], 
       [5,16,19,20,21,25,30,31,34,36,43,44,46,49,52], 
       [3,10,11,14,16,27,32,35,38,42,43,47,48,54], 
       [0,4,7,14,17,21,23,24,27,28,30,48,53], 
       [2,6,10,14,18,19,27,31,34,41,42,44,52], 
       [4,5,6,8,15,16,18,21,23,31,36,39,40,42,48], 
       [8,10,11,14,17,24,33,38,39,41,43,44,45,46], 
       [7,12,17,20,21,23,28,35,38,40,41,42,45,46,52], 
       [0,1,2,3,5,11,14,21,25,28,30,37,44,47,54], 
       [2,5,11,13,15,17,18,19,39,40,46,49,51], 
       [4,6,15,16,17,19,20,22,24,34,35,38,47,49,51], 
       [1,5,7,8,18,20,26,38,39,40,46,52,54], 
       [5,6,10,11,20,21,30,33,36,37,40,41,44,46,50], 
       [3,5,8,10,12,14,16,21,26,28,34,37,38,49,51], 
       [2,5,10,11,12,13,23,34,35,44,51,52,53], 
       [1,2,15,18,25,26,34,43,45,48], 
       [6,9,12,13,14,16,21,26,27,31,32,35,36,39,45], 
       [1,3,7,8,12,13,20,23,28,30,35,41,44,54], 
       [13,19,23,24,29,40,53]
     ], 
     "paginations": [
       [55,48,90,0], 
       [23,28,3,18], 
       [76,44,83,25], 
       [78,2,91,20], 
       [60,74,88], 
       [46,14,80,71], 
       [51,54,75,34], 
       [5,6,27,79], 
       [77,11,69], 
       [12,65,59,22], 
       [64,73,72,38], 
       [53,82,49,93], 
       [68,36,94], 
       [42,7,32], 
       [15,56,30], 
       [85,89,10], 
       [29,57,52,92], 
       [87,43,17], 
       [45,8,31], 
       [33,21,63], 
       [16,37,61], 
       [39,81,67], 
       [47,86], 
       [13,62,40], 
       [41,50,26], 
       [84,4], 
       [58,66], 
       [1,35,70], 
       [19,24], 
       [9]
     ], 
     "properSymbolCount": 0, 
     "solvers": {
       "BestFusion": 34, 
       "FirstFit": 37, 
       "GeneticGroup": 31, 
       "GeneticStandard": 35, 
       "OverloadAndRemove": 31, 
       "OverloadAndRemovePresort": 30
     }, 
     "symbolCount": 55, 
     "symbols": [0,1,2,3,4,5,6,7,8,9,10,11,12,13,14,15,16,17,18,19,20,21,22,23,24,25,26,27,28,29,30,31,32,33,34,35,36,37,38,39,40,41,42,43,44,45,46,47,48,49,50,51,52,53,54], 
     "tileCount": 95, 
     "tileMaxSize": 9, 
     "tileMinSize": 4, 
     "tiles": [
       [0,1,4,14,32,44,45], 
       [12,13,21,26,27,32,36], 
       [7,8,24,25,29,42], 
       [4,16,26,30,32,33], 
       [2,10,11,23,44,51,52,53], 
       [10,23,29,32,50], 
       [12,15,17,50,53], 
       [3,11,16,27,38,47,54], 
       [21,28,35,38,42,45,52], 
       [13,19,23,24,29,40,53], 
       [6,10,14,34,42,44,52], 
       [4,19,29,33,39,48,50], 
       [3,24,43,49], 
       [5,6,20,21,30,33], 
       [0,2,6,24,25,27,53], 
       [0,4,17,23,30,53], 
       [5,13,15,17,19,39,51], 
       [10,11,17,24,39,41,44], 
       [14,19,27,30,32,48], 
       [3,7,12,13,20,28,30,35,54], 
       [26,30,42,47,51], 
       [3,11,28,37,44,54], 
       [3,4,9,34,36,38], 
       [6,7,10,16,26,32,33], 
       [1,8,12,23,28,30,35,41,44], 
       [0,13,24,40,50], 
       [8,10,12,14,28,37,51], 
       [8,11,15,29,41], 
       [14,16,19,22,32,33,52], 
       [8,15,18,36,39], 
       [0,14,17,27,28,30,48,53], 
       [7,20,23,38,41,46,52], 
       [11,14,16,35,38,42,43], 
       [0,1,2,3,21,25,44], 
       [6,14,23,49,51], 
       [6,9,16,27,31,39], 
       [25,30,31,34,43,44,49,52], 
       [2,15,17,19,40,49,51], 
       [7,9,12,26,41,45], 
       [6,17,19,20,34,35,38,51], 
       [6,10,11,30,33,36,50], 
       [3,5,10,26,38,49], 
       [10,32,35,38,48,54], 
       [10,14,24,39,43,45], 
       [5,13,33,40,44,49], 
       [7,12,17,35,40,42,45,52], 
       [5,17,24,25,31], 
       [1,8,20,26,39,40,46], 
       [1,6,11,13,16,40], 
       [0,2,4,16,17,46,52], 
       [8,16,21,26,34,37,38,51], 
       [3,4,6,8,27,54], 
       [8,16,21,31,39,42,48], 
       [2,4,42,44,46,47], 
       [4,8,23,25,35,38], 
       [11,13,28,30,32,44], 
       [0,7,21,24,28,53], 
       [5,15,16,18,21,23,39], 
       [1,25,26,43,48], 
       [1,2,18,24,31,38,53], 
       [19,27,39,41,43], 
       [2,11,13,18,46,51], 
       [11,21,30,37,40,41,44,46], 
       [2,5,14,25,30,44,47,54], 
       [9,18,35,41,43,44], 
       [4,9,18,24,31,45,49,53], 
       [2,15,18,34,45,48], 
       [4,6,15,16,24], 
       [5,20,21,25,31,36,49], 
       [4,20,27,35,37,47,50], 
       [9,14,16,35,36,39,45], 
       [6,13,17,24,25,41], 
       [11,18,20,24,28,41,45], 
       [5,7,18,35,43,45], 
       [9,12,39,41,42,47,54], 
       [0,8,23,27,46,49], 
       [20,22,25,44,45,49,50], 
       [9,10,20,29,33,35], 
       [7,8,26,28,42,48,54], 
       [8,11,15,16,32,34,53,54], 
       [6,17,24,28,31,42,52], 
       [15,16,22,35,38,47,49,51], 
       [2,4,20,39,41,46], 
       [5,20,37,40,44,54], 
       [5,10,12,13,34,35,44,51], 
       [6,10,19,27,44,52], 
       [5,7,8,18,38,52,54], 
       [8,17,33,38,43,45,46], 
       [10,12,34,36,41,43,47], 
       [2,14,18,27,31,41,44,52], 
       [0,11,12,16,32,45], 
       [7,15,25,30,40,42], 
       [4,5,6,8,31,36,40,48], 
       [2,16,22,37,41,46,47], 
       [16,19,25,43,46]
     ], 
     "times": {
       "BestFusion": 0.09, 
       "FirstFit": 0.07, 
       "GeneticGroup": 93.24, 
       "GeneticStandard": 6.86, 
       "OverloadAndRemove": 2.07, 
       "OverloadAndRemovePresort": 2.06
     }
   }, 
   {
     "approximation": "GeneticGroup [2014-10-30 11:35:35]", 
     "avgMultiplicity": 4.76, 
     "capacity": 15, 
     "category": "gauss", 
     "lowerBound": 4, 
     "pageCount": 9, 
     "pages": [
       [1,2,8,9,10,11,22,32,34,40,43,47,48,49,53], 
       [5,6,7,15,16,18,23,27,28,31,33,36,37,46,49], 
       [0,4,13,16,17,19,24,25,26,31,33,45,49,51,54], 
       [5,6,7,8,11,17,25,29,39,40,43,44,45,47,51], 
       [8,14,15,20,30,34,35,36,40,41,42,44,48,50,54], 
       [0,2,4,9,14,15,18,19,23,35,37,38,40,42,47], 
       [3,4,7,12,14,24,26,31,34,35,43,48,49,52,53], 
       [1,2,9,17,19,21,22,27,30,32,39,46,47,53,54], 
       [3,5,10,13,15,18,27,33,38,39,42,50,51,52,54]
     ], 
     "paginations": [
       [45,50,80,39,89,61,69,21,34,3,67], 
       [53,26,47,2,32,84,43,8,68,46,88], 
       [28,5,33,13,77,59,1,27,83,40,17,30,37,78,31], 
       [56,71,0,63,44,94,42,60,79], 
       [51,55,70,48,64,15,93,87,52,72,36,25,54], 
       [58,11,76,24,38,35,90,14,19], 
       [82,9,6,92,29,23,4,75], 
       [66,49,7,18,86,16,20,81,85], 
       [41,74,10,62,91,22,73,57,65,12]
     ], 
     "properSymbolCount": 2, 
     "solvers": {
       "BestFusion": 11, 
       "FirstFit": 13, 
       "GeneticGroup": 9, 
       "GeneticStandard": 12, 
       "OverloadAndRemove": 10, 
       "OverloadAndRemovePresort": 10
     }, 
     "symbolCount": 55, 
     "symbols": [0,1,2,3,4,5,6,7,8,9,10,11,12,13,14,15,16,17,18,19,20,21,22,23,24,25,26,27,28,29,30,31,32,33,34,35,36,37,38,39,40,41,42,43,44,45,46,47,48,49,50,51,52,53,54], 
     "tileCount": 95, 
     "tileMaxSize": 5, 
     "tileMinSize": 2, 
     "tiles": [
       [5,11,29,39,40], 
       [19,24], 
       [7,27,36], 
       [1,10], 
       [12,24,53], 
       [16,25,51], 
       [7,31,34,52], 
       [17,32,54], 
       [15,23,27], 
       [3,4,24,31], 
       [27,42], 
       [2,9,38], 
       [15,18,50], 
       [25,31], 
       [19,35,37,47], 
       [35,36,44], 
       [22,32,46], 
       [0,19,54], 
       [21,27,47], 
       [0,18,47], 
       [19,22], 
       [1,40], 
       [3,51,52], 
       [4,14,24,49], 
       [4,37], 
       [14,36], 
       [5,16], 
       [4,26], 
       [25,26], 
       [31,48], 
       [25,54], 
       [33,54], 
       [15,31,33], 
       [4,17,33], 
       [2,34], 
       [4,23], 
       [15,44,54], 
       [17,26,45], 
       [2,4,40], 
       [11,48], 
       [17,25], 
       [10,18,42], 
       [11,45], 
       [5,46], 
       [6,25], 
       [48,49], 
       [15,46], 
       [36,37], 
       [14,15,48], 
       [2,19,30], 
       [10,11,22,53], 
       [8,34,35], 
       [40,41,44], 
       [18,23,33], 
       [14,41], 
       [30,48,54], 
       [25,40,47], 
       [13,42], 
       [14,23,38], 
       [13,19,54], 
       [5,7,11], 
       [1,9,47,48], 
       [33,38,39,42], 
       [17,39,47], 
       [20,42,44], 
       [50,52], 
       [30,39,53], 
       [2,8,11], 
       [6,16,28], 
       [9,22], 
       [36,41,50], 
       [11,17,29,44], 
       [34,54], 
       [50,51], 
       [5,15,52,54], 
       [26,52], 
       [9,14], 
       [24,31,45], 
       [19,31], 
       [8,39,51], 
       [8,32,34,53], 
       [1,19], 
       [35,43,52,53], 
       [16,26,49], 
       [36,49], 
       [46,54], 
       [9,27,30], 
       [8,42], 
       [18,28], 
       [11,32,43,49], 
       [4,15,40,42,47], 
       [10,27], 
       [12,26], 
       [8,14,50], 
       [8,25,29,43]
     ], 
     "times": {
       "BestFusion": 0.1, 
       "FirstFit": 0.05, 
       "GeneticGroup": 67.92, 
       "GeneticStandard": 5.64, 
       "OverloadAndRemove": 0.42, 
       "OverloadAndRemovePresort": 0.4
     }
   }, 
   {
     "approximation": "GeneticGroup [2015-11-06 13:07:30]", 
     "avgMultiplicity": 11.29, 
     "capacity": 15, 
     "category": "gauss", 
     "lowerBound": 4, 
     "pageCount": 30, 
     "pages": [
       [1,8,10,15,16,18,19,28,33,38,39,40,42,52,53], 
       [7,12,14,15,23,26,29,30,39,41,42,50,51,52,54], 
       [0,3,5,9,16,21,30,32,33,35,40,42,46,54], 
       [9,11,19,23,25,30,31,33,35,38,40,45,46,48,52], 
       [0,2,4,7,12,14,15,19,22,24,27,35,44,45,51], 
       [2,3,11,12,19,20,22,23,25,30,37,42,44,50,51], 
       [2,5,8,13,15,16,20,21,22,36,41,47,49,51,53], 
       [15,17,19,20,23,25,26,27,28,29,30,34,37,46,49], 
       [0,7,17,18,19,21,24,28,32,34,38,43,46,52,54], 
       [3,7,9,13,24,26,29,36,38,44,46,51,52,54], 
       [0,3,10,14,20,24,25,29,31,34,37,42,44,45], 
       [3,4,11,16,18,20,24,26,28,31,34,42,47,52,53], 
       [6,12,16,17,18,19,22,26,29,35,39,42,45,46,53], 
       [15,16,17,22,23,24,27,31,33,35,40,41,43,47,50], 
       [0,6,7,11,13,17,20,22,23,31,32,36,38,48,51], 
       [4,8,11,13,16,18,25,33,34,35,40,43,49,51,52], 
       [2,4,10,25,27,28,29,32,39,40,43,46,48,50], 
       [0,3,7,9,10,12,19,20,23,28,31,39,40,41,49], 
       [0,3,8,9,15,18,26,27,29,33,39,46,47,51,54], 
       [4,8,13,14,16,20,21,23,26,28,30,34,39,41,43], 
       [1,2,4,7,12,16,19,22,24,26,33,34,41,42,50], 
       [4,9,10,11,12,17,22,23,26,30,33,38,44,45,47], 
       [0,2,6,13,15,19,22,31,32,34,39,42,43,52,53], 
       [2,7,16,19,21,28,30,32,35,38,39,46,49,52], 
       [3,5,13,15,17,18,30,31,37,44,45,49,51,52], 
       [1,6,18,20,21,22,24,27,30,33,36,38,51,53], 
       [7,9,11,12,13,14,21,23,26,31,35,41,43,45], 
       [0,1,2,6,8,12,13,17,18,23,31,44,45,52,53], 
       [2,4,5,8,14,21,23,24,26,32,35,37,40,48,54], 
       [0,4,8,11,12,17,27,29,34,39,45,46,48,50,51]
     ], 
     "paginations": [
       [44,23,18], 
       [19,0,80,93], 
       [58,82], 
       [43,39,17], 
       [89,29,53], 
       [87,45,34], 
       [76,51,33,65], 
       [66,83,20,32], 
       [27,5,70], 
       [78,28,47], 
       [48,38,75], 
       [86,69,61], 
       [8,42,6,56], 
       [24,7,63], 
       [13,90,10,22], 
       [91,84,74,79], 
       [35,94], 
       [26,59,16], 
       [30,3,81,31], 
       [9,21], 
       [40,36,52], 
       [85,50,88], 
       [67,41,57,15], 
       [71,68,72], 
       [62,49], 
       [2,92,55], 
       [77,60,12], 
       [64,14,1,73], 
       [25,54,37], 
       [46,11,4]
     ], 
     "properSymbolCount": 0, 
     "solvers": {
       "BestFusion": 36, 
       "FirstFit": 37, 
       "GeneticGroup": 30, 
       "GeneticStandard": 34, 
       "OverloadAndRemove": 31, 
       "OverloadAndRemovePresort": 31
     }, 
     "symbolCount": 55, 
     "symbols": [0,1,2,3,4,5,6,7,8,9,10,11,12,13,14,15,16,17,18,19,20,21,22,23,24,25,26,27,28,29,30,31,32,33,34,35,36,37,38,39,40,41,42,43,44,45,46,47,48,49,50,51,52,53,54], 
     "tileCount": 95, 
     "tileMaxSize": 9, 
     "tileMinSize": 4, 
     "tiles": [
       [12,14,29,42,51,54], 
       [2,12,13,18,31,44,53], 
       [6,18,27,30,33,38,51], 
       [3,9,15,27,46,51], 
       [4,8,11,27,29,45], 
       [0,19,24,28,34,46,52,54], 
       [26,29,42,45,46,53], 
       [15,16,17,27,41], 
       [6,18,22,35,42,45,53], 
       [4,14,16,20,26,34,39,41], 
       [11,13,22,23,32,48,51], 
       [8,11,17,29,34,48,51], 
       [9,11,13,14,21,31,35], 
       [0,6,20,36,48], 
       [1,2,12,13,17,18,45], 
       [13,19,31,43,52], 
       [0,9,20,39,40,41], 
       [9,19,23,38,40,45,46,48], 
       [1,8,16,18,19,39,53], 
       [7,12,14,39,50,51], 
       [17,23,26,28,29,46], 
       [4,8,13,21,23,28,30,43], 
       [0,7,11,17,31,36,38,48], 
       [8,10,33,38,40,52], 
       [16,22,23,33,40,50], 
       [5,14,21,23,26,35,48], 
       [0,10,19,23,28,39,41,49], 
       [7,18,19,21,38,54], 
       [3,7,24,29,46,51,52], 
       [0,4,7,14,15,27,35,45], 
       [27,29,33,47,51,54], 
       [0,8,9,15,18,26], 
       [25,26,28,29,30,46], 
       [5,13,15,20,41,47,51,53], 
       [12,19,20,23,37,44], 
       [2,4,25,27,28,29,40,50], 
       [1,2,12,19,22,41,50], 
       [8,14,21,24,32,54], 
       [20,24,25,29,45], 
       [23,30,31,33,35,40,45,46], 
       [2,4,12,16,24,34,42], 
       [0,34,39,42,43,52], 
       [6,12,16,19,26,45], 
       [11,25,31,46,48,52], 
       [15,28,40,42,52], 
       [2,3,11,20,30,42,50], 
       [0,4,11,12,39,46,50], 
       [9,13,36,38,52], 
       [3,10,31,34,37,44], 
       [3,13,15,17,30,45,49,52], 
       [4,9,22,23,26,33,44,45,47], 
       [5,15,36,41,49], 
       [1,2,7,16,26,33,42], 
       [2,22,24,27,44,45,51], 
       [2,4,14,21,37,40,54], 
       [6,20,21,22,24,30], 
       [17,18,19,26,29,39,45,53], 
       [0,2,6,13,32,52,53], 
       [0,3,9,16,21,33,42,46], 
       [3,7,12,31,39,40], 
       [12,14,23,41,43,45], 
       [11,16,24,26,31,34,47], 
       [5,18,30,31,37,44,45,51], 
       [24,27,31,35,43,47], 
       [0,8,23,45,52,53], 
       [2,15,16,22,36,47], 
       [19,20,25,27,30,49], 
       [2,15,19,22,31,32,34,43], 
       [2,7,21,30,46,52], 
       [4,20,28,42,53], 
       [0,17,18,24,32,43,52], 
       [7,16,32,35,39,46], 
       [19,21,28,32,38,49,52], 
       [0,1,6,12,17], 
       [25,35,40,49,51], 
       [0,14,24,25,42,44,45], 
       [2,8,20,21,36,49], 
       [7,11,23,26,43,45], 
       [3,24,26,44,46,52,54], 
       [8,11,13,16,18,33,34,35], 
       [7,23,26,30,41,51,52], 
       [0,9,15,33,39,51], 
       [5,30,32,35,40,42,54], 
       [15,27,28,34,37,49], 
       [4,11,16,35,40,43], 
       [10,11,12,17,23,38], 
       [3,11,18,24,28,52,53], 
       [19,22,23,25,37,51], 
       [9,17,30,44,45], 
       [0,2,12,15,19,24,27,45], 
       [13,17,20,22,23,31,36], 
       [18,34,35,49,52], 
       [1,6,36,51,53], 
       [15,26,41,42], 
       [10,28,32,39,43,46,48,50]
     ], 
     "times": {
       "BestFusion": 0.07, 
       "FirstFit": 0.05, 
       "GeneticGroup": 92.81, 
       "GeneticStandard": 7.13, 
       "OverloadAndRemove": 2.04, 
       "OverloadAndRemovePresort": 1.99
     }
   }, 
   {
     "approximation": "OverloadAndRemove [2014-10-28 15:16:30]", 
     "avgMultiplicity": 5.11, 
     "capacity": 15, 
     "category": "gauss", 
     "lowerBound": 4, 
     "pageCount": 10, 
     "pages": [
       [1,4,5,7,9,14,15,21,23,31,36,37,44,49,54], 
       [2,3,6,7,8,11,16,17,18,26,30,34,39,43,51], 
       [0,1,4,15,18,22,26,29,32,35,39,40,46,47,52], 
       [0,13,16,18,20,25,27,30,32,34,35,38,43,45,48], 
       [1,3,9,18,22,23,25,32,33,36,41,42,48,49,53], 
       [2,8,9,11,13,19,23,27,29,33,38,42,46,50,51], 
       [4,10,15,16,20,26,28,34,36,45,48,50,51,52,54], 
       [0,9,13,14,15,19,21,23,25,28,35,39,45,49], 
       [7,11,12,17,21,24,26,27,32,35,37,40,41,51,54], 
       [3,4,5,6,20,22,24,25,28,31,44,53]
     ], 
     "paginations": [
       [8,10,12,21,31,42,61,63,65,67,73,74,83,40], 
       [18,35,49,60,68,77,85,88,13,16,55,64], 
       [2,11,15,27,37,41,46,62,81,86,94,47], 
       [3,20,22,51,57,32,52,23], 
       [14,19,36,38,39,72,75,90,17,26,9,1,4], 
       [5,44,50,30,56,84,79], 
       [7,33,53,25,54,71,93,92,29], 
       [24,66,87,70,6,78,48], 
       [80,82,34,45,69,89,43,76], 
       [91,59,0,58,28]
     ], 
     "properSymbolCount": 0, 
     "solvers": {
       "BestFusion": 12, 
       "FirstFit": 15, 
       "GeneticGroup": 10, 
       "GeneticStandard": 14, 
       "OverloadAndRemove": 10, 
       "OverloadAndRemovePresort": 11
     }, 
     "symbolCount": 55, 
     "symbols": [0,1,2,3,4,5,6,7,8,9,10,11,12,13,14,15,16,17,18,19,20,21,22,23,24,25,26,27,28,29,30,31,32,33,34,35,36,37,38,39,40,41,42,43,44,45,46,47,48,49,50,51,52,53,54], 
     "tileCount": 95, 
     "tileMaxSize": 6, 
     "tileMinSize": 2, 
     "tiles": [
       [5,24,25], 
       [3,48], 
       [40,47], 
       [20,32,34,38], 
       [23,41], 
       [11,13,29], 
       [15,25,39,45], 
       [28,52], 
       [7,15,31,44], 
       [25,48,53], 
       [31,37], 
       [0,40], 
       [1,23,37,44], 
       [2,8,26,30,39], 
       [18,33,41], 
       [1,29,40], 
       [8,39,51], 
       [23,42,49], 
       [3,6,16,18], 
       [32,41,53], 
       [25,34,35,38], 
       [14,23], 
       [13,20], 
       [0,30,48], 
       [19,49], 
       [34,45,48,52,54], 
       [1,33,36], 
       [0,29,47], 
       [3,20,22,24,28,44], 
       [10,26,36,48,51], 
       [2,50], 
       [23,54], 
       [27,45], 
       [36,52], 
       [11,12,24,35], 
       [6,8], 
       [32,42,53], 
       [4,29,46,52], 
       [1,3,32,42], 
       [22,25,41], 
       [4,21], 
       [1,47], 
       [31,36,54], 
       [26,27], 
       [19,29,51], 
       [24,35,37,51], 
       [1,4,15,32,46], 
       [0,18,35], 
       [0,14], 
       [2,3], 
       [19,23,51], 
       [18,20,45], 
       [16,30,45], 
       [50,52], 
       [10,16,34], 
       [17,26,43], 
       [9,46,50], 
       [20,43,45], 
       [4,24,53], 
       [5,6], 
       [2,11], 
       [9,23,36], 
       [18,35,46,47], 
       [1,7,37,54], 
       [11,51], 
       [4,5,31], 
       [21,39,49], 
       [14,44], 
       [16,43], 
       [17,32,37,40], 
       [0,23,28,39], 
       [4,10,20,28], 
       [9,22,33,42], 
       [36,37,49], 
       [4,9], 
       [25,49,53], 
       [32,54], 
       [3,7,43], 
       [9,28,35], 
       [8,33,38], 
       [12,17], 
       [39,40,52], 
       [7,12], 
       [9,21,31], 
       [27,42], 
       [3,8,18], 
       [4,26,47], 
       [13,39,49], 
       [8,11,26,34], 
       [21,26,37,41,51], 
       [33,48,49], 
       [6,31], 
       [16,28], 
       [10,15], 
       [0,22]
     ], 
     "times": {
       "BestFusion": 0.11, 
       "FirstFit": 0.05, 
       "GeneticGroup": 70.0, 
       "GeneticStandard": 5.57, 
       "OverloadAndRemove": 0.41, 
       "OverloadAndRemovePresort": 0.46
     }
   }, 
   {
     "approximation": "OverloadAndRemove [2014-10-28 15:16:30]", 
     "avgMultiplicity": 11.07, 
     "capacity": 15, 
     "category": "gauss", 
     "lowerBound": 4, 
     "pageCount": 29, 
     "pages": [
       [1,16,21,28,32,33,36,37,39,40,45,47,51,52,54], 
       [4,6,7,13,19,22,28,31,34,40,44,48,53,54], 
       [2,4,12,20,24,26,31,37,38,43,45,47,51], 
       [1,3,5,6,7,8,9,15,16,22,23,30,33,42,54], 
       [0,2,4,7,11,16,18,28,30,31,35,45,46,50,54], 
       [0,2,6,8,9,11,27,33,37,41,43,45,52,53,54], 
       [0,1,2,4,5,7,8,19,21,23,32,33,35,40,49], 
       [5,10,15,18,20,22,25,27,32,43,44,46,47,48], 
       [1,5,10,13,20,23,29,31,34,35,44,45,50,53,54], 
       [2,6,9,11,12,17,18,25,26,27,33,36,38,40,51], 
       [3,11,13,16,18,22,26,27,28,34,35,37,41,46,50], 
       [5,6,8,10,12,20,24,28,31,33,34,37,46,49], 
       [4,7,9,11,16,20,26,27,33,36,39,40,42,45,47], 
       [0,4,7,13,15,16,25,34,35,42,44,47,52,53], 
       [0,10,12,16,17,24,25,37,40,43,46,52,53,54], 
       [2,12,13,14,15,16,18,30,42,46,48,50,54], 
       [0,1,13,15,20,21,22,26,35,38,47,48,51], 
       [17,18,24,28,29,30,32,33,34,37,42,52,53], 
       [4,6,7,8,13,15,21,22,27,35,40,46,49,50], 
       [3,5,11,13,20,21,24,26,28,30,33,38,41,46], 
       [0,4,8,11,14,16,19,23,25,29,30,36,41,44,46], 
       [2,5,8,17,24,28,40,42,43,47,49,50,53,54], 
       [0,7,9,13,18,23,24,29,32,33,36,45,48,50], 
       [3,16,17,19,21,25,27,28,36,40,48,53], 
       [2,3,5,9,13,14,15,18,19,32,37,41,43,51,52], 
       [1,2,12,14,22,26,28,30,34,36,38,45], 
       [1,6,9,15,17,24,31,33,34,35,39,47,53,54], 
       [6,11,13,14,16,18,22,29,37,39,43,45,49,52,54], 
       [1,11,16,20,22,30,32,37,39,42,49,51,52]
     ], 
     "paginations": [
       [4,8,27,60,71], 
       [47,57,63,7], 
       [21,28,41], 
       [15,25,66,91,39], 
       [51,76,87,45,9], 
       [74,79,0,59,94], 
       [68,69,5,32], 
       [11,40,93], 
       [1,22,30,16], 
       [23,31,42,81], 
       [14,89,12], 
       [56,35,70], 
       [62,3,82], 
       [72,92,18,20], 
       [61,6,38], 
       [83,50,77], 
       [17,48,53], 
       [10,80,19], 
       [24,55,34], 
       [2,37,84], 
       [67,52,64], 
       [86,54,73], 
       [36,78,26], 
       [46,29], 
       [44,88,90], 
       [58,85], 
       [43,65], 
       [13,75], 
       [49,33]
     ], 
     "properSymbolCount": 0, 
     "solvers": {
       "BestFusion": 35, 
       "FirstFit": 38, 
       "GeneticGroup": 29, 
       "GeneticStandard": 33, 
       "OverloadAndRemove": 29, 
       "OverloadAndRemovePresort": 29
     }, 
     "symbolCount": 55, 
     "symbols": [0,1,2,3,4,5,6,7,8,9,10,11,12,13,14,15,16,17,18,19,20,21,22,23,24,25,26,27,28,29,30,31,32,33,34,35,36,37,38,39,40,41,42,43,44,45,46,47,48,49,50,51,52,53,54], 
     "tileCount": 95, 
     "tileMaxSize": 9, 
     "tileMinSize": 4, 
     "tiles": [
       [6,8,41,45,52], 
       [10,13,31,34,35,44], 
       [11,20,26,30,38,41,46], 
       [4,9,36,40,42,45,47], 
       [21,28,36,51,52], 
       [2,5,7,19,32,35,49], 
       [0,10,16,17,25,43,46], 
       [4,19,22,34,40,48,53,54], 
       [1,21,28,32,45], 
       [0,11,18,31,35], 
       [18,28,29,30,37,52], 
       [5,15,18,22,44,47,48], 
       [3,34,37,46], 
       [11,13,14,16,18,43,45,49], 
       [11,13,16,26,28,35,41], 
       [5,8,9,42], 
       [1,5,13,31,45,53,54], 
       [13,15,21,38,47,51], 
       [0,4,7,15,16,44,52], 
       [24,28,33,42,52,53], 
       [7,25,34,42,44,47], 
       [2,4,24,37,43,45], 
       [10,13,20,23,50], 
       [2,11,12,36,38,40], 
       [4,6,8,13,22,50], 
       [1,3,5,15,30,42], 
       [0,18,23,32,33,50], 
       [1,16,32,33,37,51], 
       [4,20,24,37,47,51], 
       [3,16,19,25,27,36,48], 
       [13,23,29,35,53,54], 
       [9,17,38,40,51], 
       [0,2,8,19,21,23], 
       [1,11,16,30,32,49], 
       [6,7,13,21,35,46], 
       [5,10,12,24,31,33,37], 
       [0,7,9,13,23,45,48], 
       [5,11,13,20,24,28,46], 
       [10,16,24,40,52,53,54], 
       [5,6,7,15,33], 
       [20,22,25,32,44,46,47,48], 
       [4,12,26,31,37,38,43,51], 
       [6,11,25,27,33,38,40], 
       [1,6,24,31,33,47,54], 
       [5,13,14,32,37,51], 
       [2,4,11,30,50], 
       [17,21,25,28,36,40,48,53], 
       [13,31,40,44,48,54], 
       [0,15,20,26,35], 
       [1,20,22,30,37,39,42,51,52], 
       [12,13,14,18,42,46,54], 
       [11,16,28,45,50,54], 
       [0,4,11,16,23,29,44], 
       [0,1,15,22,38,48], 
       [28,40,43,47,50,54], 
       [6,7,15,22,27,40,49,50], 
       [10,28,31,34,37,49], 
       [6,7,13,22,28,54], 
       [1,2,12,26,30,36,45], 
       [8,11,27,37,52,53], 
       [21,32,37,39,47], 
       [12,24,25,37,43,46,52], 
       [7,9,11,26,27,39,40,47], 
       [6,19,22,40,44,53], 
       [4,8,16,19,25,36,46], 
       [9,15,17,31,34,35,39,53], 
       [9,15,22,23,33,54], 
       [0,4,14,19,30,41,44], 
       [1,4,19,33,40,49], 
       [0,1,21,35,40,49], 
       [5,6,8,20,31,46,49], 
       [21,36,37,39,40,54], 
       [4,25,35,44,52,53], 
       [2,8,24,47,49,54], 
       [2,8,11,33,52], 
       [6,11,22,29,37,39,49,52,54], 
       [4,7,16,35,45,46,50], 
       [2,12,13,16,50], 
       [13,24,29,32,36,45], 
       [2,8,9,11,41,43,45], 
       [17,18,30,32,34,42], 
       [12,17,18,26,33,51], 
       [16,20,27,33,36,45], 
       [12,15,16,30,46,48,54], 
       [3,5,13,21,24,26,30,33], 
       [12,14,22,28,34,38], 
       [2,5,17,42,43,49,53,54], 
       [7,16,18,30,45], 
       [2,5,9,13,15,32,43,52], 
       [18,22,26,27,35,41,46,50], 
       [3,15,18,19,32,41,43,52], 
       [8,15,16,22,23,42], 
       [0,4,13,34,35,42,52], 
       [10,22,25,27,43,47], 
       [0,33,52,54]
     ], 
     "times": {
       "BestFusion": 0.08, 
       "FirstFit": 0.06, 
       "GeneticGroup": 90.83, 
       "GeneticStandard": 6.97, 
       "OverloadAndRemove": 1.96, 
       "OverloadAndRemovePresort": 1.91
     }
   }
 ]