[
   {
     "approximation": "OverloadAndRemove [2014-10-28 14:59:31]", 
     "avgMultiplicity": 4.37, 
     "capacity": 15, 
     "category": "gauss", 
     "lowerBound": 2, 
     "pageCount": 6, 
     "pages": [
       [0,1,3,5,6,7,8,9,10,11,13,16,17,19,28], 
       [0,3,4,5,10,11,13,18,21,22,25,27,28], 
       [0,1,6,7,10,13,14,15,19,23,24,25,27,28,29], 
       [3,7,8,9,10,11,12,14,15,16,17,18,19,23,24], 
       [2,5,7,9,15,17,19,20,22,24,26,27,28], 
       [4,6,9,10,12,18,19,20,21,23,24,26,28]
     ], 
     "paginations": [
       [2,4,5,8,11,12], 
       [3,13,19], 
       [0,6,17,10], 
       [7,16,18], 
       [9,15], 
       [1,14]
     ], 
     "properSymbolCount": 2, 
     "solvers": {
       "BestFusion": 7, 
       "FirstFit": 7, 
       "GeneticGroup": 6, 
       "GeneticStandard": 6, 
       "OverloadAndRemove": 6, 
       "OverloadAndRemovePresort": 7
     }, 
     "symbolCount": 30, 
     "symbols": [0,1,2,3,4,5,6,7,8,9,10,11,12,13,14,15,16,17,18,19,20,21,22,23,24,25,26,27,28,29], 
     "tileCount": 20, 
     "tileMaxSize": 8, 
     "tileMinSize": 4, 
     "tiles": [
       [0,7,14,15,23,24], 
       [4,6,9,20,21,23], 
       [0,5,6,8,13,16], 
       [3,5,10,11,18,22,25], 
       [0,9,10,11,17], 
       [1,3,6,7,8,10], 
       [13,14,15,19,24,25], 
       [9,11,12,14,16,19,23], 
       [1,6,9,13,16,17,28], 
       [2,5,7,17,19,24,27,28], 
       [1,7,13,27,28,29], 
       [3,6,11,19], 
       [1,3,6,7,11,17,28], 
       [0,3,4,5,13,22,27], 
       [6,10,12,18,19,24,26,28], 
       [5,9,15,20,22,24,26,28], 
       [3,14,15,16,17], 
       [1,6,10,14,15,19,24,28], 
       [3,7,8,10,18,19,23,24], 
       [3,5,11,18,21,28]
     ], 
     "times": {
       "BestFusion": 0.01, 
       "FirstFit": 0.01, 
       "GeneticGroup": 17.52, 
       "GeneticStandard": 2.09, 
       "OverloadAndRemove": 0.07, 
       "OverloadAndRemovePresort": 0.07
     }
   }, 
   {
     "approximation": "BestFusion [2014-10-28 13:13:43]", 
     "avgMultiplicity": 1.9, 
     "capacity": 15, 
     "category": "gauss", 
     "lowerBound": 2, 
     "pageCount": 3, 
     "pages": [
       [0,1,3,4,5,6,7,12,14,15,16,19,21,23,28], 
       [1,5,6,8,10,12,13,17,19,22,25,27,28,29], 
       [2,4,9,11,12,18,20,21,24,26]
     ], 
     "paginations": [
       [0,3,4,6,7,12,14,17,9], 
       [1,8,10,13,15,19,18], 
       [2,11,16,5]
     ], 
     "properSymbolCount": 12, 
     "solvers": {
       "BestFusion": 3, 
       "FirstFit": 4, 
       "GeneticGroup": 3, 
       "GeneticStandard": 3, 
       "OverloadAndRemove": 3, 
       "OverloadAndRemovePresort": 3
     }, 
     "symbolCount": 30, 
     "symbols": [0,1,2,3,4,5,6,7,8,9,10,11,12,13,14,15,16,17,18,19,20,21,22,23,24,25,26,27,28,29], 
     "tileCount": 20, 
     "tileMaxSize": 4, 
     "tileMinSize": 2, 
     "tiles": [
       [7,16,23], 
       [1,13,22], 
       [9,24,26], 
       [3,14,23,28], 
       [3,5,19], 
       [11,12,20], 
       [4,21,23], 
       [0,3], 
       [10,13,19,29], 
       [1,5,6], 
       [8,10], 
       [2,4,9], 
       [3,12,16], 
       [6,17], 
       [4,14,19], 
       [5,10,27,28], 
       [18,21,24], 
       [3,15], 
       [12,27], 
       [17,25]
     ], 
     "times": {
       "BestFusion": 0.01, 
       "FirstFit": 0.01, 
       "GeneticGroup": 11.19, 
       "GeneticStandard": 1.32, 
       "OverloadAndRemove": 0.01, 
       "OverloadAndRemovePresort": 0.01
     }
   }, 
   {
     "approximation": "GeneticGroup [2014-10-29 16:54:01]", 
     "avgMultiplicity": 4.17, 
     "capacity": 15, 
     "category": "gauss", 
     "lowerBound": 2, 
     "pageCount": 5, 
     "pages": [
       [3,4,6,7,8,12,17,18,19,21,23,24,25,27,29], 
       [0,1,4,7,9,11,16,17,19,20,21,22,23,24,27], 
       [0,2,5,6,10,13,14,17,20,22,23,24,26,27,28], 
       [0,5,7,9,10,13,16,18,21,22,24,25,26,27,29], 
       [0,1,3,4,12,15,18,19,22,26,27]
     ], 
     "paginations": [
       [4,12,6,5,17], 
       [18,1,13,16,19], 
       [2,7,14,3], 
       [15,9,10,8], 
       [0,11]
     ], 
     "properSymbolCount": 2, 
     "solvers": {
       "BestFusion": 7, 
       "FirstFit": 7, 
       "GeneticGroup": 5, 
       "GeneticStandard": 6, 
       "OverloadAndRemove": 6, 
       "OverloadAndRemovePresort": 6
     }, 
     "symbolCount": 30, 
     "symbols": [0,1,2,3,4,5,6,7,8,9,10,11,12,13,14,15,16,17,18,19,20,21,22,23,24,25,26,27,28,29], 
     "tileCount": 20, 
     "tileMaxSize": 8, 
     "tileMinSize": 4, 
     "tiles": [
       [0,1,3,4,12,18,26], 
       [9,23,24,27], 
       [10,14,17,20,26,28], 
       [5,13,17,20,24,26,27], 
       [8,17,18,21], 
       [6,7,19,21,25,27,29], 
       [4,8,12,17,19,25,29], 
       [5,13,20,22,24,27], 
       [0,5,9,13,16,21], 
       [0,5,7,22,26,27,29], 
       [0,9,18,22,29], 
       [3,15,19,22,27], 
       [8,23,27,29], 
       [0,7,9,11,19,20,27], 
       [0,2,6,14,20,23,24,28], 
       [0,7,10,13,21,24,25,29], 
       [1,4,11,16,17,19,20,22], 
       [3,17,21,23,24,27,29], 
       [0,1,11,17,23,24], 
       [4,11,21,23,24,27]
     ], 
     "times": {
       "BestFusion": 0.01, 
       "FirstFit": 0.01, 
       "GeneticGroup": 16.9, 
       "GeneticStandard": 1.64, 
       "OverloadAndRemove": 0.06, 
       "OverloadAndRemovePresort": 0.06
     }
   }, 
   {
     "approximation": "GeneticGroup [2014-10-29 16:54:01]", 
     "avgMultiplicity": 4.27, 
     "capacity": 15, 
     "category": "gauss", 
     "lowerBound": 2, 
     "pageCount": 5, 
     "pages": [
       [5,8,10,11,13,14,16,17,18,20,22,23,24,28,29], 
       [2,4,9,12,13,14,15,16,17,18,21,24,25,26,29], 
       [0,2,5,13,15,17,18,19,20,22,23,25,26,28,29], 
       [0,1,3,7,9,11,14,15,17,18,19,20,23,26,27], 
       [4,5,6,7,8,11,12,14,15,16,20,21,23,25,27]
     ], 
     "paginations": [
       [3,8,13], 
       [15,1,10,19], 
       [18,12,7,14,6], 
       [17,5,11,16], 
       [2,0,4,9]
     ], 
     "properSymbolCount": 0, 
     "solvers": {
       "BestFusion": 6, 
       "FirstFit": 6, 
       "GeneticGroup": 5, 
       "GeneticStandard": 6, 
       "OverloadAndRemove": 6, 
       "OverloadAndRemovePresort": 6
     }, 
     "symbolCount": 30, 
     "symbols": [0,1,2,3,4,5,6,7,8,9,10,11,12,13,14,15,16,17,18,19,20,21,22,23,24,25,26,27,28,29], 
     "tileCount": 20, 
     "tileMaxSize": 8, 
     "tileMinSize": 5, 
     "tiles": [
       [4,8,11,16,21,23,27], 
       [2,4,9,12,13,16,17], 
       [5,6,7,20,21,23,27], 
       [5,8,11,13,17,22,28], 
       [4,6,11,23,27], 
       [0,1,3,17,20,23,26,27], 
       [0,2,13,15,22], 
       [2,5,13,19,20,23,25], 
       [5,10,14,18,22,24], 
       [6,7,11,12,14,15,21,25], 
       [12,15,16,17,25,29], 
       [1,7,11,18,19,26,27], 
       [2,18,19,22,26,28,29], 
       [10,14,16,20,23,28,29], 
       [0,2,5,15,17,25,28], 
       [13,14,17,21,24,25,26], 
       [1,3,11,20,23], 
       [3,9,14,15,20], 
       [13,15,18,28,29], 
       [13,15,16,18,26]
     ], 
     "times": {
       "BestFusion": 0.01, 
       "FirstFit": 0.01, 
       "GeneticGroup": 17.91, 
       "GeneticStandard": 1.6, 
       "OverloadAndRemove": 0.06, 
       "OverloadAndRemovePresort": 0.07
     }
   }, 
   {
     "approximation": "OverloadAndRemovePresort [2014-10-28 13:13:43]", 
     "avgMultiplicity": 2.03, 
     "capacity": 15, 
     "category": "gauss", 
     "lowerBound": 2, 
     "pageCount": 3, 
     "pages": [
       [1,2,5,6,8,9,10,12,13,15,16,17,20,26,27], 
       [0,1,4,8,9,10,11,14,15,18,19,23,24,25,29], 
       [1,2,3,7,12,18,20,21,22,25,28]
     ], 
     "paginations": [
       [6,19,3,4,7,16,17,9], 
       [14,0,18,13,1,5], 
       [2,11,10,15,12,8]
     ], 
     "properSymbolCount": 11, 
     "solvers": {
       "BestFusion": 3, 
       "FirstFit": 3, 
       "GeneticGroup": 3, 
       "GeneticStandard": 3, 
       "OverloadAndRemove": 3, 
       "OverloadAndRemovePresort": 3
     }, 
     "symbolCount": 30, 
     "symbols": [0,1,2,3,4,5,6,7,8,9,10,11,12,13,14,15,16,17,18,19,20,21,22,23,24,25,26,27,28,29], 
     "tileCount": 20, 
     "tileMaxSize": 5, 
     "tileMinSize": 2, 
     "tiles": [
       [8,11,29], 
       [0,1,25], 
       [1,18,28], 
       [6,13,20], 
       [2,8,15], 
       [9,18,23], 
       [2,5,10,16,27], 
       [2,6,17], 
       [2,3,21], 
       [6,12], 
       [18,20], 
       [3,7,18], 
       [12,21,25], 
       [10,11,15], 
       [4,8,19,29], 
       [1,22], 
       [9,13,26], 
       [1,6,16], 
       [8,14,24], 
       [5,8,13,26]
     ], 
     "times": {
       "BestFusion": 0.01, 
       "FirstFit": 0.01, 
       "GeneticGroup": 10.86, 
       "GeneticStandard": 1.37, 
       "OverloadAndRemove": 0.02, 
       "OverloadAndRemovePresort": 0.02
     }
   }, 
   {
     "approximation": "FirstFit [2014-10-28 13:13:43]", 
     "avgMultiplicity": 4.17, 
     "capacity": 15, 
     "category": "gauss", 
     "lowerBound": 2, 
     "pageCount": 6, 
     "pages": [
       [1,2,3,4,8,10,12,13,15,16,17,22,24,25,26], 
       [1,2,3,6,8,9,11,12,13,18,19,23,25], 
       [0,4,10,11,14,15,16,19,20,21,22,23,25,28,29], 
       [1,5,6,7,8,10,17,18,20,22,23,26,27,29], 
       [0,1,3,4,5,6,9,10,12,14,18,21,24,25,26], 
       [2,4,8,9,11,14,15,16,17,18,20,24,25,26,28]
     ], 
     "paginations": [
       [0,1,2,5], 
       [3,4,9], 
       [6,7,10], 
       [8,11,12], 
       [13,14,15,16], 
       [17,18,19]
     ], 
     "properSymbolCount": 2, 
     "solvers": {
       "BestFusion": 6, 
       "FirstFit": 6, 
       "GeneticGroup": 6, 
       "GeneticStandard": 6, 
       "OverloadAndRemove": 6, 
       "OverloadAndRemovePresort": 7
     }, 
     "symbolCount": 30, 
     "symbols": [0,1,2,3,4,5,6,7,8,9,10,11,12,13,14,15,16,17,18,19,20,21,22,23,24,25,26,27,28,29], 
     "tileCount": 20, 
     "tileMaxSize": 8, 
     "tileMinSize": 5, 
     "tiles": [
       [1,2,10,15,26], 
       [8,13,15,22,24], 
       [3,4,8,13,16,24,25], 
       [1,2,9,11,12,13,18], 
       [3,6,8,9,18,19,23], 
       [3,4,8,12,17,22,25], 
       [11,16,20,21,22,28,29], 
       [0,4,14,15,19,23,25], 
       [1,5,6,10,18,26,29], 
       [2,8,12,19,25], 
       [0,4,10,14,23,29], 
       [1,5,7,20,22,23,29], 
       [8,17,23,26,27], 
       [6,9,10,21,24,25,26], 
       [0,3,5,10,12,26], 
       [0,1,4,12,21], 
       [5,6,14,18,24], 
       [4,8,9,15,24,25], 
       [2,11,14,17,20,25,26,28], 
       [11,15,16,18,25,26]
     ], 
     "times": {
       "BestFusion": 0.01, 
       "FirstFit": 0.01, 
       "GeneticGroup": 16.46, 
       "GeneticStandard": 1.59, 
       "OverloadAndRemove": 0.06, 
       "OverloadAndRemovePresort": 0.06
     }
   }
 ]