[
   {
     "approximation": "GeneticGroup [2014-10-30 14:58:38]", 
     "avgMultiplicity": 2.97, 
     "capacity": 15, 
     "category": "gauss", 
     "lowerBound": 5, 
     "pageCount": 10, 
     "pages": [
       [0,9,11,16,27,29,36,40,42,47,53,54,55,56,61], 
       [5,10,22,23,24,25,28,30,31,37,48,49,51,56,58], 
       [7,8,10,13,20,22,28,35,38,43,45,49,57,62], 
       [3,4,6,8,10,16,17,19,38,41,44,53,55,58,64], 
       [0,3,14,18,19,24,25,31,34,37,39,44,53,55,57], 
       [1,2,4,17,26,31,35,39,43,48,52,57,59,60,63], 
       [1,7,11,12,15,23,24,34,38,43,48,49,52,56,63], 
       [4,5,11,12,13,17,24,28,32,33,46,49,52,54,64], 
       [3,7,9,15,17,21,32,36,40,41,48,50,54,55,59], 
       [0,4,9,19,22,28,30,31,33,42,45,47,52,59,61]
     ], 
     "paginations": [
       [25,10,3,12], 
       [5,24,17], 
       [21,26], 
       [11,27,1], 
       [7,6,23], 
       [19,2,13], 
       [16,9,29], 
       [18,20,4], 
       [28,0,15], 
       [14,8,22]
     ], 
     "properSymbolCount": 12, 
     "solvers": {
       "BestFusion": 12, 
       "FirstFit": 13, 
       "GeneticGroup": 10, 
       "GeneticStandard": 12, 
       "OverloadAndRemove": 11, 
       "OverloadAndRemovePresort": 11
     }, 
     "symbolCount": 65, 
     "symbols": [0,1,2,3,4,5,6,7,8,9,10,11,12,13,14,15,16,17,18,19,20,21,22,23,24,25,26,27,28,29,30,31,32,33,34,35,36,37,38,39,40,41,42,43,44,45,46,47,48,49,50,51,52,53,54,55,56,57,58,59,60,61,62,63,64], 
     "tileCount": 30, 
     "tileMaxSize": 8, 
     "tileMinSize": 5, 
     "tiles": [
       [3,21,32,36,40,41,55], 
       [3,6,8,16,41,55,58], 
       [1,2,17,26,43,60,63], 
       [36,40,53,55,56,61], 
       [13,17,28,32,33,46,64], 
       [22,24,31,48,49,51,56], 
       [0,19,24,25,31,44,57], 
       [18,25,37,39,44,57], 
       [9,28,30,31,52], 
       [12,15,24,34,38,49], 
       [0,27,36,54,61], 
       [3,4,10,16,38], 
       [0,16,29,42,53,56], 
       [4,31,39,43,48,59,60], 
       [0,4,19,22,33,42,45,52], 
       [7,9,48,54,59], 
       [1,7,12,23,34,43,52,56], 
       [25,28,37,51,56], 
       [4,5,17,24,49,52], 
       [17,35,39,52,57,59], 
       [5,11,12,13,24,33,54], 
       [13,22,38,43,45,49,57,62], 
       [0,28,47,59,61], 
       [3,14,24,31,34,53,55], 
       [5,10,22,23,30,56,58], 
       [0,9,11,40,42,47,54], 
       [7,8,10,20,28,35,43], 
       [8,10,17,19,44,53,64], 
       [15,17,32,40,50], 
       [1,7,11,24,48,56,63]
     ], 
     "times": {
       "BestFusion": 0.03, 
       "FirstFit": 0.02, 
       "GeneticGroup": 28.2, 
       "GeneticStandard": 2.42, 
       "OverloadAndRemove": 0.19, 
       "OverloadAndRemovePresort": 0.16
     }
   }, 
   {
     "approximation": "OverloadAndRemove [2014-10-28 13:34:15]", 
     "avgMultiplicity": 3.02, 
     "capacity": 15, 
     "category": "gauss", 
     "lowerBound": 5, 
     "pageCount": 11, 
     "pages": [
       [0,3,10,17,23,27,30,31,32,38,46,49,55,57,63], 
       [2,11,20,23,26,29,36,45,47,49,52,54,56,59,60], 
       [5,9,12,20,27,30,39,44,48,50,57,58,59], 
       [2,4,7,11,12,18,35,40,42,46,50,61,63], 
       [3,5,6,8,14,18,19,22,27,29,33,34,39,53,63], 
       [0,15,17,22,23,24,30,34,35,40,43,46,48,54,62], 
       [6,7,8,15,16,20,21,38,41,46,51,53,60,64], 
       [0,4,6,14,22,25,37,39,45,49,50,54,56,58,62], 
       [5,9,10,13,21,28,32,33,36,52,56,60], 
       [0,5,12,22,23,24,26,29,35,44,46,50,52], 
       [1,16,25,27,40,45,46,55]
     ], 
     "paginations": [
       [23,28,7,20], 
       [17,11,10], 
       [9,8,25], 
       [6,14,16], 
       [22,24,2], 
       [19,0,3], 
       [4,26,12], 
       [5,18,21], 
       [15,1], 
       [29,27], 
       [13]
     ], 
     "properSymbolCount": 10, 
     "solvers": {
       "BestFusion": 13, 
       "FirstFit": 13, 
       "GeneticGroup": 11, 
       "GeneticStandard": 12, 
       "OverloadAndRemove": 11, 
       "OverloadAndRemovePresort": 11
     }, 
     "symbolCount": 65, 
     "symbols": [0,1,2,3,4,5,6,7,8,9,10,11,12,13,14,15,16,17,18,19,20,21,22,23,24,25,26,27,28,29,30,31,32,33,34,35,36,37,38,39,40,41,42,43,44,45,46,47,48,49,50,51,52,53,54,55,56,57,58,59,60,61,62,63,64], 
     "tileCount": 30, 
     "tileMaxSize": 8, 
     "tileMinSize": 4, 
     "tiles": [
       [0,4,6,25,50,58], 
       [9,12,20,50,57,59], 
       [17,24,35,43,48,54,62], 
       [2,50,61,63], 
       [7,8,15,38,41,60], 
       [6,14,39,45,56,58], 
       [12,22,24,26,29,35,44,52], 
       [12,30,39,50,58,59], 
       [22,30,34,43,46,48], 
       [2,11,12,18,35,40,46], 
       [3,5,8,19,22,33,39,53], 
       [4,7,11,35,42,63], 
       [3,10,31,38,49,63], 
       [10,17,27,32,46,49], 
       [2,20,23,26,29,54,56,59], 
       [0,4,14,22,37,49,54,62], 
       [8,21,46,51,53,64], 
       [20,29,36,49,59], 
       [0,27,30,55,57], 
       [6,16,20,38,41,53,60], 
       [14,18,27,33,34,39], 
       [0,15,17,23,24,40,62], 
       [9,10,21,32,36,56,60], 
       [0,3,23,27,30,49], 
       [11,45,47,49,52,59,60], 
       [5,9,27,44,48,59], 
       [5,10,13,21,28,33,52], 
       [6,8,19,22,29,34,63], 
       [1,16,25,27,40,45,46,55], 
       [0,5,23,29,35,44,46,50]
     ], 
     "times": {
       "BestFusion": 0.02, 
       "FirstFit": 0.01, 
       "GeneticGroup": 28.01, 
       "GeneticStandard": 2.28, 
       "OverloadAndRemove": 0.19, 
       "OverloadAndRemovePresort": 0.18
     }
   }, 
   {
     "approximation": "GeneticGroup [2014-10-30 14:58:38]", 
     "avgMultiplicity": 3.06, 
     "capacity": 15, 
     "category": "gauss", 
     "lowerBound": 5, 
     "pageCount": 11, 
     "pages": [
       [7,8,9,13,16,20,23,28,35,37,42,43,47,55,57], 
       [2,21,22,27,30,32,34,35,40,43,44,47,50,53,57], 
       [2,5,14,17,19,32,33,35,39,40,45,48,51,53,57], 
       [5,14,15,23,25,27,31,33,35,42,46,47,50,58,61], 
       [9,12,14,15,17,20,34,35,36,41,48,52,59,60], 
       [1,10,18,19,20,21,22,30,34,37,42,45,48,58,64], 
       [0,1,3,13,16,17,20,21,22,31,38,49,51,55,63], 
       [2,3,10,14,24,25,28,29,34,38,39,45,48,59,60], 
       [3,4,6,12,20,24,26,27,32,37,40,49,52,62,64], 
       [5,8,11,17,26,28,31,37,39,46,53,54,56], 
       [3,21,24,32,39,43,45,60,64]
     ], 
     "paginations": [
       [23,0,6], 
       [11,14,18], 
       [13,4,15], 
       [10,26,21], 
       [19,7], 
       [1,22,17], 
       [25,5,20], 
       [28,16,2], 
       [27,24,8], 
       [12,3,29], 
       [9]
     ], 
     "properSymbolCount": 11, 
     "solvers": {
       "BestFusion": 12, 
       "FirstFit": 13, 
       "GeneticGroup": 11, 
       "GeneticStandard": 12, 
       "OverloadAndRemove": 12, 
       "OverloadAndRemovePresort": 12
     }, 
     "symbolCount": 65, 
     "symbols": [0,1,2,3,4,5,6,7,8,9,10,11,12,13,14,15,16,17,18,19,20,21,22,23,24,25,26,27,28,29,30,31,32,33,34,35,36,37,38,39,40,41,42,43,44,45,46,47,48,49,50,51,52,53,54,55,56,57,58,59,60,61,62,63,64], 
     "tileCount": 30, 
     "tileMaxSize": 9, 
     "tileMinSize": 4, 
     "tiles": [
       [8,13,16,35,55,57], 
       [10,20,22,37,48,58,64], 
       [3,14,24,29,45], 
       [5,8,11,37,53,56], 
       [2,14,17,19,32,35,39,45,51], 
       [1,13,31,38,49,51], 
       [7,8,9,20,28,37,42,43], 
       [9,12,20,34,35,41], 
       [6,20,24,27,37,52,62], 
       [3,21,24,32,39,43,45,60,64], 
       [14,15,42,46,50,58,61], 
       [2,32,43,50,53,57], 
       [26,28,31,39,53,54], 
       [2,5,32,45,51,53,57], 
       [27,34,35,40,44,50], 
       [5,33,39,40,48,53], 
       [10,25,28,29,34,39,48,60], 
       [1,10,18,21,22,30,37,42], 
       [21,22,30,34,47,53,57], 
       [14,15,17,35,36,48,52,59,60], 
       [1,3,16,20,21,51], 
       [23,47,50,61], 
       [19,34,42,45,64], 
       [7,8,23,35,37,43,47], 
       [3,26,27,40,49,64], 
       [0,1,17,20,22,49,55,63], 
       [5,25,27,31,33,35,46], 
       [4,12,26,32,37,40], 
       [2,10,24,28,38,59], 
       [11,17,37,39,46]
     ], 
     "times": {
       "BestFusion": 0.02, 
       "FirstFit": 0.02, 
       "GeneticGroup": 27.96, 
       "GeneticStandard": 2.4, 
       "OverloadAndRemove": 0.19, 
       "OverloadAndRemovePresort": 0.2
     }
   }, 
   {
     "approximation": "GeneticGroup [2015-11-06 14:55:59]", 
     "avgMultiplicity": 3.0, 
     "capacity": 15, 
     "category": "gauss", 
     "lowerBound": 5, 
     "pageCount": 10, 
     "pages": [
       [2,3,4,8,15,18,20,33,38,39,50,53,56,57,62], 
       [5,8,9,14,15,17,19,22,37,39,42,51,52,54,60], 
       [7,12,16,17,19,22,23,34,35,44,45,51,61,64], 
       [2,5,14,15,19,30,31,32,36,43,49,55,56,57,59], 
       [1,2,3,5,12,13,16,18,32,35,37,40,41,46,50], 
       [2,7,9,13,18,20,29,41,42,45,48,51,53,59,62], 
       [3,6,10,11,13,20,24,28,30,39,43,51,53,55,58], 
       [0,4,24,27,29,32,33,37,39,40,43,50,53,63,64], 
       [6,12,16,25,31,32,40,42,43,46,47,48,56,62,63], 
       [11,13,16,19,20,21,26,28,38,43,57,58,59,60,61]
     ], 
     "paginations": [
       [1,26,0], 
       [19,29,27], 
       [24,17,8], 
       [13,28,20], 
       [18,16,23], 
       [4,6,12], 
       [10,2,5], 
       [15,11,14], 
       [21,3,22], 
       [25,9,7]
     ], 
     "properSymbolCount": 11, 
     "solvers": {
       "BestFusion": 12, 
       "FirstFit": 13, 
       "GeneticGroup": 10, 
       "GeneticStandard": 12, 
       "OverloadAndRemove": 12, 
       "OverloadAndRemovePresort": 11
     }, 
     "symbolCount": 65, 
     "symbols": [0,1,2,3,4,5,6,7,8,9,10,11,12,13,14,15,16,17,18,19,20,21,22,23,24,25,26,27,28,29,30,31,32,33,34,35,36,37,38,39,40,41,42,43,44,45,46,47,48,49,50,51,52,53,54,55,56,57,58,59,60,61,62,63,64], 
     "tileCount": 30, 
     "tileMaxSize": 8, 
     "tileMinSize": 5, 
     "tiles": [
       [4,18,39,50,53], 
       [4,8,15,33,38,57,62], 
       [3,11,20,24,30,39,58], 
       [6,31,42,47,48,62], 
       [2,18,20,29,42,45], 
       [6,10,11,28,43,53,55], 
       [9,13,29,51,53,59,62], 
       [13,16,19,20,38,59,61], 
       [16,17,19,23,34,44,45], 
       [11,26,28,38,57,60], 
       [10,13,24,39,51,55], 
       [0,4,24,27,29,37,40,53], 
       [7,29,41,48,59,62], 
       [5,19,31,32,49,56,59], 
       [33,37,40,43,64], 
       [29,32,39,43,50,63], 
       [5,13,18,32,35,40,46], 
       [7,12,22,51,61,64], 
       [1,12,13,16,37,46], 
       [5,9,22,39,51,60], 
       [15,30,43,55,56,59], 
       [6,12,16,40,42,47,56], 
       [25,32,43,46,47,63], 
       [2,3,12,18,32,41,50], 
       [7,12,22,35,44,45], 
       [13,16,20,21,26,43,58,60], 
       [2,3,20,38,50,53,56], 
       [5,8,15,17,19,42,52,60], 
       [2,14,31,36,43,55,57], 
       [9,14,37,42,54]
     ], 
     "times": {
       "BestFusion": 0.02, 
       "FirstFit": 0.02, 
       "GeneticGroup": 28.04, 
       "GeneticStandard": 2.21, 
       "OverloadAndRemove": 0.17, 
       "OverloadAndRemovePresort": 0.17
     }
   }, 
   {
     "approximation": "OverloadAndRemove [2014-10-28 14:14:47]", 
     "avgMultiplicity": 2.95, 
     "capacity": 15, 
     "category": "gauss", 
     "lowerBound": 5, 
     "pageCount": 11, 
     "pages": [
       [13,14,22,33,34,43,44,45,51,53,60,61,62], 
       [2,3,4,7,13,21,28,41,46,48,49,52,53,62], 
       [0,1,3,4,10,11,15,17,20,25,27,39,41,52,63], 
       [1,2,14,19,22,26,29,33,34,38,40,45,48,50,55], 
       [11,15,16,18,21,23,28,34,39,47,50,57,61,62], 
       [0,7,12,17,26,29,30,32,34,35,37,40,44,49], 
       [3,5,6,8,31,35,37,45,47,49,52,54,58,60,64], 
       [1,2,4,13,15,16,40,42,44,54,59,60], 
       [4,5,9,15,24,26,39,45,49,59,61,62], 
       [2,7,8,14,18,31,35,36,38,51,53,56,58,63], 
       [5,9,10,13,19,23,25,29,31,43,57,58,64]
     ], 
     "paginations": [
       [5,18,22], 
       [6,19,4], 
       [13,23,29,3], 
       [17,28,12], 
       [24,26,15], 
       [14,1,9], 
       [27,16,7], 
       [21,0], 
       [11,2], 
       [20,10], 
       [8,25]
     ], 
     "properSymbolCount": 9, 
     "solvers": {
       "BestFusion": 12, 
       "FirstFit": 13, 
       "GeneticGroup": 11, 
       "GeneticStandard": 12, 
       "OverloadAndRemove": 11, 
       "OverloadAndRemovePresort": 12
     }, 
     "symbolCount": 65, 
     "symbols": [0,1,2,3,4,5,6,7,8,9,10,11,12,13,14,15,16,17,18,19,20,21,22,23,24,25,26,27,28,29,30,31,32,33,34,35,36,37,38,39,40,41,42,43,44,45,46,47,48,49,50,51,52,53,54,55,56,57,58,59,60,61,62,63,64], 
     "tileCount": 30, 
     "tileMaxSize": 8, 
     "tileMinSize": 4, 
     "tiles": [
       [15,16,40,42,44,59,60], 
       [0,7,34,35,40,44], 
       [5,15,24,39,49,61,62], 
       [0,1,4,17,41,52], 
       [2,7,21,41,48,52], 
       [22,33,34,45,53], 
       [3,7,46,49,53,62], 
       [3,8,31,35,37,45,47], 
       [13,19,23,31,57,64], 
       [12,17,29,32,35,49], 
       [7,8,14,31,53,56,58], 
       [4,9,26,45,59,61], 
       [1,19,22,26,38,40,45,50], 
       [3,10,11,20,25,27,41,52], 
       [7,12,26,30,37,44], 
       [15,16,18,21,34,50], 
       [3,47,49,58,60,64], 
       [1,14,29,38,40,48,55], 
       [14,43,44,53,60,62], 
       [2,4,13,28,41,46,62], 
       [2,8,18,35,36,38,51,63], 
       [1,2,4,13,16,44,54], 
       [13,22,43,44,51,61], 
       [0,3,20,39,63], 
       [21,23,28,39,57,62], 
       [5,9,10,19,25,29,43,58], 
       [11,34,47,50,57,61], 
       [3,5,6,52,54,64], 
       [2,19,33,34,38,45,48], 
       [10,15,20,52]
     ], 
     "times": {
       "BestFusion": 0.02, 
       "FirstFit": 0.02, 
       "GeneticGroup": 27.79, 
       "GeneticStandard": 2.21, 
       "OverloadAndRemove": 0.17, 
       "OverloadAndRemovePresort": 0.17
     }
   }, 
   {
     "approximation": "GeneticGroup [2014-10-30 14:58:38]", 
     "avgMultiplicity": 3.08, 
     "capacity": 15, 
     "category": "gauss", 
     "lowerBound": 5, 
     "pageCount": 11, 
     "pages": [
       [0,3,4,14,15,16,18,27,32,39,42,44,46,50,63], 
       [5,7,9,20,29,30,32,36,40,43,47,50,51,52,62], 
       [2,6,9,20,21,22,26,28,33,40,41,45,48,52,61], 
       [1,3,14,16,22,25,29,33,35,37,40,47,56,58,59], 
       [3,5,8,9,11,19,20,21,24,28,34,42,43,59,60], 
       [1,7,10,15,20,24,29,45,46,47,54,59,60,61,63], 
       [24,30,34,42,44,51,56,57,62,63,64], 
       [1,2,11,18,23,28,33,36,37,38,39,51,52,61], 
       [4,11,12,23,27,31,36,41,43,45,48,49,51,52,58], 
       [9,11,13,14,18,19,28,34,35,37,38,47,51,54,60], 
       [4,8,10,12,13,17,23,25,27,29,37,51,53,55,59]
     ], 
     "paginations": [
       [22,25,1], 
       [8,9,24,15], 
       [14,12,6], 
       [17,3,21], 
       [10,19,7], 
       [0,2,11], 
       [28,18], 
       [20,27], 
       [5,13], 
       [26,29], 
       [23,4,16]
     ], 
     "properSymbolCount": 7, 
     "solvers": {
       "BestFusion": 13, 
       "FirstFit": 13, 
       "GeneticGroup": 11, 
       "GeneticStandard": 13, 
       "OverloadAndRemove": 12, 
       "OverloadAndRemovePresort": 12
     }, 
     "symbolCount": 65, 
     "symbols": [0,1,2,3,4,5,6,7,8,9,10,11,12,13,14,15,16,17,18,19,20,21,22,23,24,25,26,27,28,29,30,31,32,33,34,35,36,37,38,39,40,41,42,43,44,45,46,47,48,49,50,51,52,53,54,55,56,57,58,59,60,61,62,63,64], 
     "tileCount": 30, 
     "tileMaxSize": 9, 
     "tileMinSize": 5, 
     "tiles": [
       [10,20,54,59,60,61,63], 
       [0,3,14,32,46,63], 
       [7,24,29,47,54], 
       [14,22,25,29,33,35], 
       [8,13,23,25,27,51,55], 
       [4,27,31,36,43,48,49,52,58], 
       [2,9,21,33,45,48,52], 
       [3,9,20,34,43,59], 
       [5,40,50,51,62], 
       [7,9,29,30,36,43], 
       [3,8,9,19,28,42,60], 
       [1,7,15,45,46,47,63], 
       [6,20,21,22,26,28,45,48], 
       [11,12,23,31,41,45,51], 
       [22,40,41,45,61], 
       [5,7,20,32,40,43,47,52], 
       [4,17,29,37,51,55], 
       [3,25,47,56,58,59], 
       [30,42,44,57,62], 
       [5,11,19,20,21,24,34], 
       [11,23,33,37,38,52,61], 
       [1,16,29,37,40,58,59], 
       [15,27,32,39,42,50,63], 
       [10,12,17,51,53,55,59], 
       [9,20,29,32,36,50], 
       [4,16,18,44,46,63], 
       [11,19,28,34,35,37,38,47,54], 
       [1,2,18,28,36,39,51], 
       [24,34,51,56,63,64], 
       [9,13,14,18,28,35,51,60]
     ], 
     "times": {
       "BestFusion": 0.02, 
       "FirstFit": 0.01, 
       "GeneticGroup": 28.18, 
       "GeneticStandard": 2.22, 
       "OverloadAndRemove": 0.18, 
       "OverloadAndRemovePresort": 0.17
     }
   }
 ]