[
   {
     "approximation": "OverloadAndRemovePresort [2014-10-28 13:42:09]", 
     "avgMultiplicity": 11.65, 
     "capacity": 15, 
     "category": "gauss", 
     "lowerBound": 2, 
     "pageCount": 3, 
     "pages": [
       [1,3,4,5,6,8,9,10,11,12,13,16,17,18,19], 
       [0,1,2,3,7,8,9,11,12,13,14,15,16,17,19], 
       [0,2,3,4,5,6,7,10,11,12,14,15,17,18,19]
     ], 
     "paginations": [
       [23,4,10,11,19,24,30,74,5,6,7,15,17,32,45,49,53,57,58,61,64,65,76,78,81,82,83,14,16,28,36,38,41,47,50,55,56,71,72,80], 
       [42,67,9,29,44,3,59,73,33,35,40,54,0,1,46,13,52,75,18,34,39], 
       [21,77,66,8,25,12,27,31,26,43,48,51,60,62,68,70,2,20,22,37,63,69,79,84]
     ], 
     "properSymbolCount": 0, 
     "solvers": {
       "BestFusion": 4, 
       "FirstFit": 4, 
       "GeneticGroup": 3, 
       "GeneticStandard": 3, 
       "OverloadAndRemove": 4, 
       "OverloadAndRemovePresort": 3
     }, 
     "symbolCount": 20, 
     "symbols": [0,1,2,3,4,5,6,7,8,9,10,11,12,13,14,15,16,17,18,19], 
     "tileCount": 85, 
     "tileMaxSize": 5, 
     "tileMinSize": 2, 
     "tiles": [
       [0,16], 
       [14,15], 
       [6,7], 
       [12,14,17], 
       [3,8,10,17], 
       [16,17,18], 
       [6,9,11], 
       [6,11,16], 
       [3,10,15], 
       [2,8], 
       [5,6,9,16], 
       [5,6,9,18], 
       [2,10,18], 
       [11,14,19], 
       [3,13], 
       [6,10,19], 
       [1,12], 
       [8,9,16], 
       [2,17], 
       [5,10,11,17], 
       [6,14], 
       [7,15], 
       [2,6], 
       [4,6,10,12,17], 
       [1,5,8,16], 
       [0,14,19], 
       [0,6,18], 
       [3,15,18], 
       [13,19], 
       [1,2,9,11], 
       [4,5,8,10], 
       [2,4,7], 
       [3,5,9], 
       [0,9], 
       [7,11], 
       [9,15], 
       [1,19], 
       [2,19], 
       [13,17], 
       [12,15], 
       [13,15], 
       [1,13], 
       [2,7,13], 
       [6,11,15], 
       [1,9,14], 
       [8,10,13], 
       [2,14], 
       [6,13], 
       [7,10,19], 
       [8,9,17], 
       [17,19], 
       [2,4,18], 
       [3,7,14], 
       [3,6,9], 
       [14,16], 
       [11,13], 
       [9,10], 
       [1,10,16], 
       [4,5,19], 
       [1,3,15], 
       [4,5,7], 
       [9,12,13], 
       [0,14,18], 
       [5,15], 
       [9,12,18], 
       [6,16,17], 
       [0,4,6,15,17], 
       [7,8,13], 
       [4,14,18], 
       [2,5], 
       [12,14,18], 
       [11,12], 
       [4,9], 
       [7,9,19], 
       [3,16,18,19], 
       [7,14,17], 
       [9,17,18], 
       [0,7], 
       [5,9,12], 
       [7,18], 
       [13,18], 
       [1,3,11], 
       [1,4,5], 
       [3,4,6], 
       [5,14]
     ], 
     "times": {
       "BestFusion": 0.12, 
       "FirstFit": 0.16, 
       "GeneticGroup": 56.58, 
       "GeneticStandard": 11.45, 
       "OverloadAndRemove": 0.36, 
       "OverloadAndRemovePresort": 0.36
     }
   }, 
   {
     "approximation": "GeneticGroup [2014-10-29 12:54:21]", 
     "avgMultiplicity": 27.55, 
     "capacity": 15, 
     "category": "gauss", 
     "lowerBound": 2, 
     "pageCount": 7, 
     "pages": [
       [1,2,3,4,5,6,7,8,9,12,14,15,16,17,18], 
       [0,1,2,3,4,5,6,7,8,11,13,14,15,16,19], 
       [1,2,5,6,7,8,9,10,11,12,13,14,15,17,19], 
       [0,1,3,4,5,7,9,12,13,14,15,16,17,18,19], 
       [0,1,2,3,4,5,7,9,10,11,12,13,17,18,19], 
       [0,1,2,4,5,6,10,11,12,14,15,16,17,18,19], 
       [0,1,2,3,4,6,7,8,11,12,13,14,16,17,18]
     ], 
     "paginations": [
       [67,30,41,7,28,69,47,31,81,59,58,18,73,50,62,46,15,19,84,1,20,27], 
       [26,56,39,60,14,42,17,25,9,13], 
       [61,16,33,74,21,5,64,83,51,63,24,66,35], 
       [6,32,57,78,75,3,22,72,36,49,82,76,23,65,37,68,11], 
       [8,44,77,0,79,45,80,48,40,10], 
       [70,38,52,2,53,54,55,4], 
       [29,71,43,34,12]
     ], 
     "properSymbolCount": 0, 
     "solvers": {
       "BestFusion": 12, 
       "FirstFit": 10, 
       "GeneticGroup": 7, 
       "GeneticStandard": 10, 
       "OverloadAndRemove": 9, 
       "OverloadAndRemovePresort": 9
     }, 
     "symbolCount": 20, 
     "symbols": [0,1,2,3,4,5,6,7,8,9,10,11,12,13,14,15,16,17,18,19], 
     "tileCount": 85, 
     "tileMaxSize": 9, 
     "tileMinSize": 4, 
     "tiles": [
       [0,2,4,7,11,18], 
       [1,2,5,6,16,18], 
       [1,5,6,12,14,18,19], 
       [0,7,13,14,15,17], 
       [0,1,5,6,10,11,12,14,16], 
       [2,5,6,8,14,15,17,19], 
       [12,13,14,15,18], 
       [1,2,3,5,12,14,16,17], 
       [0,1,5,11,13,17], 
       [2,11,14,19], 
       [4,5,7,11,12,18], 
       [7,9,12,13,14,17], 
       [2,3,6,11,16,18], 
       [5,6,11,15,16], 
       [0,5,8,11,15], 
       [2,5,7,8,14,17,18], 
       [1,6,11,13,14,17,19], 
       [0,2,3,8,13,15], 
       [3,4,12,16], 
       [2,3,4,7,14,15], 
       [2,3,5,6,7,9,12], 
       [1,2,8,11,12,13,17,19], 
       [4,7,9,12,16,19], 
       [0,4,5,7,15,18,19], 
       [6,7,8,12,15,19], 
       [0,5,6,7,8,11,14,16], 
       [1,2,3,4,6,7,11,19], 
       [1,2,3,6,7,12,16], 
       [1,3,5,9,15], 
       [2,6,8,11,16,17], 
       [2,4,9,15,18], 
       [2,8,9,14,16,17], 
       [4,12,13,14,16,17,19], 
       [5,8,11,14,17,19], 
       [0,2,4,7,13,16,18], 
       [1,9,12,13,15,19], 
       [0,1,5,7,12,15,18,19], 
       [3,4,12,13,17,19], 
       [0,1,2,4,14,17,18], 
       [1,4,5,8,14,16,19], 
       [0,1,2,9,12,17,19], 
       [2,7,12,14,16,17,18], 
       [0,2,11,13,16], 
       [0,1,4,8,11,12,14], 
       [2,3,4,5,11,12,17], 
       [0,3,7,10,11,17], 
       [1,4,5,9,14,15,17], 
       [2,4,5,6,12,18], 
       [1,9,11,13,17,18], 
       [0,3,16,17,19], 
       [2,3,9,12,14,15,16,18], 
       [1,2,5,6,11,14,15,17], 
       [2,4,10,15,16,17,19], 
       [2,6,10,11,16,17,18], 
       [1,4,10,15,16,18,19], 
       [0,5,6,10,12,14,17], 
       [0,2,4,6,13,14,16], 
       [0,1,9,13,15,16], 
       [1,2,12,15,17], 
       [2,4,6,7,8,12,16,17], 
       [0,3,5,8,15], 
       [5,7,8,13,15,17,19], 
       [1,7,8,12,16,17], 
       [1,7,8,9,11,13,19], 
       [5,7,8,9,13,15,17], 
       [0,3,15,16,18,19], 
       [10,11,12,13,14,15,17], 
       [9,12,14,15,17,18], 
       [0,5,7,13,16,18,19], 
       [3,6,8,12,14,17], 
       [0,5,6,10,11,16,17,18], 
       [1,7,11,14,17,18], 
       [3,4,5,7,14,18,19], 
       [5,9,14,16,17,18], 
       [5,6,7,8,9,10,12,13], 
       [0,1,3,4,13,18], 
       [3,9,13,17,18], 
       [0,3,4,5,11,18,19], 
       [0,3,7,9,17,19], 
       [3,9,10,12,13,19], 
       [0,4,9,10,11,13], 
       [1,2,4,7,9,15,17], 
       [3,5,9,12,14,16,17,19], 
       [1,2,7,10,11,14], 
       [1,7,8,14,15,17]
     ], 
     "times": {
       "BestFusion": 0.11, 
       "FirstFit": 0.09, 
       "GeneticGroup": 95.44, 
       "GeneticStandard": 9.22, 
       "OverloadAndRemove": 1.04, 
       "OverloadAndRemovePresort": 0.8
     }
   }, 
   {
     "approximation": "GeneticGroup [2014-10-29 12:54:21]", 
     "avgMultiplicity": 45.35, 
     "capacity": 15, 
     "category": "gauss", 
     "lowerBound": 2, 
     "pageCount": 24, 
     "pages": [
       [0,1,3,5,6,7,8,9,10,11,14,15,17,18,19], 
       [0,1,2,3,4,5,8,9,10,11,13,14,16,17,18], 
       [0,1,3,4,5,6,7,9,11,12,13,14,16,17,19], 
       [2,3,4,5,6,7,9,10,11,13,14,15,17,18,19], 
       [0,1,3,4,6,7,8,9,10,11,13,15,16,17,18], 
       [2,3,4,5,6,7,8,9,11,12,13,15,16,17,19], 
       [2,3,4,5,6,8,10,11,12,13,14,15,16,18,19], 
       [0,2,3,4,5,6,7,8,9,10,11,13,14,16,17], 
       [0,1,2,3,4,5,6,7,9,10,13,14,15,17,18], 
       [0,1,2,3,4,7,8,9,10,11,12,13,15,16,18], 
       [0,1,4,5,6,7,8,9,10,12,13,14,15,17,19], 
       [0,1,3,4,5,6,8,11,12,13,14,15,16,18,19], 
       [0,1,2,4,5,6,7,10,11,12,13,14,16,17,18], 
       [0,3,4,5,6,7,8,10,11,12,14,15,16,17,18], 
       [0,1,3,4,5,8,9,10,11,12,14,15,17,18,19], 
       [0,2,4,5,6,7,9,10,12,13,14,15,16,17,19], 
       [1,3,4,5,6,8,9,10,11,12,13,14,15,17,18], 
       [1,2,3,5,8,9,10,11,12,13,15,16,17,18,19], 
       [0,2,4,5,7,8,10,11,12,13,14,15,17,18,19], 
       [0,1,2,3,5,6,7,9,12,14,15,16,17,18,19], 
       [0,2,3,4,5,6,7,10,11,12,14,15,16,17,19], 
       [0,1,2,3,4,6,7,11,13,14,15,16,17,18,19], 
       [0,1,2,5,6,7,8,10,11,12,13,14,18,19], 
       [1,2,4,7,9,10,11,13,18,19]
     ], 
     "paginations": [
       [30,41,24,43,42,82], 
       [39,18,40,46], 
       [33,71], 
       [2,68,53,66], 
       [73,11,3,51], 
       [76,45,77,13,34], 
       [57,31,67,69], 
       [62,32,56,74], 
       [37,22,27,14], 
       [80,29,21,84,12], 
       [8,78,16,6], 
       [1,38,20], 
       [5,52,15,44,48], 
       [28,35,47,79], 
       [10,75,58,50], 
       [49,17,54], 
       [9,81,26], 
       [60,36,7], 
       [55,70], 
       [63,19,4,64], 
       [25,0], 
       [72,65,83], 
       [23,59], 
       [61]
     ], 
     "properSymbolCount": 0, 
     "solvers": {
       "BestFusion": 36, 
       "FirstFit": 35, 
       "GeneticGroup": 24, 
       "GeneticStandard": 28, 
       "OverloadAndRemove": 29, 
       "OverloadAndRemovePresort": 29
     }, 
     "symbolCount": 20, 
     "symbols": [0,1,2,3,4,5,6,7,8,9,10,11,12,13,14,15,16,17,18,19], 
     "tileCount": 85, 
     "tileMaxSize": 13, 
     "tileMinSize": 8, 
     "tiles": [
       [2,3,4,5,6,7,10,12,14,16,17], 
       [0,1,3,4,6,8,12,16,18,19], 
       [2,3,4,6,7,9,11,13,14,15,17,18], 
       [0,1,3,4,7,8,9,10,11,17,18], 
       [1,2,5,6,9,12,14,15,16,17,18], 
       [0,1,6,7,10,12,13,16,17,18], 
       [0,1,4,5,8,10,12,13,14,15,17], 
       [2,5,8,10,11,12,15,16,17,18,19], 
       [0,1,5,6,8,9,10,12,13,15], 
       [1,4,6,8,9,11,13,14,15,17,18], 
       [0,1,4,5,9,10,11,14,15,19], 
       [0,4,9,10,11,13,15,16,17,18], 
       [0,1,2,3,4,8,9,11,12,13], 
       [2,4,5,6,7,8,11,12,15,16,17], 
       [0,1,2,4,5,7,10,14,15,17], 
       [0,1,4,5,10,11,12,13,14,16], 
       [4,5,7,8,9,10,12,14,15,17,19], 
       [0,6,7,9,10,12,13,15,16,19], 
       [0,3,5,8,9,10,11,13,16,17,18], 
       [1,2,3,5,9,12,14,15,16,18,19], 
       [0,1,3,5,8,11,14,15,16,18,19], 
       [0,7,8,10,11,12,13,15,16,18], 
       [0,1,4,5,6,7,9,14,15,17,18], 
       [0,1,2,6,8,10,11,13,14,18,19], 
       [5,6,7,8,9,10,15,17,19], 
       [0,2,3,5,10,11,12,14,15,16,19], 
       [1,5,6,8,10,11,12,13,14,17], 
       [0,1,2,3,5,6,7,9,13,14,15,17], 
       [0,3,4,5,6,8,12,14,15,17,18], 
       [0,1,2,3,7,8,9,10,12,13], 
       [0,1,5,6,7,9,10,11,15,17,18], 
       [2,3,5,6,8,10,15,18,19], 
       [0,2,3,4,7,9,11,13,14,16,17], 
       [0,1,3,4,6,7,9,11,12,14,16,19], 
       [3,5,6,7,8,9,15,16,17], 
       [0,3,4,6,7,8,10,12,15,16,18], 
       [1,2,3,8,11,12,13,15,16,18,19], 
       [0,1,2,4,5,7,9,10,15,18], 
       [0,1,3,4,11,12,13,14,15,16,19], 
       [0,1,2,5,8,9,10,11,14,17,18], 
       [1,2,3,4,5,8,9,10,13,16,17,18], 
       [0,1,3,5,7,8,9,10,14,17], 
       [1,6,7,8,10,15,17,18,19], 
       [1,3,7,9,10,14,15,17,18,19], 
       [0,2,4,7,10,11,12,13,14,16], 
       [2,3,5,7,8,9,13,15,16,17,19], 
       [0,2,3,4,8,9,11,13,14,17], 
       [0,4,5,6,7,10,11,12,14,15,16,18], 
       [0,1,6,7,10,11,12,13,14,18], 
       [2,5,6,9,12,13,14,17,19], 
       [0,3,5,8,9,10,11,12,14,17,19], 
       [0,1,6,7,8,9,10,11,13,16,17,18], 
       [0,1,2,4,5,6,7,12,13,17,18], 
       [2,3,4,5,6,7,10,11,15,17,18], 
       [0,2,4,9,10,12,13,14,15,16,17,19], 
       [0,2,5,7,8,10,11,13,15,17,18,19], 
       [0,2,3,6,7,8,9,10,13,14,16,17], 
       [2,3,10,11,12,13,14,15,16,18], 
       [0,1,3,4,5,8,9,11,15,17,19], 
       [2,5,6,7,8,11,12,13,18,19], 
       [3,5,8,9,10,11,12,13,15,16,17,18,19], 
       [1,2,4,7,9,10,11,13,18,19], 
       [0,2,3,4,5,6,8,9,10,13,14,17], 
       [0,1,3,5,7,9,14,15,16,17,18,19], 
       [0,2,5,6,7,9,12,14,18,19], 
       [0,1,2,4,6,7,11,13,14,18,19], 
       [4,6,7,10,11,13,14,15,17,18], 
       [2,4,5,6,8,10,11,12,14,16,18,19], 
       [2,3,5,6,7,10,13,14,15,17,19], 
       [2,4,6,8,10,11,13,14,15,16,19], 
       [2,4,5,7,8,12,13,14,15,17,18], 
       [0,3,4,5,7,11,12,13,14,16,17], 
       [0,2,3,6,7,11,13,15,16,18,19], 
       [1,3,4,6,7,10,13,16,18], 
       [0,4,6,7,10,13,14,16,17], 
       [0,1,3,4,10,12,14,15,17,18], 
       [4,5,6,7,8,11,12,15,19], 
       [2,3,4,5,6,8,9,11,15,17,19], 
       [0,1,4,5,6,7,8,9,13,14,15,17,19], 
       [0,3,4,5,6,11,14,15,16,17], 
       [0,2,4,7,9,11,13,15,16,18], 
       [1,3,4,5,8,9,10,11,12,13,14,15], 
       [1,3,5,7,8,15,18,19], 
       [0,2,3,4,7,13,14,15,17,18,19], 
       [0,1,2,4,7,8,9,12,13,15,18]
     ], 
     "times": {
       "BestFusion": 0.08, 
       "FirstFit": 0.06, 
       "GeneticGroup": 106.0, 
       "GeneticStandard": 8.54, 
       "OverloadAndRemove": 2.03, 
       "OverloadAndRemovePresort": 1.79
     }
   }, 
   {
     "approximation": "OverloadAndRemovePresort [2014-10-28 13:42:09]", 
     "avgMultiplicity": 11.7, 
     "capacity": 15, 
     "category": "gauss", 
     "lowerBound": 2, 
     "pageCount": 3, 
     "pages": [
       [1,2,3,6,7,9,11,12,13,14,15,16,17,18,19], 
       [0,2,3,4,5,7,8,9,10,11,12,14,15,16,17], 
       [0,1,2,3,4,5,6,8,9,10,11,12,13,18,19]
     ], 
     "paginations": [
       [21,23,27,36,47,50,54,55,70,72,74,3,6,15,19,25,26,28,39,45,62,80,0,1,16,17,20,22,34,37,42,46,59,60,63,66,71,75,79], 
       [14,58,41,83,65,5,32,2,69,76,12,29,51,53,78,84,4,38,43,57,77,18,68], 
       [31,56,81,7,8,11,13,24,30,40,48,49,52,61,9,10,33,35,44,64,67,73,82]
     ], 
     "properSymbolCount": 0, 
     "solvers": {
       "BestFusion": 4, 
       "FirstFit": 4, 
       "GeneticGroup": 3, 
       "GeneticStandard": 3, 
       "OverloadAndRemove": 4, 
       "OverloadAndRemovePresort": 3
     }, 
     "symbolCount": 20, 
     "symbols": [0,1,2,3,4,5,6,7,8,9,10,11,12,13,14,15,16,17,18,19], 
     "tileCount": 85, 
     "tileMaxSize": 5, 
     "tileMinSize": 2, 
     "tiles": [
       [7,14], 
       [9,16], 
       [3,10,17], 
       [6,7,11], 
       [0,2,8,9], 
       [4,12,17], 
       [1,15,16], 
       [8,11,18], 
       [8,12,19], 
       [0,12], 
       [5,18], 
       [1,8,18], 
       [0,15], 
       [0,11,19], 
       [4,5], 
       [9,11,19], 
       [7,17], 
       [6,16], 
       [2,5], 
       [1,12,14], 
       [13,16], 
       [1,7,15,19], 
       [2,12], 
       [1,12,15,19], 
       [0,1,5], 
       [11,12,15], 
       [7,12,16], 
       [1,2,6,14], 
       [1,6,18], 
       [10,14], 
       [0,10,13], 
       [0,6,9,13,19], 
       [7,10,15], 
       [3,4], 
       [2,13], 
       [5,19], 
       [1,2,16,19], 
       [2,15], 
       [4,9,10], 
       [11,14,17], 
       [4,12,19], 
       [5,15,16], 
       [7,18], 
       [5,9,12], 
       [4,18], 
       [11,16,17], 
       [3,12], 
       [11,12,16,19], 
       [1,4,12], 
       [10,12,18], 
       [3,6,9,19], 
       [0,16], 
       [3,10,19], 
       [4,14], 
       [6,11,18,19], 
       [1,3,6,17], 
       [0,1,3,8], 
       [0,3,5], 
       [5,10], 
       [17,18], 
       [2,17], 
       [0,2,3], 
       [1,9,18], 
       [13,17], 
       [6,8], 
       [4,15], 
       [16,18], 
       [4,6], 
       [2,4], 
       [5,11,14], 
       [6,11,14,19], 
       [6,12], 
       [7,13,15,19], 
       [10,11], 
       [3,6,13,15], 
       [11,13], 
       [5,12,14], 
       [8,9,11], 
       [7,8], 
       [13,14], 
       [1,9,12], 
       [8,10,12,13], 
       [6,10], 
       [10,16,17], 
       [0,17]
     ], 
     "times": {
       "BestFusion": 0.13, 
       "FirstFit": 0.1, 
       "GeneticGroup": 58.11, 
       "GeneticStandard": 10.89, 
       "OverloadAndRemove": 0.31, 
       "OverloadAndRemovePresort": 0.37
     }
   }, 
   {
     "approximation": "GeneticGroup [2014-10-29 12:54:21]", 
     "avgMultiplicity": 28.35, 
     "capacity": 15, 
     "category": "gauss", 
     "lowerBound": 2, 
     "pageCount": 8, 
     "pages": [
       [0,1,2,4,5,7,8,11,12,13,14,15,17,18,19], 
       [0,3,4,5,6,8,9,10,12,13,15,16,17,18,19], 
       [1,3,5,6,7,8,9,10,11,12,13,14,15,17,18], 
       [0,2,3,4,6,7,8,10,11,12,13,14,16,17,19], 
       [0,1,2,3,4,5,6,8,9,10,13,14,15,16,18], 
       [1,2,3,5,6,7,9,10,11,12,13,14,15,16,19], 
       [0,1,3,4,6,7,9,10,11,12,14,15,16,17,18], 
       [0,2,6,9,11,12,13,14,15,18,19]
     ], 
     "paginations": [
       [53,65,52,82,51,54,48,45,17,47,12,80,50,7,11], 
       [29,6,43,34,26,81,9,64,30], 
       [18,77,3,78,24,27,72,69,14,41,35,5,21], 
       [37,25,13,70,79,31,83,38,59,60,42], 
       [28,75,20,62,71,16,67,56,73,39,49,2,76,55,22], 
       [68,32,46,74,10,8,63,40,44,33,15,23,1,84,57], 
       [19,66,61,0,36], 
       [4,58]
     ], 
     "properSymbolCount": 0, 
     "solvers": {
       "BestFusion": 14, 
       "FirstFit": 14, 
       "GeneticGroup": 8, 
       "GeneticStandard": 10, 
       "OverloadAndRemove": 10, 
       "OverloadAndRemovePresort": 10
     }, 
     "symbolCount": 20, 
     "symbols": [0,1,2,3,4,5,6,7,8,9,10,11,12,13,14,15,16,17,18,19], 
     "tileCount": 85, 
     "tileMaxSize": 9, 
     "tileMinSize": 4, 
     "tiles": [
       [0,1,6,9,11,14], 
       [3,5,6,7,10,12,14], 
       [2,4,9,13,14,16], 
       [1,6,8,9,11,14,17], 
       [6,9,13,14,15,18,19], 
       [1,5,7,10,12,14,15], 
       [4,8,9,16,19], 
       [0,2,8,11,12,13], 
       [1,3,5,7,11,16,19], 
       [0,3,4,5,6,8,10,16,17], 
       [1,2,3,7,9,14,15], 
       [1,2,8,15,18], 
       [0,2,5,8,11,17,19], 
       [0,2,6,7,12,19], 
       [3,5,6,8,9,14], 
       [2,3,9,10,11,14,19], 
       [0,2,4,5,6,14,16], 
       [0,1,2,5,8,11,15], 
       [3,7,8,11,12,15,18], 
       [0,1,9,10,12,16,17,18], 
       [0,1,2,5,6,13,18], 
       [1,7,9,10,12,13,14], 
       [1,4,6,13,14,18], 
       [1,2,3,5,9,19], 
       [5,6,10,11,15,17], 
       [2,3,7,8,10,14], 
       [4,9,12,13,16], 
       [3,5,10,12,13,14,18], 
       [1,2,6,8,14,16,18], 
       [4,9,10,13,19], 
       [3,4,5,6,9], 
       [0,3,12,13,14,19], 
       [1,2,3,9,10,14,19], 
       [1,3,7,9,10,14,15], 
       [4,6,12,13,17,18], 
       [3,5,6,7,10,14,15], 
       [3,4,7,15,18], 
       [0,3,6,7,8,10,16,19], 
       [4,7,13,14,16,19], 
       [1,2,3,4,6,10,13,15], 
       [1,3,6,7,10,11,12,13], 
       [3,5,6,7,9,12,15], 
       [0,2,3,16,17], 
       [0,8,9,10,13,18,19], 
       [3,5,6,9,10,14,15,19], 
       [0,1,2,8,13,14,19], 
       [1,3,6,7,14,16], 
       [1,11,13,14,17,19], 
       [0,2,4,7,12,17,18,19], 
       [2,3,5,8,9,13], 
       [1,2,4,5,12,15,17], 
       [4,5,8,11,13,15], 
       [2,11,13,14,15,17], 
       [2,5,8,12,13,15,17], 
       [2,4,7,8,11,17,19], 
       [0,1,5,6,9,14,15,18], 
       [1,4,8,9,13,14,18], 
       [2,7,9,11,13,14,16], 
       [0,2,6,9,11,12,13], 
       [0,2,6,7,8,11,17], 
       [6,7,8,10,14,17,19], 
       [0,1,3,7,9,11,14,17], 
       [1,2,3,4,15,16], 
       [5,9,10,12,14,15,16], 
       [3,9,10,15,17,18], 
       [7,12,14,15,17], 
       [0,4,6,10,11,14,16,18], 
       [0,2,3,5,6,8,13,15,16], 
       [2,5,6,10,12,13,14,16,19], 
       [1,5,6,8,12,17,18], 
       [0,3,11,13,14,17,19], 
       [0,2,3,5,8,10], 
       [3,5,7,8,12,13,14,15], 
       [0,2,3,5,8,16,18], 
       [2,5,7,9,12], 
       [1,10,14,15,16,18], 
       [2,8,10,13,14,16,18], 
       [1,5,9,10,11,13,17], 
       [5,6,8,11,13,17], 
       [0,4,7,10,14,16,17], 
       [0,1,14,17,19], 
       [4,5,6,10,12,15,17], 
       [4,5,7,8,12,14,17,19], 
       [0,2,3,6,7,14,16], 
       [2,9,10,12]
     ], 
     "times": {
       "BestFusion": 0.09, 
       "FirstFit": 0.07, 
       "GeneticGroup": 99.55, 
       "GeneticStandard": 9.13, 
       "OverloadAndRemove": 0.91, 
       "OverloadAndRemovePresort": 0.95
     }
   }, 
   {
     "approximation": "GeneticGroup [2015-11-05 16:03:58]", 
     "avgMultiplicity": 44.7, 
     "capacity": 15, 
     "category": "gauss", 
     "lowerBound": 2, 
     "pageCount": 23, 
     "pages": [
       [0,1,3,4,6,9,10,11,12,13,14,16,17,18,19], 
       [1,3,5,6,7,8,9,10,11,12,13,15,17,18,19], 
       [0,1,2,3,4,6,7,9,12,14,15,16,17,18,19], 
       [1,2,5,6,7,8,9,10,11,14,15,16,17,18,19], 
       [2,4,5,6,7,8,9,10,11,12,13,15,17,18,19], 
       [0,1,2,3,4,5,7,8,9,10,11,12,15,16,17], 
       [0,1,2,3,4,5,6,7,8,9,10,12,13,16,17], 
       [0,1,2,4,5,8,9,10,11,12,13,14,15,16,17], 
       [0,3,4,5,6,7,8,9,10,11,12,14,16,17,18], 
       [0,1,2,3,4,5,6,7,9,12,13,14,17,18,19], 
       [0,1,2,4,5,8,9,10,11,13,14,15,16,18,19], 
       [0,1,2,3,7,8,10,11,12,13,14,15,16,17,18], 
       [0,1,2,3,4,6,7,9,10,11,14,15,16,18,19], 
       [0,1,3,4,5,6,7,8,12,13,14,15,16,18,19], 
       [0,2,3,5,6,7,8,9,10,12,13,14,17,18,19], 
       [1,2,3,4,5,6,8,9,10,11,12,14,15,16,19], 
       [1,2,3,4,5,6,7,8,9,10,12,13,14,15,18], 
       [1,3,4,6,7,8,9,10,12,13,14,15,17,18,19], 
       [0,1,2,4,6,8,9,11,12,13,14,15,16,17,18], 
       [0,1,2,3,4,7,9,10,11,12,13,14,16,17,19], 
       [0,1,2,5,6,7,8,10,11,12,14,15,16,18,19], 
       [0,1,2,3,4,5,6,7,11,12,14,16,17,18,19], 
       [0,2,3,4,5,6,7,8,9,10,11,14,15,17,19]
     ], 
     "paginations": [
       [24,54,80,17,56], 
       [37,6,59,51], 
       [29,65,48,5,84], 
       [58,63,57,44], 
       [3,62], 
       [11,42,13,46], 
       [25,67,34,23], 
       [14,61,82,0,77,20,49,73], 
       [10,71,50,35], 
       [33,55,9,45,64], 
       [60,18,36], 
       [22,16,31], 
       [15,39,66,75], 
       [21,76,19], 
       [69,53,43], 
       [68,79,72], 
       [81,40], 
       [2,30,12], 
       [83,41], 
       [32,78], 
       [28,27,7,8], 
       [1,70,26], 
       [74,47,38,4,52]
     ], 
     "properSymbolCount": 0, 
     "solvers": {
       "BestFusion": 33, 
       "FirstFit": 31, 
       "GeneticGroup": 23, 
       "GeneticStandard": 29, 
       "OverloadAndRemove": 28, 
       "OverloadAndRemovePresort": 28
     }, 
     "symbolCount": 20, 
     "symbols": [0,1,2,3,4,5,6,7,8,9,10,11,12,13,14,15,16,17,18,19], 
     "tileCount": 85, 
     "tileMaxSize": 13, 
     "tileMinSize": 8, 
     "tiles": [
       [0,1,2,10,12,13,14,15,17], 
       [0,1,2,3,4,5,6,7,11,14,16,18], 
       [4,7,8,9,12,13,14,15,17,18,19], 
       [2,5,6,7,8,9,10,11,12,13,17,18,19], 
       [3,4,5,6,7,9,10,15,17], 
       [0,1,2,3,4,6,9,12,14,15,18], 
       [1,5,6,8,9,10,11,12,13,17,18,19], 
       [0,1,2,5,6,7,8,10,12,14,15,16], 
       [0,2,5,6,7,10,11,14,15], 
       [0,1,2,3,4,7,9,13,14,17,19], 
       [0,3,5,6,10,11,12,14,16,18], 
       [1,3,5,7,8,9,10,11,12,16,17], 
       [1,3,4,6,7,8,10,12,13,14,19], 
       [0,1,2,4,5,7,8,9,11,15,17], 
       [0,2,4,5,9,11,13,14,16,17], 
       [1,2,4,6,7,9,11,15,16,18], 
       [0,7,8,10,11,13,14,15,16,17,18], 
       [3,4,6,9,10,11,13,14,17,18,19], 
       [1,2,4,5,8,9,10,11,13,15,18,19], 
       [0,1,3,4,6,7,8,13,15,16,18,19], 
       [0,2,4,5,9,10,11,12,14,16,17], 
       [0,3,5,6,7,12,13,14,16,18], 
       [1,3,7,8,11,12,13,14,15,16,17], 
       [0,1,2,3,4,6,7,9,13,16,17], 
       [3,4,6,9,14,16,17,18,19], 
       [0,2,4,5,6,7,9,10,12,13,16,17], 
       [2,3,6,7,11,12,16,18,19], 
       [0,1,2,8,10,11,12,15,18,19], 
       [5,7,8,11,12,15,16,18,19], 
       [0,1,2,4,6,7,12,15,16,18,19], 
       [1,3,9,10,12,14,15,17,18,19], 
       [0,2,10,12,13,14,16,17,18], 
       [0,1,2,7,9,10,13,14,16,17,19], 
       [0,2,3,5,6,7,9,12,13,17,18,19], 
       [0,1,2,4,6,8,10,13,16,17], 
       [6,7,8,9,10,11,12,14,16,17], 
       [0,2,5,8,9,13,14,15,16,19], 
       [3,5,6,8,9,12,13,15,17,19], 
       [0,3,4,7,9,11,14,15,17], 
       [0,1,4,6,7,9,10,11,15,16,18,19], 
       [1,2,3,5,6,7,8,9,10,14,15,18], 
       [2,4,6,8,9,12,13,14,16,17,18], 
       [2,4,5,7,8,9,10,12,15,16,17], 
       [0,2,5,7,8,9,10,12,14,17,18,19], 
       [5,8,9,10,14,16,17,18,19], 
       [0,1,4,5,6,9,13,18,19], 
       [0,5,7,8,9,10,11,12,16,17], 
       [0,3,4,5,7,11,14,15,17], 
       [0,1,2,3,6,7,9,15,16,17,18,19], 
       [0,2,8,10,11,13,14,15,16], 
       [3,7,9,10,11,12,14,16,17,18], 
       [1,3,5,7,9,10,12,13,15,18,19], 
       [0,3,5,6,9,11,15,17], 
       [0,3,5,6,7,8,9,10,13,14], 
       [1,4,9,10,11,12,13,16,17,18], 
       [0,1,2,3,4,5,6,7,12,13,14,17], 
       [0,1,4,6,12,14,16,17,18,19], 
       [1,6,8,9,10,14,15,16,17,19], 
       [1,2,6,8,10,11,14,15,16,17,18,19], 
       [6,7,10,11,12,13,15,17,18], 
       [0,1,2,5,8,9,11,13,16,19], 
       [0,1,4,5,8,9,11,13,15,17], 
       [2,4,5,6,8,10,11,13,15,17,18,19], 
       [2,5,7,9,10,11,14,15,16,18,19], 
       [1,3,4,5,12,13,17,18,19], 
       [0,1,7,9,12,15,16,17,18,19], 
       [2,3,4,7,9,10,11,14,18,19], 
       [0,1,5,6,7,9,10,13,16,17], 
       [2,3,5,6,8,10,11,12,14,15,16], 
       [0,3,5,6,8,9,10,13,17,18,19], 
       [0,2,3,4,5,6,12,16,17,19], 
       [4,5,6,8,10,11,14,16,17,18], 
       [1,2,3,4,6,8,9,10,11,12,14,16,19], 
       [0,1,5,8,10,12,13,14,16,17], 
       [0,2,4,5,6,8,9,10,14,15,17,19], 
       [1,2,4,7,9,10,11,14,15,18,19], 
       [1,3,4,5,6,7,13,15,16,18,19], 
       [0,1,2,4,8,10,11,12,13,15,17], 
       [0,3,4,7,9,10,11,12,14,17,19], 
       [1,2,3,8,9,11,14,15,16,19], 
       [0,9,10,11,12,13,14,16,17,18,19], 
       [1,2,3,4,5,8,9,12,13,14,18], 
       [0,1,4,8,10,11,12,13,16,17], 
       [0,1,2,4,9,11,14,15,16,17,18], 
       [2,4,6,9,14,15,17,18]
     ], 
     "times": {
       "BestFusion": 0.08, 
       "FirstFit": 0.06, 
       "GeneticGroup": 104.5, 
       "GeneticStandard": 8.88, 
       "OverloadAndRemove": 1.76, 
       "OverloadAndRemovePresort": 1.75
     }
   }
 ]