[
   {
     "approximation": "GeneticGroup [2015-11-06 15:58:47]", 
     "avgMultiplicity": 4.09, 
     "capacity": 15, 
     "category": "gauss", 
     "lowerBound": 5, 
     "pageCount": 10, 
     "pages": [
       [1,3,4,5,15,20,24,25,34,36,41,45,58,60,63], 
       [7,12,21,23,27,30,34,35,36,39,42,52,57,63,64], 
       [0,6,10,17,19,25,32,34,40,43,44,47,50,51,55], 
       [2,3,16,17,18,19,28,31,33,35,40,41,45,60,64], 
       [11,18,21,24,25,26,30,32,38,41,46,48,50,56,58], 
       [7,11,13,14,16,19,21,22,27,49,56,59,61,62,63], 
       [4,12,16,17,23,31,36,44,46,49,51,54,55,56,58], 
       [0,1,4,8,9,15,27,34,35,38,41,52,53,59,61], 
       [1,2,13,15,16,20,29,32,37,42,44,45,46,50,61], 
       [2,5,8,11,20,24,37,42,52,53,56,57,58,62,64]
     ], 
     "paginations": [
       [22,61,8,34,55,81,21,82,36,27,0], 
       [54,17,52,32,5,14,65,19,10], 
       [47,88,43,1,37,15,72,46,60,67,86], 
       [89,57,76,30,31,83,18,24,11], 
       [13,79,84,28,50,78,69,35], 
       [68,20,26,63,25,49,62,87], 
       [9,58,66,59,75,74,70,7], 
       [51,29,53,16,71,23,77], 
       [48,40,85,2,42,45,44,33,39,41], 
       [38,12,73,56,3,64,80,4,6]
     ], 
     "properSymbolCount": 4, 
     "solvers": {
       "BestFusion": 12, 
       "FirstFit": 15, 
       "GeneticGroup": 10, 
       "GeneticStandard": 13, 
       "OverloadAndRemove": 11, 
       "OverloadAndRemovePresort": 11
     }, 
     "symbolCount": 65, 
     "symbols": [0,1,2,3,4,5,6,7,8,9,10,11,12,13,14,15,16,17,18,19,20,21,22,23,24,25,26,27,28,29,30,31,32,33,34,35,36,37,38,39,40,41,42,43,44,45,46,47,48,49,50,51,52,53,54,55,56,57,58,59,60,61,62,63,64], 
     "tileCount": 90, 
     "tileMaxSize": 6, 
     "tileMinSize": 2, 
     "tiles": [
       [3,20,41], 
       [0,6,25], 
       [20,29], 
       [53,56,57], 
       [5,64], 
       [12,39], 
       [11,53], 
       [16,51], 
       [4,41], 
       [4,46,55], 
       [23,39,42,52,64], 
       [18,33], 
       [20,24,53,56,64], 
       [18,25,32,46,56,58], 
       [7,39,64], 
       [32,43,50,55], 
       [0,1,35], 
       [12,36,57], 
       [19,45], 
       [34,35,36,39], 
       [13,56], 
       [15,63], 
       [5,24,60], 
       [9,41,61], 
       [18,19,31,40,60], 
       [14,16,62], 
       [16,21,27,49,59], 
       [3,36,60], 
       [11,30,32,58], 
       [1,27], 
       [28,35], 
       [16,60], 
       [7,30,34,63], 
       [13,45,50], 
       [3,24,34], 
       [26,50], 
       [20,60], 
       [0,44], 
       [58,62], 
       [29,37,45], 
       [15,32,46], 
       [2,20,42], 
       [44,50,61], 
       [6,43], 
       [15,50], 
       [1,2,44], 
       [6,44], 
       [34,40,43], 
       [16,32,37,61], 
       [49,61,63], 
       [24,46,48], 
       [15,35,52,59], 
       [12,27,35], 
       [4,53,61], 
       [7,52], 
       [3,5,58,63], 
       [37,52,64], 
       [2,17,31,41,64], 
       [12,51], 
       [4,17,36,49,51], 
       [6,17], 
       [1,4,25], 
       [11,19,27,56,59], 
       [22,49], 
       [2,8,52], 
       [7,21,34,35], 
       [17,58], 
       [10,19,44], 
       [16,63], 
       [38,46,48], 
       [23,44,46], 
       [9,34,38], 
       [19,32], 
       [42,57,58], 
       [12,31,44,56], 
       [4,23,54], 
       [17,28], 
       [0,8], 
       [26,30,41], 
       [38,50], 
       [5,53], 
       [15,41,45], 
       [15,25,34], 
       [3,18], 
       [11,21,30,41,48], 
       [42,44], 
       [17,47,55], 
       [7,14,22,56], 
       [19,25,43,51], 
       [18,45]
     ], 
     "times": {
       "BestFusion": 0.08, 
       "FirstFit": 0.04, 
       "GeneticGroup": 54.57, 
       "GeneticStandard": 5.38, 
       "OverloadAndRemove": 0.28, 
       "OverloadAndRemovePresort": 0.36
     }
   }, 
   {
     "approximation": "OverloadAndRemove [2014-10-28 14:17:30]", 
     "avgMultiplicity": 9.26, 
     "capacity": 15, 
     "category": "gauss", 
     "lowerBound": 5, 
     "pageCount": 31, 
     "pages": [
       [1,5,10,12,20,23,27,32,33,34,38,49,57,60,61], 
       [0,10,13,22,32,46,48,50,52,53,54,58,60], 
       [10,15,16,18,20,24,28,30,41,42,43,48,54,59,60], 
       [0,8,9,10,15,20,22,28,31,34,37,40,46,50], 
       [4,6,7,17,21,24,27,30,34,35,38,46,62], 
       [11,16,19,23,26,29,33,34,41,45,48,50,51,57,62], 
       [1,5,7,14,15,20,27,30,32,34,37,47,48,58], 
       [5,12,13,17,18,23,33,38,41,44,50,52,63], 
       [6,9,10,11,16,36,44,46,47,50,53,55,60,61], 
       [0,2,7,12,19,30,31,32,40,41,43,53,57], 
       [5,12,14,23,26,27,35,36,37,39,41,47,48,61,64], 
       [1,2,14,15,18,19,33,35,39,42,46,48,51,62], 
       [2,8,11,25,28,29,30,31,32,37,38,47,48,56,57], 
       [2,5,16,25,28,31,33,43,44,49,58,59,61,63,64], 
       [4,5,12,21,32,33,41,44,47,49,59,60,61], 
       [0,2,8,13,20,24,32,38,42,43,53,57,58,59], 
       [0,1,15,21,22,28,30,33,38,39,40,45,47,49,51], 
       [0,4,7,9,10,12,15,16,20,21,41,53,55,60,64], 
       [3,6,7,11,17,32,33,34,35,37,45,46,53,57,63], 
       [4,5,8,10,11,13,36,40,42,46,49,50,51,63], 
       [2,9,11,12,15,17,19,22,23,29,45,58], 
       [3,4,7,15,19,20,22,34,36,42,49,50,53,57,58], 
       [5,18,27,31,34,37,46,47,48,51,52,54,56,63,64], 
       [15,20,27,28,35,36,37,40,41,42,43,48,49], 
       [3,4,6,11,14,16,19,25,28,33,43,59,60,61], 
       [2,5,15,23,24,25,30,41,46,47,50,54], 
       [6,8,11,16,21,35,38,39,44,45,46,47,49,54,57], 
       [2,21,22,24,25,26,30,38,43,46,52,53,63], 
       [0,10,17,18,20,29,36,39,40,44,48,54,55], 
       [5,6,22,25,33,34,36,42,47,50,52,59,60], 
       [1,2,4,11,15,21,23,31,44,55,56,57,59,61,62]
     ], 
     "paginations": [
       [5,11,89], 
       [32,79,86], 
       [2,20,45,50], 
       [22,38,66,23], 
       [62,21,49], 
       [56,65,44,87], 
       [81,48,58,24], 
       [41,42,52], 
       [83,43,61,69], 
       [14,28,39], 
       [47,72,40], 
       [12,77,8,13], 
       [6,17,85], 
       [29,0,71], 
       [82,84], 
       [51,59,76], 
       [34,18,78], 
       [60,80,63], 
       [4,35,30], 
       [67,9,15], 
       [70,7], 
       [10,31,3], 
       [27,36,26], 
       [19,73], 
       [68,33,54], 
       [88,37], 
       [55,25], 
       [53,74], 
       [75,16], 
       [57,1], 
       [64,46]
     ], 
     "properSymbolCount": 0, 
     "solvers": {
       "BestFusion": 34, 
       "FirstFit": 37, 
       "GeneticGroup": 31, 
       "GeneticStandard": 35, 
       "OverloadAndRemove": 31, 
       "OverloadAndRemovePresort": 32
     }, 
     "symbolCount": 65, 
     "symbols": [0,1,2,3,4,5,6,7,8,9,10,11,12,13,14,15,16,17,18,19,20,21,22,23,24,25,26,27,28,29,30,31,32,33,34,35,36,37,38,39,40,41,42,43,44,45,46,47,48,49,50,51,52,53,54,55,56,57,58,59,60,61,62,63,64], 
     "tileCount": 90, 
     "tileMaxSize": 10, 
     "tileMinSize": 4, 
     "tiles": [
       [31,43,58,59,61,63], 
       [5,6,25,33,34,36,42,50], 
       [16,24,41,48,54], 
       [3,4,20,36,49,57,58], 
       [17,33,34,37,46,57,63], 
       [10,12,23,27,32,57,61], 
       [8,25,29,30,37,56,57], 
       [2,12,15,17,19,29,45,58], 
       [1,14,18,42,46,62], 
       [4,5,8,42,49,51], 
       [20,22,34,42,53,58], 
       [5,20,23,33,38,49,57,61], 
       [2,15,18,35,42], 
       [2,19,42,46,48,51], 
       [12,19,30,31,40,43], 
       [4,5,10,11,36,46,50,63], 
       [0,10,18,29,36,39,44,54], 
       [8,11,29,37,38,48], 
       [0,15,22,30,38,39,40], 
       [27,28,35,40,41,43,49], 
       [10,16,20,24,30,48,59], 
       [30,34,35,38], 
       [0,28,31,37,40], 
       [0,8,10,20,22,34], 
       [5,7,14,20,27], 
       [6,11,16,38,39,44,47,49,57], 
       [18,31,37,51,54,56,64], 
       [5,27,34,48,52,54,63], 
       [2,30,32,40,41,57], 
       [2,5,16,28,31,58], 
       [3,6,7,17,35,37,45,46], 
       [7,15,19,22,34,50,53,57], 
       [10,32,46,50,52,53,58], 
       [6,11,19,25,28,60], 
       [1,15,21,40,45,49], 
       [11,32,34,37,46,53,63], 
       [27,46,47,51,52,56], 
       [2,25,30,41,47,50,54], 
       [9,15,20,28,37,40,50], 
       [0,7,30,32,41,43,53], 
       [14,23,27,35,37,48], 
       [13,23,33,44,52], 
       [13,17,18,41,44,50,63], 
       [9,16,44,50,61], 
       [11,19,26,41,45,48,50], 
       [10,15,24,42,43,54,60], 
       [1,15,23,44,56,59,61], 
       [5,14,26,39,47,61,64], 
       [7,30,34,37,48,58], 
       [6,7,17,24,27,30,46], 
       [18,24,28,30,54,60], 
       [8,20,24,32,38,43,58], 
       [5,12,13,18,38,50], 
       [22,24,26,38,46,52,53], 
       [4,14,16,33,43], 
       [8,11,21,35,38,39,45,46,54,57], 
       [11,23,51,57,62], 
       [22,33,36,47,50,52,59,60], 
       [1,7,15,27,32,37,48], 
       [0,2,13,24,38,43,59], 
       [4,7,9,10,20,21,55], 
       [6,36,44,46,47,50,60], 
       [4,6,21,24,35,38,62], 
       [0,16,20,41,53,60,64], 
       [2,4,11,21,31,55,57,62], 
       [11,16,19,23,45,51,57], 
       [8,9,20,34,40,46], 
       [8,10,13,40,42,51], 
       [3,6,16,25,59,61], 
       [6,10,36,46,47,53,61], 
       [9,11,12,22,23,58], 
       [5,25,33,44,49,59,61,64], 
       [12,36,37,39,41,47,64], 
       [15,20,27,35,36,37,42,48], 
       [2,21,25,30,38,43,53,63], 
       [17,18,20,40,44,48,54,55], 
       [8,13,42,43,53,57], 
       [15,18,33,39,46,62], 
       [1,28,30,33,39,47,51], 
       [10,13,52,53,58,60], 
       [4,9,12,15,20,41,60], 
       [1,14,30,34,37,47], 
       [4,5,12,21,32,44,59], 
       [11,16,47,50,53,55], 
       [21,33,41,47,49,60,61], 
       [2,28,31,32,47,48], 
       [0,10,22,32,48,53,54], 
       [16,26,29,33,34,41], 
       [5,15,23,24,30,41,46,54], 
       [1,5,32,34,57,60,61]
     ], 
     "times": {
       "BestFusion": 0.06, 
       "FirstFit": 0.04, 
       "GeneticGroup": 76.85, 
       "GeneticStandard": 6.91, 
       "OverloadAndRemove": 1.62, 
       "OverloadAndRemovePresort": 1.63
     }
   }, 
   {
     "approximation": "OverloadAndRemove [2015-11-06 15:58:47]", 
     "avgMultiplicity": 4.05, 
     "capacity": 15, 
     "category": "gauss", 
     "lowerBound": 5, 
     "pageCount": 10, 
     "pages": [
       [2,4,10,14,15,24,28,35,42,51,58,59,60,61,62], 
       [2,5,6,7,9,21,24,26,27,28,31,33,36,55,57], 
       [0,5,10,11,14,20,21,22,25,27,33,45,49,51,53], 
       [6,9,13,17,22,25,27,34,43,45,46,48,49,56,59], 
       [3,8,10,13,16,17,38,40,43,45,47,50,55,60,64], 
       [0,1,4,5,11,15,16,23,24,30,37,42,52,53,62], 
       [1,5,6,9,18,19,20,22,32,36,37,40,42,44,56], 
       [7,11,12,24,29,30,34,35,36,41,44,48,57,62,63], 
       [12,19,25,27,28,41,50,52,55,57,58,64], 
       [7,8,14,15,16,17,31,33,39,40,43,46,53,54,63]
     ], 
     "paginations": [
       [0,13,15,21,23,24,45,50,67,75,76,81], 
       [7,34,39,41,44,68,69,43,71,89,14], 
       [3,9,60,86,87,29,36,20,66,57], 
       [4,5,10,17,18,25,35,48,49,53,63], 
       [6,12,22,38,62,78,42,32,2,58,88], 
       [26,56,28,72,77,16,47,65,52,27,61], 
       [59,33,79,51,8,84], 
       [31,37,82,30,19,73,40,55], 
       [64,70,11,80,54,1], 
       [83,46,85,74]
     ], 
     "properSymbolCount": 5, 
     "solvers": {
       "BestFusion": 12, 
       "FirstFit": 15, 
       "GeneticGroup": 10, 
       "GeneticStandard": 13, 
       "OverloadAndRemove": 10, 
       "OverloadAndRemovePresort": 11
     }, 
     "symbolCount": 65, 
     "symbols": [0,1,2,3,4,5,6,7,8,9,10,11,12,13,14,15,16,17,18,19,20,21,22,23,24,25,26,27,28,29,30,31,32,33,34,35,36,37,38,39,40,41,42,43,44,45,46,47,48,49,50,51,52,53,54,55,56,57,58,59,60,61,62,63,64], 
     "tileCount": 90, 
     "tileMaxSize": 6, 
     "tileMinSize": 2, 
     "tiles": [
       [42,51], 
       [12,28,55,64], 
       [10,13,50], 
       [20,22], 
       [34,46,48,56], 
       [6,25,46], 
       [16,38,47], 
       [28,31,36,57], 
       [9,19,22,40], 
       [11,20,33], 
       [6,43], 
       [27,50,58], 
       [16,17], 
       [2,15,58], 
       [5,26], 
       [4,58,59], 
       [0,4,62], 
       [9,17,46], 
       [9,59], 
       [7,35,36], 
       [21,25], 
       [35,58], 
       [45,47], 
       [15,24,58,60], 
       [10,51,58,59,61], 
       [13,48], 
       [5,23], 
       [1,37], 
       [23,24], 
       [10,14,33], 
       [7,30,34], 
       [44,63], 
       [10,13,55,64], 
       [36,37,42], 
       [31,33,55], 
       [34,49,59], 
       [0,10,33,45,49], 
       [29,62,63], 
       [8,43,47], 
       [5,9,27,36], 
       [12,24,41,44], 
       [5,55], 
       [3,60,64], 
       [2,6,26], 
       [26,36], 
       [2,24], 
       [31,43,53,63], 
       [4,11], 
       [17,27], 
       [25,45,48], 
       [10,60,62], 
       [19,20,56], 
       [5,15,30], 
       [22,27,43,49], 
       [25,57,58], 
       [11,57], 
       [0,23], 
       [27,51,53], 
       [40,50], 
       [1,18], 
       [14,22], 
       [1,42], 
       [8,13], 
       [6,59], 
       [50,52,57,64], 
       [4,52], 
       [5,45,53], 
       [4,28,60,62], 
       [2,9,26,31], 
       [7,9,36], 
       [19,28,41,64], 
       [6,7,24], 
       [4,23,53], 
       [7,12,48], 
       [14,15,17,33], 
       [61,62], 
       [14,24], 
       [4,16,37,53], 
       [3,47,60], 
       [18,20,32], 
       [12,25,58,64], 
       [14,51], 
       [7,63], 
       [16,46,54,63], 
       [5,6,22,44], 
       [7,8,33,39,40,46], 
       [20,21,45], 
       [14,21,27], 
       [40,55,60], 
       [5,21]
     ], 
     "times": {
       "BestFusion": 0.08, 
       "FirstFit": 0.03, 
       "GeneticGroup": 54.24, 
       "GeneticStandard": 5.2, 
       "OverloadAndRemove": 0.29, 
       "OverloadAndRemovePresort": 0.35
     }
   }, 
   {
     "approximation": "OverloadAndRemovePresort [2014-10-28 14:17:30]", 
     "avgMultiplicity": 8.92, 
     "capacity": 15, 
     "category": "gauss", 
     "lowerBound": 5, 
     "pageCount": 30, 
     "pages": [
       [0,3,4,14,16,29,30,36,38,49,53,55,56,60,64], 
       [1,2,4,13,17,18,27,28,29,33,34,37,40,59,63], 
       [1,3,5,31,32,34,35,40,41,43,48,51,52,55,59], 
       [4,10,12,14,19,20,28,41,44,46,50,54,63], 
       [2,9,13,14,24,27,30,32,36,48,49,53,58,62], 
       [1,3,4,10,20,25,26,29,32,41,42,43,45,56,57], 
       [7,8,11,12,18,24,28,29,31,35,40,46,53,56], 
       [3,5,15,16,25,35,39,41,50,52,53,58,64], 
       [6,12,17,20,22,23,36,37,41,43,45,46,55,59,62], 
       [0,2,5,6,15,22,28,30,33,46,50,59,63], 
       [3,5,9,11,13,17,21,22,27,29,31,53,58,59,62], 
       [5,12,20,23,25,27,31,32,33,38,42,52,54,58,59], 
       [1,3,13,15,18,24,34,38,39,40,49,53,55,56], 
       [6,7,14,15,19,26,29,31,37,44,48,52,54,62,63], 
       [0,8,10,12,21,26,27,47,49,50,56,57,58,62], 
       [3,4,18,28,32,34,35,44,47,50,52,58,61], 
       [2,12,13,21,23,26,41,43,44,46,51,52,62], 
       [8,9,18,21,22,27,29,33,44,48,53,58,59,60], 
       [6,14,16,18,23,24,26,29,33,40,44,45,49,50,61], 
       [2,5,23,25,26,28,33,45,46,52,56,61], 
       [0,1,6,19,22,29,32,38,42,50,53,61,63,64], 
       [1,8,18,22,25,26,29,34,45,47,55,64], 
       [13,14,23,25,31,35,37,41,42,48,51,57,59,60,63], 
       [2,6,9,10,14,15,17,20,21,29,43,47,49,50,54], 
       [4,5,15,16,18,20,22,28,44,48,53,56,60,62], 
       [7,8,15,16,27,30,31,37,44,47,50,59,61], 
       [2,3,4,9,12,15,18,23,26,31,39,44,62], 
       [5,8,9,10,19,26,33,36,39,40,42,43,49,56,61], 
       [0,4,6,10,11,24,28,32,34,35,46,51,54,57], 
       [20,25,30,36,41,45,47]
     ], 
     "paginations": [
       [32,6,34,82], 
       [62,36,56], 
       [4,13,74,55], 
       [5,27,18], 
       [59,80,12], 
       [35,52,14,10], 
       [69,26,57], 
       [51,8,2], 
       [15,73,83,76], 
       [50,85,24], 
       [29,84,31,66], 
       [88,38,67,49], 
       [0,20,70], 
       [79,60,64,44], 
       [1,28,40], 
       [68,47,53], 
       [87,33,65], 
       [72,81,54], 
       [23,48,42], 
       [61,75], 
       [3,21,63], 
       [7,89], 
       [45,46,43,22], 
       [19,78,30], 
       [77,9,17], 
       [25,11], 
       [71,16], 
       [39,37], 
       [86,41], 
       [58]
     ], 
     "properSymbolCount": 0, 
     "solvers": {
       "BestFusion": 33, 
       "FirstFit": 36, 
       "GeneticGroup": 30, 
       "GeneticStandard": 34, 
       "OverloadAndRemove": 31, 
       "OverloadAndRemovePresort": 30
     }, 
     "symbolCount": 65, 
     "symbols": [0,1,2,3,4,5,6,7,8,9,10,11,12,13,14,15,16,17,18,19,20,21,22,23,24,25,26,27,28,29,30,31,32,33,34,35,36,37,38,39,40,41,42,43,44,45,46,47,48,49,50,51,52,53,54,55,56,57,58,59,60,61,62,63,64], 
     "tileCount": 90, 
     "tileMaxSize": 9, 
     "tileMinSize": 4, 
     "tiles": [
       [1,3,39,40,49,53], 
       [0,12,26,47,57,62], 
       [3,5,25,52,53,64], 
       [0,1,22,32,42,53], 
       [5,32,43,51,52,59], 
       [10,19,20,28,41,46,54], 
       [4,14,36,38,60], 
       [1,8,18,25,34,45,55,64], 
       [3,15,25,35,39,41,50,64], 
       [4,5,28,44,60,62], 
       [1,3,25,41,42,43,57], 
       [7,16,27,30,31,37,44], 
       [9,13,24,32,48,49,53], 
       [3,5,41,48,51,55], 
       [1,20,25,26,32,43], 
       [17,41,45,46,59,62], 
       [3,4,12,15,18,39,44,62], 
       [4,15,16,18,20,22,28,44,56], 
       [12,19,44,46,50,63], 
       [6,17,20,21,50], 
       [15,24,34,49,53,55], 
       [19,22,29,32,38,50,64], 
       [13,25,57,59,60,63], 
       [26,44,45,49,50,61], 
       [0,15,30,33,63], 
       [7,8,15,27,47,50,59,61], 
       [8,12,18,28,29,35,56], 
       [4,10,12,14,19,20,46], 
       [12,27,49,56,57,62], 
       [9,11,17,22,29,53], 
       [2,6,15,29,43,49], 
       [3,9,13,29,31,58,59], 
       [0,3,4,16,29,60], 
       [13,21,26,41,46,52,62], 
       [4,16,30,36,55,56,60], 
       [4,20,26,32,45,56], 
       [4,13,27,33,34,40,59], 
       [8,9,10,19,33,49,56], 
       [5,20,23,38,42,52,59], 
       [5,19,26,36,39,40,42,43,61], 
       [8,10,21,50,57,58,62], 
       [0,10,11,24,28,35,54,57], 
       [6,18,24,33,40,50], 
       [35,37,41,48,63], 
       [6,29,31,37,52,63], 
       [13,37,42,51,60], 
       [14,23,31,35,51,60], 
       [28,32,35,47], 
       [14,16,23,24,29,44,50], 
       [5,20,27,31,58], 
       [0,5,28,30,46,50,63], 
       [16,39,58,64], 
       [3,10,20,29,45,56], 
       [3,4,18,28,50,52,61], 
       [9,21,29,44,53,58,59], 
       [1,5,34,35,40,51,52,55], 
       [2,18,27,29,34,37], 
       [7,11,12,29,31,46,56], 
       [20,25,30,36,41,45,47], 
       [2,9,13,14,27,58,62], 
       [7,14,15,19,31,54], 
       [2,25,26,28,33,45,52], 
       [1,4,17,27,28,29,34,63], 
       [1,6,22,38,53,61,63], 
       [14,26,29,31,48,54], 
       [12,13,21,23,43,51], 
       [5,11,22,29,62], 
       [5,12,20,32,42,54], 
       [3,18,34,35,44,47,58], 
       [11,12,24,40,53,56], 
       [3,13,15,18,24,38,49,56], 
       [2,4,9,15,18,23,26,31], 
       [8,9,18,27,33,53,60], 
       [17,23,37,43,45,55], 
       [1,31,43,48,55,59], 
       [2,5,23,25,46,56,61], 
       [17,20,22,36,45,59], 
       [16,22,28,48,53,62], 
       [9,10,14,15,21,47,50,54], 
       [6,7,31,44,48,54,62], 
       [2,27,30,36,48,49], 
       [8,18,22,44,48,59], 
       [30,49,53,55,64], 
       [6,12,17,36,37,41], 
       [3,9,11,21,27], 
       [2,5,6,22,59,63], 
       [4,6,11,32,34,46,51], 
       [2,21,23,41,44], 
       [12,23,25,33,42,52], 
       [1,22,26,29,47,55]
     ], 
     "times": {
       "BestFusion": 0.06, 
       "FirstFit": 0.04, 
       "GeneticGroup": 75.1, 
       "GeneticStandard": 6.62, 
       "OverloadAndRemove": 1.56, 
       "OverloadAndRemovePresort": 1.5
     }
   }, 
   {
     "approximation": "GeneticGroup [2014-10-30 16:21:11]", 
     "avgMultiplicity": 4.05, 
     "capacity": 15, 
     "category": "gauss", 
     "lowerBound": 5, 
     "pageCount": 10, 
     "pages": [
       [1,7,8,9,21,23,28,29,33,35,40,43,48,51,61], 
       [3,6,12,13,15,18,23,37,39,40,43,48,55,56,62], 
       [4,5,13,21,26,37,38,41,44,50,52,54,60,61,63], 
       [15,17,19,21,36,38,39,43,49,50,53,59,62,63,64], 
       [2,6,9,12,15,20,22,24,26,28,32,34,39,49,56], 
       [1,2,5,6,7,9,11,12,16,27,34,36,45,58,64], 
       [1,5,8,14,17,18,20,27,28,29,35,37,42,44,52], 
       [5,11,15,22,23,24,25,26,30,33,36,40,46,55,62], 
       [6,8,10,16,18,19,21,31,32,37,46,47,53,63,64], 
       [0,23,30,31,34,41,42,50,54,56,57,58]
     ], 
     "paginations": [
       [22,76,84,62,13,19,31,3,86,29,71], 
       [87,34,82,72,36,21,5,26,2,38,65], 
       [81,52,42,27,7,35,59,83,66], 
       [14,40,15,63,75,41,23,79], 
       [20,74,28,4,45,12,48,30,61], 
       [47,60,78,49,67,32,17,39,11], 
       [53,58,6,73,77,46,18,85], 
       [43,44,37,54,64,69,1,80], 
       [56,55,33,51,25,0,89,16,24,9], 
       [50,70,68,10,88,8,57]
     ], 
     "properSymbolCount": 4, 
     "solvers": {
       "BestFusion": 11, 
       "FirstFit": 15, 
       "GeneticGroup": 10, 
       "GeneticStandard": 13, 
       "OverloadAndRemove": 11, 
       "OverloadAndRemovePresort": 11
     }, 
     "symbolCount": 65, 
     "symbols": [0,1,2,3,4,5,6,7,8,9,10,11,12,13,14,15,16,17,18,19,20,21,22,23,24,25,26,27,28,29,30,31,32,33,34,35,36,37,38,39,40,41,42,43,44,45,46,47,48,49,50,51,52,53,54,55,56,57,58,59,60,61,62,63,64], 
     "tileCount": 90, 
     "tileMaxSize": 6, 
     "tileMinSize": 2, 
     "tiles": [
       [6,10,19,31], 
       [5,26,33], 
       [18,43], 
       [23,35,43,61], 
       [15,34,49,56], 
       [43,56], 
       [8,14,20,28,44], 
       [26,60], 
       [30,54], 
       [16,19], 
       [31,57], 
       [2,9,16], 
       [20,39], 
       [29,43], 
       [19,50,59], 
       [15,36,38,39], 
       [8,16,46,64], 
       [5,34,45,58], 
       [27,42], 
       [9,33,61], 
       [2,39], 
       [3,39], 
       [8,33,48], 
       [19,21,49], 
       [8,37,53], 
       [46,47,53], 
       [39,48], 
       [41,60], 
       [12,24,28,39], 
       [7,8,48], 
       [24,32], 
       [7,43], 
       [2,45,64], 
       [8,10,63], 
       [12,13,37,40,55,62], 
       [13,60], 
       [6,55], 
       [25,26,33,62], 
       [43,62], 
       [1,6,36], 
       [15,62,63,64], 
       [17,21,63], 
       [4,26,61], 
       [15,24,25,33,36], 
       [11,25,33,55], 
       [9,20,32,56], 
       [1,37], 
       [1,2], 
       [6,9,24,34], 
       [7,11,12,16], 
       [34,50], 
       [6,16,37,64], 
       [5,13,63], 
       [28,37], 
       [22,23,30,62], 
       [18,31,32,63], 
       [16,21,31], 
       [23,58], 
       [5,18,27,44], 
       [5,41,44], 
       [5,9], 
       [2,6,22,32], 
       [8,43], 
       [38,43,50,63], 
       [11,22,46], 
       [6,12], 
       [37,41], 
       [16,27,58], 
       [41,42], 
       [5,23,40], 
       [0,56], 
       [21,28,40,43], 
       [6,18,62], 
       [14,17,29,52], 
       [2,15,26,28], 
       [43,53], 
       [29,33,35], 
       [5,14], 
       [2,7,45], 
       [17,19], 
       [33,46], 
       [38,54,60], 
       [3,40], 
       [5,21,50,52], 
       [1,29,48], 
       [5,35], 
       [43,51], 
       [6,15,23,48], 
       [0,54], 
       [37,47]
     ], 
     "times": {
       "BestFusion": 0.07, 
       "FirstFit": 0.03, 
       "GeneticGroup": 54.55, 
       "GeneticStandard": 5.33, 
       "OverloadAndRemove": 0.31, 
       "OverloadAndRemovePresort": 0.33
     }
   }, 
   {
     "approximation": "GeneticGroup [2014-10-30 16:21:11]", 
     "avgMultiplicity": 9.18, 
     "capacity": 15, 
     "category": "gauss", 
     "lowerBound": 5, 
     "pageCount": 31, 
     "pages": [
       [4,5,8,14,15,30,31,38,39,43,46,47,53,54,63], 
       [2,3,7,20,22,27,28,34,36,37,49,51,56,57,61], 
       [1,9,11,15,18,28,33,36,41,42,43,48,56,57,64], 
       [6,9,11,16,17,23,26,28,32,33,35,43,44,60,61], 
       [0,7,13,15,17,19,25,38,39,40,51,55,57,58,61], 
       [10,15,17,19,29,33,34,35,40,45,46,47,59,63,64], 
       [8,9,11,13,17,19,28,29,32,37,47,49,57,60,62], 
       [0,10,14,21,24,28,34,36,43,50,52,54,58,60,62], 
       [6,17,19,21,26,30,35,36,37,38,44,45,49,56,64], 
       [2,9,11,12,13,18,25,26,28,29,30,45,53,54,63], 
       [6,9,13,19,24,30,31,36,37,42,50,52,53,57,62], 
       [1,3,7,10,14,21,26,30,33,38,41,43,55], 
       [2,3,12,14,16,19,21,26,31,35,39,44,51,59,60], 
       [1,2,8,16,17,20,22,25,27,34,36,44,50,56], 
       [6,10,15,18,25,27,38,39,43,47,56,57,59,60,63], 
       [2,5,6,13,16,18,24,26,28,34,42,45,51,52,61], 
       [0,2,4,7,8,9,14,22,31,32,41,46,57,64], 
       [4,5,6,7,15,19,21,22,44,45,48,49,61], 
       [6,8,12,14,21,26,27,28,29,38,40,45,55,59,61], 
       [1,5,12,23,25,29,30,35,42,44,47,50,57,59], 
       [4,6,8,9,20,23,26,30,31,33,40,43,48,50,54], 
       [0,5,13,21,25,27,28,31,35,37,44,48,50,51,57], 
       [0,9,10,13,16,21,26,31,35,37,43,45,52,53,59], 
       [11,14,17,19,24,30,41,43,45,49,52,53,55,59,64], 
       [6,8,9,17,37,38,43,44,45,46,51,53,57,60,61], 
       [0,3,11,17,22,29,33,37,38,39,41,44,52,55,61], 
       [4,5,6,12,23,24,26,33,38,44,49,54,55,57,61], 
       [5,9,12,23,25,26,29,32,34,35,39,42,58,63,64], 
       [11,15,16,20,22,31,35,37,45,46,47,50,59], 
       [3,5,6,7,9,16,34,35,37,46,48,64], 
       [0,3,4,8,10,11,18,27,35,41,42,44,53,55,58]
     ], 
     "paginations": [
       [42,43,67,5,24], 
       [87,71,3], 
       [50,23,40,21], 
       [68,34,15], 
       [14,29,9], 
       [60,76,35], 
       [78,16], 
       [36,58,63], 
       [84,86], 
       [10,74,17], 
       [62,54,79,77], 
       [8,22], 
       [38,69,51], 
       [66,64,27], 
       [52,20,25], 
       [53,33,0], 
       [11,83,31], 
       [4,73], 
       [41,32,88,18], 
       [2,89], 
       [56,44,55], 
       [30,61,59], 
       [37,72], 
       [48,45,1], 
       [7,75,85], 
       [13,49,82], 
       [28,26,81], 
       [6,47,39], 
       [65,70], 
       [12,80], 
       [57,46,19]
     ], 
     "properSymbolCount": 0, 
     "solvers": {
       "BestFusion": 35, 
       "FirstFit": 38, 
       "GeneticGroup": 31, 
       "GeneticStandard": 35, 
       "OverloadAndRemove": 32, 
       "OverloadAndRemovePresort": 33
     }, 
     "symbolCount": 65, 
     "symbols": [0,1,2,3,4,5,6,7,8,9,10,11,12,13,14,15,16,17,18,19,20,21,22,23,24,25,26,27,28,29,30,31,32,33,34,35,36,37,38,39,40,41,42,43,44,45,46,47,48,49,50,51,52,53,54,55,56,57,58,59,60,61,62,63,64], 
     "tileCount": 90, 
     "tileMaxSize": 9, 
     "tileMinSize": 4, 
     "tiles": [
       [2,6,16,18,26,42,52], 
       [11,17,19,30,41,49,53,55], 
       [5,29,30,42,47,50,57,59], 
       [3,20,27,56,57,61], 
       [6,7,19,21,44,45,48], 
       [5,30,31,43,53], 
       [12,23,26,32,39,42,63], 
       [6,17,43,44,46,51,60], 
       [1,3,14,26,30,38], 
       [0,19,25,55,57,58], 
       [2,9,11,12,30,53,54], 
       [2,7,8,22,64], 
       [5,16,35,37,46,48,64], 
       [11,29,38,39,41,55], 
       [7,13,15,25,38,58,61], 
       [6,16,17,23,32,44], 
       [9,13,19,29,47,49,57,60], 
       [2,11,13,18,25,26,45], 
       [26,27,28,40,61], 
       [0,4,10,11,35,41], 
       [10,15,18,43,47,57,60], 
       [9,11,28,41,48,56,57], 
       [7,10,21,33,41,43,55], 
       [1,11,28,42,43,57,64], 
       [4,14,15,38,46], 
       [18,25,38,39,47,56,59], 
       [12,23,38,49], 
       [1,16,17,25,27,36,56], 
       [4,12,24,26,44,54,55,61], 
       [17,25,38,39,40,51,57], 
       [5,25,27,48,50], 
       [0,7,9,14,22,31,64], 
       [8,12,21,27,38,40], 
       [13,24,28,34,45,51], 
       [11,23,33,43,60,61], 
       [17,34,40,45,46,59,64], 
       [0,36,50,62], 
       [10,13,21,31,35,37,45,52,53], 
       [2,12,14,16,26,39,44,51,59], 
       [5,25,26,29,32,64], 
       [15,33,41,42,48,64], 
       [6,8,14,45,59], 
       [5,15,30,31,38], 
       [4,5,8,15,30,54,63], 
       [6,23,26,30,40,43,48,54], 
       [14,17,24,30,45,49], 
       [3,4,18,27,35,44,53,58], 
       [9,25,32,34,35,58,64], 
       [24,43,52,55,59,64], 
       [0,11,22,33,44,52,55,61], 
       [1,15,18,33,36,42], 
       [2,3,21,31,39,51], 
       [6,25,27,38,43,47,63], 
       [5,16,26,34,51,52,61], 
       [13,30,42,50,52], 
       [6,9,20,31,33,40,54], 
       [4,8,20,23,26,48,50], 
       [0,8,18,35,41,42,55], 
       [0,24,28,34,36,52,60], 
       [13,21,27,28,31,37,51], 
       [15,17,19,29,46,47,64], 
       [0,13,21,35,44,51,57], 
       [9,19,24,36,52,53], 
       [10,14,21,28,43,52,54,58], 
       [2,16,17,22,34,44,50], 
       [11,15,20,31,35,45,50], 
       [8,16,20,34,44], 
       [5,30,31,39,46,47], 
       [9,11,26,28,35,44,60], 
       [2,19,21,31,35,51,60], 
       [16,22,37,46,47,59], 
       [2,28,34,36,37,49,51], 
       [0,9,16,26,31,37,43,52,59], 
       [4,5,7,15,22,49,61], 
       [9,11,28,29,30,63], 
       [8,9,43,44,53,57,60], 
       [10,15,29,33,35,63], 
       [6,9,19,31,37,62], 
       [8,11,17,28,32,37,49,62], 
       [6,37,42,50,53,57], 
       [3,6,7,9,34,48], 
       [5,6,12,33,38,44,57,61], 
       [3,11,17,29,33,37], 
       [4,8,22,32,41,46,57], 
       [6,19,30,35,36,45,49,64], 
       [37,38,45,46,53,57,61], 
       [17,21,26,37,38,44,56], 
       [3,7,20,22,36,61], 
       [26,29,45,55,59,61], 
       [1,5,12,23,25,35,44]
     ], 
     "times": {
       "BestFusion": 0.06, 
       "FirstFit": 0.04, 
       "GeneticGroup": 76.37, 
       "GeneticStandard": 6.71, 
       "OverloadAndRemove": 1.67, 
       "OverloadAndRemovePresort": 1.69
     }
   }
 ]