[
   {
     "approximation": "GeneticGroup [2014-10-29 17:37:09]", 
     "avgMultiplicity": 5.17, 
     "capacity": 15, 
     "category": "gauss", 
     "lowerBound": 3, 
     "pageCount": 5, 
     "pages": [
       [1,2,3,4,7,10,12,13,17,19,20,24,26,31,32], 
       [3,5,8,9,11,12,15,19,20,22,24,30,31,33,34], 
       [0,3,11,13,14,18,19,21,22,25,27,29,32,33,34], 
       [0,4,7,8,11,13,15,16,18,21,23,27,28,30,32], 
       [0,1,5,6,7,9,10,14,15,16,17,23,25,29,30]
     ], 
     "paginations": [
       [16,49,0,23,33,37,6,7,28,56,21], 
       [54,17,41,18,58,13,48,9,20,10,40,2,44,4], 
       [11,15,53,26,42,24,22,8,5,47], 
       [30,34,25,38,43,59,1,32,3,14,55,12,19,31,36,45], 
       [27,39,46,51,52,35,57,29,50]
     ], 
     "properSymbolCount": 0, 
     "solvers": {
       "BestFusion": 7, 
       "FirstFit": 8, 
       "GeneticGroup": 5, 
       "GeneticStandard": 7, 
       "OverloadAndRemove": 6, 
       "OverloadAndRemovePresort": 6
     }, 
     "symbolCount": 35, 
     "symbols": [0,1,2,3,4,5,6,7,8,9,10,11,12,13,14,15,16,17,18,19,20,21,22,23,24,25,26,27,28,29,30,31,32,33,34], 
     "tileCount": 60, 
     "tileMaxSize": 5, 
     "tileMinSize": 2, 
     "tiles": [
       [1,13], 
       [4,16,30], 
       [5,11], 
       [15,32], 
       [8,11,15], 
       [0,11,19], 
       [12,26], 
       [7,10,17,19,32], 
       [25,34], 
       [11,19,30,31], 
       [12,30], 
       [19,21,22,25], 
       [11,28], 
       [5,24], 
       [4,27], 
       [13,22], 
       [1,24], 
       [20,24,30], 
       [3,12,22], 
       [4,15], 
       [30,33,34], 
       [3,12,19], 
       [0,13,33,34], 
       [19,26], 
       [3,18], 
       [13,15,28], 
       [3,25,33], 
       [0,1,17], 
       [2,20,24,26], 
       [0,5,7,23], 
       [0,8,13,18], 
       [23,27], 
       [4,23,32], 
       [4,24], 
       [7,21,30,32], 
       [5,25], 
       [15,16,23,30], 
       [4,13,20], 
       [11,21,30], 
       [5,6,15,29], 
       [9,15,33], 
       [9,12,24,31], 
       [14,27,33,34], 
       [11,13,23], 
       [11,12,19,20], 
       [0,30], 
       [10,25,29], 
       [21,27,29,33], 
       [11,12,19,34], 
       [2,31], 
       [6,10,14,16], 
       [1,6,9,10], 
       [6,30], 
       [3,14,21,32], 
       [3,5,30,33], 
       [16,28], 
       [3,13,31], 
       [7,16,25], 
       [5,8,20,22,33], 
       [7,18,27]
     ], 
     "times": {
       "BestFusion": 0.06, 
       "FirstFit": 0.03, 
       "GeneticGroup": 44.26, 
       "GeneticStandard": 4.47, 
       "OverloadAndRemove": 0.23, 
       "OverloadAndRemovePresort": 0.21
     }
   }, 
   {
     "approximation": "GeneticGroup [2014-10-29 17:37:09]", 
     "avgMultiplicity": 10.74, 
     "capacity": 15, 
     "category": "gauss", 
     "lowerBound": 3, 
     "pageCount": 14, 
     "pages": [
       [1,2,5,7,13,15,18,19,23,24,27,29,30,32,34], 
       [2,8,10,14,16,17,18,19,21,22,24,26,27,29], 
       [10,11,13,14,15,17,18,20,22,25,27,31,32,33], 
       [0,1,2,6,9,10,12,15,17,18,20,23,26,32,34], 
       [0,1,3,4,6,8,9,13,15,19,21,22,23,25,28], 
       [0,2,3,6,12,14,15,16,17,23,25,26,27,31,32], 
       [0,1,2,3,5,11,13,16,18,20,21,23,24,29,32], 
       [1,9,10,11,14,15,16,21,24,25,27,30,31,33,34], 
       [1,3,4,5,7,14,15,20,22,23,25,26,29,31,33], 
       [0,1,7,9,12,13,16,17,18,24,28,29,30,31,32], 
       [1,2,4,5,6,7,8,12,17,19,27,28,29,30,32], 
       [0,1,3,4,5,6,10,12,13,19,20,21,22,27,34], 
       [0,1,2,4,7,8,9,11,14,18,20,22,30,32,33], 
       [0,1,6,8,11,12,13,14,20,23,30,31]
     ], 
     "paginations": [
       [13,4,48,50,51,30], 
       [15,45,7,42], 
       [21,10,28,22], 
       [29,52,1,26,20], 
       [19,32,33,27,43], 
       [0,47,11,18], 
       [8,2,54,14], 
       [37,23,3,53,49], 
       [39,16,31,56,38], 
       [12,35,9,40,44], 
       [36,25,5,17], 
       [46,41,59,6], 
       [58,24,55], 
       [57,34]
     ], 
     "properSymbolCount": 0, 
     "solvers": {
       "BestFusion": 19, 
       "FirstFit": 20, 
       "GeneticGroup": 14, 
       "GeneticStandard": 18, 
       "OverloadAndRemove": 16, 
       "OverloadAndRemovePresort": 16
     }, 
     "symbolCount": 35, 
     "symbols": [0,1,2,3,4,5,6,7,8,9,10,11,12,13,14,15,16,17,18,19,20,21,22,23,24,25,26,27,28,29,30,31,32,33,34], 
     "tileCount": 60, 
     "tileMaxSize": 8, 
     "tileMinSize": 4, 
     "tiles": [
       [0,2,3,15,16,23], 
       [2,6,9,12,23,32,34], 
       [0,5,11,13,16,18,23], 
       [9,21,24,25,27,31,34], 
       [2,7,13,23,34], 
       [1,7,8,17,19,30], 
       [1,6,19,20,21], 
       [10,16,18,24,26,27,29], 
       [1,5,16,20,21,23,32], 
       [0,1,9,17,28,31], 
       [10,13,15,22,25,27,33], 
       [2,3,6,14,15,16,17,25], 
       [0,7,9,13,16,17,24], 
       [1,19,24,27,32,34], 
       [1,3,5,11,21,24,29], 
       [8,14,21,27,29], 
       [1,5,7,22,23,29,31], 
       [1,4,17,27,28,29], 
       [3,6,12,16,31,32], 
       [1,3,19,22,23,25,28], 
       [1,17,18,23,26,34], 
       [14,15,18,20,22,25,31,32], 
       [10,11,13,15,17,18,27], 
       [10,11,14,21,30,31,33], 
       [1,7,8,18,20,32,33], 
       [2,5,8,17,28,32], 
       [2,10,12,17,34], 
       [1,4,8,13,19,25], 
       [10,14,20,22,31,32], 
       [0,1,15,17,18,20,34], 
       [1,2,5,18,29,32,34], 
       [3,5,25,31], 
       [1,8,13,15,22,23], 
       [0,1,9,15,19,21,28], 
       [6,8,11,12,20,31], 
       [9,16,17,28,30,32], 
       [1,4,6,12,32], 
       [1,11,15,21,25], 
       [3,14,15,22,23,25,31,33], 
       [15,20,23,29,33], 
       [9,12,18,24,28,29,32], 
       [0,10,13,21,27,34], 
       [2,8,14,17,19,22,24], 
       [0,4,6,21,23], 
       [0,1,7,9,17,18,24], 
       [19,22,24,27], 
       [3,4,12,20,22,34], 
       [6,12,14,25,26,27,32], 
       [2,5,7,15,27,32], 
       [14,16,21,27,30,33], 
       [1,7,13,18,27,29,30], 
       [2,7,18,23,27], 
       [9,10,17,20,26,32], 
       [1,9,16,27,31,33,34], 
       [0,2,11,18,21], 
       [1,2,4,7,14,18,22], 
       [4,7,26,31,33], 
       [0,1,6,13,14,23,30], 
       [0,8,9,11,18,30,33], 
       [0,5,12,20,22,27]
     ], 
     "times": {
       "BestFusion": 0.05, 
       "FirstFit": 0.04, 
       "GeneticGroup": 55.82, 
       "GeneticStandard": 4.39, 
       "OverloadAndRemove": 0.65, 
       "OverloadAndRemovePresort": 0.66
     }
   }, 
   {
     "approximation": "OverloadAndRemovePresort [2014-10-28 13:17:49]", 
     "avgMultiplicity": 4.66, 
     "capacity": 15, 
     "category": "gauss", 
     "lowerBound": 3, 
     "pageCount": 5, 
     "pages": [
       [0,1,5,7,10,13,16,18,19,21,22,24,26,30,33], 
       [2,3,4,6,10,12,20,21,24,25,28,29,30,31,33], 
       [0,3,4,6,7,8,12,15,17,18,19,20,23,28,32], 
       [5,6,7,9,14,16,21,25,26,27,28,30,31,33,34], 
       [0,2,3,9,11,13,15,18,25,26,29,33]
     ], 
     "paginations": [
       [8,38,43,9,14,32,49,57,59,2,13,26,34,37,44,47,23,5], 
       [12,29,30,48,1,18,19,20,35,36,58,0,11,46], 
       [16,4,28,33,40,42,22,56,51,55], 
       [21,45,52,53,39,25,3,41,6,17,10], 
       [7,15,24,31,50,54,27]
     ], 
     "properSymbolCount": 0, 
     "solvers": {
       "BestFusion": 5, 
       "FirstFit": 7, 
       "GeneticGroup": 5, 
       "GeneticStandard": 6, 
       "OverloadAndRemove": 5, 
       "OverloadAndRemovePresort": 5
     }, 
     "symbolCount": 35, 
     "symbols": [0,1,2,3,4,5,6,7,8,9,10,11,12,13,14,15,16,17,18,19,20,21,22,23,24,25,26,27,28,29,30,31,32,33,34], 
     "tileCount": 60, 
     "tileMaxSize": 4, 
     "tileMinSize": 2, 
     "tiles": [
       [6,29], 
       [3,24,29], 
       [0,1], 
       [7,25], 
       [8,12,23], 
       [22,30], 
       [5,9,16], 
       [0,9], 
       [7,13,19,30], 
       [13,19,26], 
       [27,33], 
       [12,33], 
       [2,3,6,12], 
       [10,26], 
       [10,18,24], 
       [3,9,18], 
       [0,4,8,20], 
       [9,31], 
       [20,25,28], 
       [10,21,28], 
       [10,28,30], 
       [14,21,28,31], 
       [3,19], 
       [24,33], 
       [11,29], 
       [5,26,28], 
       [0,13], 
       [2,13], 
       [3,4,15], 
       [12,20,21,25], 
       [2,3,6,24], 
       [11,26,33], 
       [1,7,24], 
       [17,23,28], 
       [13,22], 
       [4,12,20], 
       [2,21,28], 
       [22,24], 
       [5,7,13,18], 
       [5,6,14], 
       [12,17,23], 
       [27,30], 
       [19,23,28], 
       [0,7,16,18], 
       [22,33], 
       [14,34], 
       [4,28], 
       [1,5], 
       [3,6,31,33], 
       [13,19,33], 
       [15,26,33], 
       [7,32], 
       [25,34], 
       [6,34], 
       [0,11,25], 
       [6,32], 
       [12,18], 
       [7,10,16], 
       [2,28,31], 
       [1,19,21]
     ], 
     "times": {
       "BestFusion": 0.07, 
       "FirstFit": 0.04, 
       "GeneticGroup": 43.43, 
       "GeneticStandard": 3.98, 
       "OverloadAndRemove": 0.16, 
       "OverloadAndRemovePresort": 0.18
     }
   }, 
   {
     "approximation": "GeneticGroup [2015-11-05 20:20:18]", 
     "avgMultiplicity": 11.31, 
     "capacity": 15, 
     "category": "gauss", 
     "lowerBound": 3, 
     "pageCount": 15, 
     "pages": [
       [1,7,8,9,10,15,16,17,21,22,26,28,29,33,34], 
       [1,3,5,6,7,8,10,11,19,20,21,23,24,25,29], 
       [1,3,7,9,10,12,13,16,18,24,27,28,31,33,34], 
       [0,1,2,5,8,11,14,17,18,20,21,24,25,28,32], 
       [3,4,5,6,7,10,13,14,18,19,20,21,23,26,30], 
       [2,5,8,10,13,15,16,17,18,21,24,27,31,32,34], 
       [2,5,6,8,9,11,13,14,18,20,23,27,29,30,34], 
       [0,1,6,11,13,14,15,16,17,20,22,23,27,31,34], 
       [1,2,4,6,8,9,11,12,13,14,23,24,26,28,30], 
       [0,1,6,8,10,12,20,22,24,25,26,30,32,33,34], 
       [0,1,5,7,8,9,11,13,14,15,16,18,25,27,29], 
       [2,3,11,12,13,16,17,21,22,23,25,26,28,30,31], 
       [1,3,4,5,6,13,14,15,21,23,24,29,31,33,34], 
       [0,2,3,6,7,8,12,13,20,21,22,27,28,34], 
       [0,2,3,4,11,15,16,18,19,22,24,26,27,30,33]
     ], 
     "paginations": [
       [23,26,55,20], 
       [6,24,31,28], 
       [18,12,45,1,53], 
       [29,43,0,38], 
       [16,32,44,2], 
       [47,10,19,57], 
       [9,25,13,39,48], 
       [5,54,35,50], 
       [46,36,27,15], 
       [30,34,7,17], 
       [37,21,4,11], 
       [40,58,14,56], 
       [52,51,22], 
       [41,42,3], 
       [8,49,59,33]
     ], 
     "properSymbolCount": 0, 
     "solvers": {
       "BestFusion": 20, 
       "FirstFit": 21, 
       "GeneticGroup": 15, 
       "GeneticStandard": 19, 
       "OverloadAndRemove": 16, 
       "OverloadAndRemovePresort": 17
     }, 
     "symbolCount": 35, 
     "symbols": [0,1,2,3,4,5,6,7,8,9,10,11,12,13,14,15,16,17,18,19,20,21,22,23,24,25,26,27,28,29,30,31,32,33,34], 
     "tileCount": 60, 
     "tileMaxSize": 9, 
     "tileMinSize": 4, 
     "tiles": [
       [0,1,8,17,18,21,24,32], 
       [9,10,12,16,27,31], 
       [3,5,7,14,20,26], 
       [2,3,6,7,12,20,21,22], 
       [0,1,5,9,11,14,15,25,29], 
       [1,11,14,17,22,27], 
       [3,7,8,10,24,29], 
       [1,22,24,30,33,34], 
       [2,3,11,19,26,30,33], 
       [5,6,8,9,11,13,14,29], 
       [2,5,10,13,17,24,32], 
       [5,8,9,14,16,25,27], 
       [1,7,9,16,18,24,27], 
       [2,8,13,18,23,29,34], 
       [11,13,16,21,23,28,30,31], 
       [1,2,6,12,13,14,24,30], 
       [3,14,18,23,26], 
       [1,6,8,20,25,32,33], 
       [7,18,24,27,31,34], 
       [2,5,16,21,31,32], 
       [1,7,8,10,15,26,29,33], 
       [7,8,13,15,18], 
       [1,3,4,6,14,23,29,31], 
       [9,10,15,21,28], 
       [6,7,10,21,23,24], 
       [2,6,9,11,14,18,27], 
       [7,8,16,21,29,34], 
       [4,9,11,12,14,30], 
       [3,5,6,11,20,21,25], 
       [0,2,5,8,18,20,21,25,32], 
       [1,6,10,22,26,30,32], 
       [1,3,5,10,19,20,29], 
       [3,4,6,10,20,21,26,30], 
       [0,4,18,26,33], 
       [0,1,12,24,30,32,33], 
       [6,20,22,23,31,34], 
       [4,8,9,11,23,26,28,30], 
       [0,5,7,11,14,18], 
       [11,17,21,24], 
       [5,6,14,18,29,30], 
       [2,3,16,21,22,25,26], 
       [0,8,13,20,28,34], 
       [0,6,7,27,28,34], 
       [0,5,14,24,28], 
       [6,10,13,18,19,23,30], 
       [1,3,7,10,12,13,28,34], 
       [1,2,4,11,14,24,30], 
       [10,13,15,18,27,31,32,34], 
       [2,8,11,14,18,20,23], 
       [0,3,16,19,24,33], 
       [0,6,13,14,15,27,31], 
       [3,5,6,21,24,29,33], 
       [4,5,6,13,14,15,34], 
       [9,12,13,31,33,34], 
       [0,13,14,16,17,20,22,23], 
       [8,9,17,22], 
       [3,17,26,31], 
       [8,10,15,16,17,18], 
       [11,12,13,16,25,30], 
       [15,18,22,27,33]
     ], 
     "times": {
       "BestFusion": 0.05, 
       "FirstFit": 0.04, 
       "GeneticGroup": 55.41, 
       "GeneticStandard": 4.45, 
       "OverloadAndRemove": 1.13, 
       "OverloadAndRemovePresort": 0.83
     }
   }, 
   {
     "approximation": "OverloadAndRemove [2014-10-28 13:17:49]", 
     "avgMultiplicity": 4.63, 
     "capacity": 15, 
     "category": "gauss", 
     "lowerBound": 3, 
     "pageCount": 5, 
     "pages": [
       [2,3,4,5,7,8,9,10,12,21,24,25,26,27,32], 
       [0,1,2,4,14,18,19,21,22,24,25,26,28,31,32], 
       [3,8,10,11,14,15,16,18,20,26,27,28,29,30,33], 
       [1,5,6,7,10,11,16,19,21,23,24,29,30,32,34], 
       [0,2,4,6,7,9,12,13,14,17,18,27,32,33,34]
     ], 
     "paginations": [
       [6,10,12,15,17,21,31,35,36,37,41,48,59,0], 
       [1,5,16,29,40,42,45,49,52,53,56,8,18], 
       [2,3,28,30,33,34,39,44,51,54,55,38,22,27], 
       [4,14,24,25,47,50,19,43,7,57,20,9], 
       [58,23,32,11,46,13,26]
     ], 
     "properSymbolCount": 1, 
     "solvers": {
       "BestFusion": 6, 
       "FirstFit": 7, 
       "GeneticGroup": 5, 
       "GeneticStandard": 6, 
       "OverloadAndRemove": 5, 
       "OverloadAndRemovePresort": 5
     }, 
     "symbolCount": 35, 
     "symbols": [0,1,2,3,4,5,6,7,8,9,10,11,12,13,14,15,16,17,18,19,20,21,22,23,24,25,26,27,28,29,30,31,32,33,34], 
     "tileCount": 60, 
     "tileMaxSize": 5, 
     "tileMinSize": 2, 
     "tiles": [
       [12,21], 
       [1,22], 
       [14,18,29], 
       [16,29], 
       [5,19,23,30], 
       [1,24,31], 
       [2,3,12,24], 
       [11,21,30], 
       [2,19,25], 
       [6,34], 
       [3,5,10,27,32], 
       [17,32], 
       [24,26,27], 
       [7,13], 
       [1,23,30], 
       [8,10,32], 
       [18,22], 
       [4,5,27], 
       [0,21], 
       [5,6], 
       [10,19], 
       [2,4,9], 
       [28,30], 
       [0,27,34], 
       [1,5], 
       [7,23], 
       [9,12,14,18], 
       [29,30], 
       [3,18,20], 
       [0,22,25,28], 
       [8,14,28], 
       [4,32], 
       [4,6,7,33], 
       [15,18,26], 
       [16,33], 
       [3,10,12,27], 
       [2,9,21], 
       [4,5,12], 
       [10,14], 
       [8,11], 
       [0,4,18], 
       [2,7,8], 
       [25,31,32], 
       [16,24,30,32], 
       [3,15], 
       [0,14,24], 
       [2,6], 
       [19,29], 
       [4,8,25], 
       [22,24], 
       [16,23], 
       [29,33], 
       [22,26], 
       [19,21,31], 
       [11,20,28], 
       [11,27,33], 
       [19,22], 
       [11,24], 
       [17,33,34], 
       [8,24,32]
     ], 
     "times": {
       "BestFusion": 0.05, 
       "FirstFit": 0.03, 
       "GeneticGroup": 39.16, 
       "GeneticStandard": 3.88, 
       "OverloadAndRemove": 0.18, 
       "OverloadAndRemovePresort": 0.19
     }
   }, 
   {
     "approximation": "GeneticGroup [2014-10-29 17:37:09]", 
     "avgMultiplicity": 10.86, 
     "capacity": 15, 
     "category": "gauss", 
     "lowerBound": 3, 
     "pageCount": 14, 
     "pages": [
       [0,1,3,11,12,13,17,18,19,22,25,27,29,32,34], 
       [3,4,5,6,7,9,11,16,18,23,29,30,31,32,33], 
       [1,7,8,11,12,14,16,19,21,22,25,28,30,31,34], 
       [1,3,5,6,13,14,15,18,20,23,26,28,31,32], 
       [0,4,7,9,11,12,15,16,24,25,26,27,29,30,32], 
       [0,2,3,8,10,11,13,18,19,20,22,26,29,31,32], 
       [0,4,6,10,16,18,19,20,23,24,25,29,30,33,34], 
       [1,2,4,5,14,15,20,21,22,24,26,27,28,29,34], 
       [0,1,12,13,15,17,20,21,22,23,24,26,30,32], 
       [1,5,8,9,11,16,17,18,19,25,26,27,28,31], 
       [2,3,5,6,7,9,13,15,16,19,22,23,27,30,34], 
       [2,7,8,9,10,11,13,14,15,16,17,18,22,24,28], 
       [0,3,4,5,6,7,8,13,15,16,23,25,26,29,34], 
       [2,5,7,8,9,11,12,16,19,20,21,23,28,32,33]
     ], 
     "paginations": [
       [11,36,47,46], 
       [28,26,49,8], 
       [30,41,22,32,19], 
       [5,58,43,44,54], 
       [16,13,31,23,51], 
       [29,50,7,9], 
       [14,24,52,6], 
       [10,20,56,4,59,12], 
       [42,55,27], 
       [25,21,39,34], 
       [45,53,48,2], 
       [17,57,38,1], 
       [35,37,3], 
       [15,33,40,18,0]
     ], 
     "properSymbolCount": 0, 
     "solvers": {
       "BestFusion": 19, 
       "FirstFit": 19, 
       "GeneticGroup": 14, 
       "GeneticStandard": 18, 
       "OverloadAndRemove": 16, 
       "OverloadAndRemovePresort": 16
     }, 
     "symbolCount": 35, 
     "symbols": [0,1,2,3,4,5,6,7,8,9,10,11,12,13,14,15,16,17,18,19,20,21,22,23,24,25,26,27,28,29,30,31,32,33,34], 
     "tileCount": 60, 
     "tileMaxSize": 9, 
     "tileMinSize": 4, 
     "tiles": [
       [5,8,9,28,32,33], 
       [7,8,9,15,17,24], 
       [2,5,6,7,15,27], 
       [0,4,6,7,8,13,26,29,34], 
       [2,5,14,20,24,28], 
       [3,5,14,15,20,32], 
       [4,10,16,18,23,24], 
       [0,3,8,10,19,20,26], 
       [4,5,7,16,29,33], 
       [0,2,11,13,20], 
       [14,20,21,22,24,26], 
       [0,1,12,18,27,29,34], 
       [5,20,21,24,26,28,34], 
       [4,11,12,24,25,32], 
       [0,4,18,19,20,24], 
       [2,7,12,16,19,20,33], 
       [4,7,15,16,24,29], 
       [7,8,11,15,18,22], 
       [5,11,16,19,20,33], 
       [1,7,8,11,16,22,31], 
       [4,14,24,27,28,29], 
       [1,8,9,16,17,26,27], 
       [8,12,14,16,21,22,25,30], 
       [12,15,16,26,30,32], 
       [6,10,16,19,20,25,30], 
       [1,11,16,17], 
       [3,9,11,18,23,29,30], 
       [0,1,13,22,23,24], 
       [3,4,16,18,31,32], 
       [8,13,19,20,22,31,32], 
       [1,8,11,12,25,34], 
       [9,11,12,15,30,32], 
       [1,11,12,14,21,31,34], 
       [2,5,7,11,21,23,28], 
       [5,8,11,16,17,18,25], 
       [0,3,15,16,23,26,34], 
       [3,17,18,19,29,34], 
       [3,5,8,25,26,29,34], 
       [8,10,17,24,28], 
       [8,9,11,19,25,26,28,31], 
       [2,9,16,21,23,33], 
       [14,16,19,21,28,34], 
       [12,15,17,22,23], 
       [1,6,14,15,20,32], 
       [1,3,6,20,23,28,31], 
       [5,13,15,16,23,27,30], 
       [1,11,17,22,25,32], 
       [3,11,13,22,25,27], 
       [6,9,19,22,27,34], 
       [4,6,7,9,31,32], 
       [2,8,13,18,29,31], 
       [0,4,7,15,27,29,32], 
       [0,18,20,25,29,33,34], 
       [2,3,16,19,22,27], 
       [1,13,15,26,31], 
       [20,21,24,26,30,32], 
       [2,4,15,20,28,34], 
       [2,7,13,14,16,17], 
       [6,18,20,26,28,31,32], 
       [1,14,15,24,27,34]
     ], 
     "times": {
       "BestFusion": 0.04, 
       "FirstFit": 0.03, 
       "GeneticGroup": 52.66, 
       "GeneticStandard": 4.49, 
       "OverloadAndRemove": 0.61, 
       "OverloadAndRemovePresort": 0.58
     }
   }
 ]