[
   {
     "approximation": "OverloadAndRemove [2014-10-28 13:29:11]", 
     "avgMultiplicity": 3.15, 
     "capacity": 15, 
     "category": "gauss", 
     "lowerBound": 4, 
     "pageCount": 7, 
     "pages": [
       [5,7,9,20,21,23,25,32,33,35,37,38,40,42,51], 
       [0,5,15,16,17,18,25,30,31,32,37,40,49,50,53], 
       [2,4,5,11,14,15,17,20,26,28,41,42,51,52,53], 
       [1,12,17,19,20,23,24,25,27,34,35,46,47,48,50], 
       [3,4,9,11,14,22,25,30,33,36,41,45,49,50,54], 
       [0,2,7,10,17,29,32,35,37,39,42,43,44,48], 
       [6,8,13,15,17,21,27,28,31,38,40,50]
     ], 
     "paginations": [
       [0,4,5,19,25,29,38,42,50,13,57], 
       [2,11,12,15,16,24,32,47,58,59], 
       [6,54,56,27,30,33,31,22,8,10], 
       [7,20,26,53,55,39,48,28,14], 
       [34,44,46,17,49,23,43,37], 
       [52,51,1,35,36,40,41], 
       [45,9,3,18,21]
     ], 
     "properSymbolCount": 9, 
     "solvers": {
       "BestFusion": 8, 
       "FirstFit": 9, 
       "GeneticGroup": 7, 
       "GeneticStandard": 9, 
       "OverloadAndRemove": 7, 
       "OverloadAndRemovePresort": 7
     }, 
     "symbolCount": 55, 
     "symbols": [0,1,2,3,4,5,6,7,8,9,10,11,12,13,14,15,16,17,18,19,20,21,22,23,24,25,26,27,28,29,30,31,32,33,34,35,36,37,38,39,40,41,42,43,44,45,46,47,48,49,50,51,52,53,54], 
     "tileCount": 60, 
     "tileMaxSize": 4, 
     "tileMinSize": 2, 
     "tiles": [
       [30,37,40,53], 
       [25,37,51], 
       [20,23,46], 
       [3,49], 
       [15,18], 
       [3,11,54], 
       [13,17,28,50], 
       [19,24,25], 
       [4,20,26,42], 
       [34,47], 
       [42,53], 
       [25,30,53], 
       [4,25,54], 
       [1,12,19], 
       [39,42,44], 
       [37,50,53], 
       [14,42], 
       [23,35,47], 
       [0,16,18,40], 
       [21,32,38], 
       [14,30,50], 
       [25,38], 
       [7,9,40], 
       [2,10,43,48], 
       [9,45,54], 
       [0,30,32], 
       [22,33,41], 
       [22,30,36], 
       [5,17,18,25], 
       [0,35,44], 
       [33,51], 
       [20,51], 
       [28,52], 
       [32,42,51], 
       [5,17,51], 
       [13,21], 
       [6,17,40], 
       [15,27,31], 
       [7,10,32,39], 
       [7,10,17,43], 
       [17,23,27,48], 
       [9,51], 
       [9,20,23,40], 
       [46,47], 
       [19,50], 
       [2,52], 
       [11,42,52], 
       [0,15,49], 
       [0,37], 
       [20,25,35,37], 
       [15,52], 
       [0,29,32], 
       [5,11,20], 
       [14,17,41], 
       [8,38], 
       [10,37,39], 
       [0,31,40], 
       [9,11], 
       [1,24,47], 
       [5,38,51]
     ], 
     "times": {
       "BestFusion": 0.06, 
       "FirstFit": 0.05, 
       "GeneticGroup": 39.78, 
       "GeneticStandard": 3.95, 
       "OverloadAndRemove": 0.15, 
       "OverloadAndRemovePresort": 0.14
     }
   }, 
   {
     "approximation": "GeneticGroup [2015-11-06 08:32:35]", 
     "avgMultiplicity": 7.11, 
     "capacity": 15, 
     "category": "gauss", 
     "lowerBound": 4, 
     "pageCount": 19, 
     "pages": [
       [2,3,7,10,11,13,20,21,23,30,34,37,38,51], 
       [9,14,18,19,20,22,31,32,33,36,39,44,46,47,54], 
       [0,2,8,10,16,25,27,33,35,37,39,44,49,52,53], 
       [0,2,4,10,12,16,18,19,26,29,44,46,48,49,53], 
       [1,2,4,6,14,17,19,29,34,37,40,43,44,50], 
       [0,3,6,8,10,14,24,26,36,37,39,40,42,48,52], 
       [5,6,9,12,21,23,24,27,32,33,36,37,38,50,54], 
       [0,3,5,8,16,18,19,24,28,31,32,34,36,45,52], 
       [15,17,18,24,28,29,35,39,41,50,51,52], 
       [0,1,6,10,17,27,35,36,37,38,48,49,50,54], 
       [4,8,12,16,22,23,27,30,37,39,42,45,46,47,50], 
       [0,3,12,25,31,34,35,37,41,42,43,47,51,52,53], 
       [0,2,11,15,18,27,28,29,31,34,39,44,46,49,50], 
       [5,7,9,12,13,18,24,25,27,38,40,42,44,50,54], 
       [5,9,15,21,30,33,34,36,38,39,43,44,48,51,54], 
       [0,6,7,13,14,23,24,34,36,39,40,44,46,49,50], 
       [1,6,12,13,28,30,32,33,35,42,45,46,50,51], 
       [0,1,7,8,10,11,12,16,17,20,31,40,41,46,50], 
       [3,9,11,23,28,29,32,34,40,43,48,49]
     ], 
     "paginations": [
       [28,19,16], 
       [8,45,6], 
       [56,7,54,57], 
       [15,26,36,40], 
       [25,35,46,9], 
       [21,34,38,53], 
       [39,14,55,32], 
       [10,11,17], 
       [59,1], 
       [31,48,37], 
       [30,5,23], 
       [22,0,51,43], 
       [44,29,27], 
       [12,58,50], 
       [24,2,41], 
       [20,33,49,52], 
       [4,3], 
       [18,13], 
       [42,47]
     ], 
     "properSymbolCount": 0, 
     "solvers": {
       "BestFusion": 22, 
       "FirstFit": 24, 
       "GeneticGroup": 19, 
       "GeneticStandard": 22, 
       "OverloadAndRemove": 20, 
       "OverloadAndRemovePresort": 20
     }, 
     "symbolCount": 55, 
     "symbols": [0,1,2,3,4,5,6,7,8,9,10,11,12,13,14,15,16,17,18,19,20,21,22,23,24,25,26,27,28,29,30,31,32,33,34,35,36,37,38,39,40,41,42,43,44,45,46,47,48,49,50,51,52,53,54], 
     "tileCount": 60, 
     "tileMaxSize": 8, 
     "tileMinSize": 5, 
     "tiles": [
       [0,34,42,43,47,51], 
       [15,18,24,28,35,39,50,52], 
       [5,9,33,36,48,51], 
       [6,12,13,28,30,33,35,46], 
       [1,32,42,45,50,51], 
       [8,12,22,37,39,42,45,46], 
       [9,14,18,20,31,36,44,46], 
       [0,2,16,33,37,44,53], 
       [18,19,32,33,46,47,54], 
       [4,14,29,37,50], 
       [3,8,16,19,34,45], 
       [5,8,18,24,28,31,36,45], 
       [5,7,18,24,25,27,44], 
       [1,7,8,10,11,12,17,50], 
       [6,12,23,24,27,54], 
       [4,16,44,46,48,49,53], 
       [3,7,10,13,23,30,34], 
       [0,16,24,28,32,34,52], 
       [0,1,16,20,31,40,41,46], 
       [7,10,11,20,21,23,51], 
       [7,13,36,39,40,44,46], 
       [10,14,26,36,39,40,48], 
       [3,34,37,42,47,53], 
       [4,16,23,27,30,37,47], 
       [15,21,30,33,43,44], 
       [2,6,14,17,19,29,34], 
       [2,4,10,12,19,26,53], 
       [2,11,18,29,34,49], 
       [2,13,21,37,38], 
       [2,27,28,34,39,44,46,50], 
       [4,8,16,22,39,47,50], 
       [0,36,37,38,49,54], 
       [9,27,32,36,38,50], 
       [7,34,40,44,49,50], 
       [0,14,37,40,42,48], 
       [19,29,37,40,44,50], 
       [0,4,12,16,18,29,44,48], 
       [1,10,27,36,48,49], 
       [6,8,14,26,52], 
       [5,6,9,21,27,32,33,54], 
       [12,18,19,29,48], 
       [21,34,38,39,44,54], 
       [11,29,32,34,40,43,48], 
       [25,31,37,41,43,51], 
       [0,2,11,15,31,50], 
       [18,22,32,36,39,46], 
       [1,4,17,29,37,43], 
       [3,9,23,28,40,49], 
       [0,6,17,27,35,38,48,50], 
       [0,7,13,23,24,46], 
       [5,12,13,40,42,50,54], 
       [3,12,25,35,43,52], 
       [6,14,36,44,49], 
       [3,6,24,26,42,48], 
       [8,10,16,33,39], 
       [5,12,21,27,37], 
       [16,25,27,35,39,49,53], 
       [10,37,39,49,52,53], 
       [5,9,24,25,38,42], 
       [17,18,29,39,41,51]
     ], 
     "times": {
       "BestFusion": 0.04, 
       "FirstFit": 0.03, 
       "GeneticGroup": 52.47, 
       "GeneticStandard": 4.33, 
       "OverloadAndRemove": 0.68, 
       "OverloadAndRemovePresort": 0.68
     }
   }, 
   {
     "approximation": "OverloadAndRemove [2014-10-28 13:29:11]", 
     "avgMultiplicity": 3.16, 
     "capacity": 15, 
     "category": "gauss", 
     "lowerBound": 4, 
     "pageCount": 7, 
     "pages": [
       [0,15,17,22,24,25,27,30,31,34,35,37,41,46,53], 
       [10,12,13,14,20,28,31,32,33,34,38,42,44,45,50], 
       [1,13,15,16,17,25,26,27,28,29,33,35,41,45,49], 
       [4,5,6,8,13,15,21,22,23,25,33,39,47,51,52], 
       [0,6,7,16,18,23,25,33,37,38,40,43,44,51,54], 
       [2,4,7,9,11,18,19,24,28,34,36,39,46,47,48], 
       [3,14,17,30,34,37,42,50,53]
     ], 
     "paginations": [
       [0,4,10,12,13,15,21,26,40,42], 
       [1,11,31,35,54,58,59,18,38,39,47,55], 
       [3,24,41,45,36,23], 
       [6,20,34,49,51,53,19,28,25,7], 
       [8,22,52,57,17,27,29,14,43], 
       [30,32,44,50,5,2,56,33,16,46], 
       [37,48,9]
     ], 
     "properSymbolCount": 8, 
     "solvers": {
       "BestFusion": 8, 
       "FirstFit": 10, 
       "GeneticGroup": 7, 
       "GeneticStandard": 9, 
       "OverloadAndRemove": 7, 
       "OverloadAndRemovePresort": 8
     }, 
     "symbolCount": 55, 
     "symbols": [0,1,2,3,4,5,6,7,8,9,10,11,12,13,14,15,16,17,18,19,20,21,22,23,24,25,26,27,28,29,30,31,32,33,34,35,36,37,38,39,40,41,42,43,44,45,46,47,48,49,50,51,52,53,54], 
     "tileCount": 60, 
     "tileMaxSize": 6, 
     "tileMinSize": 2, 
     "tiles": [
       [34,50], 
       [24,35,37], 
       [14,28,33], 
       [3,34,37,53], 
       [22,47], 
       [4,19,34,36], 
       [33,34], 
       [7,18], 
       [12,13,34], 
       [18,33], 
       [29,33,41], 
       [21,22], 
       [0,6,7,43], 
       [2,36,46], 
       [0,15], 
       [15,17,30,34], 
       [42,44], 
       [31,35,46], 
       [23,40], 
       [16,28,35,41], 
       [42,53], 
       [16,18], 
       [7,19], 
       [32,44], 
       [5,23,39,51], 
       [15,26,45], 
       [11,24,39], 
       [0,30,46], 
       [28,36,46,48], 
       [25,40,54], 
       [9,19], 
       [40,51], 
       [19,47], 
       [13,15,17,25,26,27], 
       [20,31], 
       [0,22,24,25], 
       [13,14,31,32], 
       [26,28], 
       [13,15,33,51], 
       [13,21], 
       [16,37,44], 
       [24,46,53], 
       [14,20], 
       [4,15], 
       [22,35], 
       [12,20,45], 
       [24,30,34,41], 
       [24,27], 
       [5,8,21,25], 
       [10,31,50], 
       [20,38,44], 
       [6,51,52], 
       [23,43], 
       [2,4,7], 
       [0,18,37,38], 
       [14,17,30,50], 
       [8,15,25,51], 
       [9,48], 
       [1,27,35,49], 
       [6,22,39]
     ], 
     "times": {
       "BestFusion": 0.05, 
       "FirstFit": 0.03, 
       "GeneticGroup": 38.84, 
       "GeneticStandard": 3.94, 
       "OverloadAndRemove": 0.15, 
       "OverloadAndRemovePresort": 0.16
     }
   }, 
   {
     "approximation": "GeneticGroup [2014-10-30 10:39:49]", 
     "avgMultiplicity": 6.96, 
     "capacity": 15, 
     "category": "gauss", 
     "lowerBound": 4, 
     "pageCount": 18, 
     "pages": [
       [10,13,19,20,21,25,26,31,34,35,38,48,49,50,52], 
       [5,15,19,20,24,33,37,38,39,43,44,49,50,51,52], 
       [3,7,9,11,16,19,21,24,33,36,38,40,46,47,51], 
       [6,7,11,14,22,23,24,27,35,36,37,43,45,50,54], 
       [1,13,14,15,23,24,25,32,33,34,36,45,47,48,54], 
       [8,9,12,21,25,26,28,30,31,34,41,47,48,49,51], 
       [1,9,11,14,15,20,23,30,32,35,38,39,41,46,47], 
       [9,14,15,22,25,29,32,33,36,39,42,46,48,49,50], 
       [0,1,6,7,9,10,17,18,23,27,32,33,36,42,50], 
       [10,11,14,19,22,34,37,38,41,43,46,48,50,51,53], 
       [1,2,4,9,17,26,28,35,42,43,44,47,52,53], 
       [0,3,9,13,17,18,28,29,35,42,44,46,48,51,52], 
       [1,8,11,12,13,14,15,28,39,40,41,44,50,52], 
       [0,2,4,21,24,26,30,33,34,38,39,40,49,50,54], 
       [1,2,8,13,16,17,18,22,26,28,43,47,50,51,54], 
       [0,4,6,7,11,14,16,17,22,26,31,37,38,51,52], 
       [7,14,15,16,18,26,27,28,29,30,33,37,38,41,50], 
       [7,13,20,25,42,45]
     ], 
     "paginations": [
       [1,13,47], 
       [45,48,52,53], 
       [43,7,38], 
       [16,58,6,36], 
       [57,31,33,54], 
       [5,39,34], 
       [12,46,44,35], 
       [55,24,37,3], 
       [29,51,41], 
       [42,26,56,8], 
       [21,10,17], 
       [22,4,2,27], 
       [18,32,23], 
       [50,59,20], 
       [28,19,30,25], 
       [14,15,9], 
       [49,40,11], 
       [0]
     ], 
     "properSymbolCount": 1, 
     "solvers": {
       "BestFusion": 21, 
       "FirstFit": 22, 
       "GeneticGroup": 18, 
       "GeneticStandard": 21, 
       "OverloadAndRemove": 19, 
       "OverloadAndRemovePresort": 19
     }, 
     "symbolCount": 55, 
     "symbols": [0,1,2,3,4,5,6,7,8,9,10,11,12,13,14,15,16,17,18,19,20,21,22,23,24,25,26,27,28,29,30,31,32,33,34,35,36,37,38,39,40,41,42,43,44,45,46,47,48,49,50,51,52,53,54], 
     "tileCount": 60, 
     "tileMaxSize": 9, 
     "tileMinSize": 4, 
     "tiles": [
       [7,13,20,25,42,45], 
       [25,26,34,35,38,52], 
       [0,9,17,18,29,35], 
       [14,15,22,33,48,49], 
       [3,29,35,42,48], 
       [8,12,25,26,34,41,51], 
       [7,11,22,36,45,50,54], 
       [3,16,19,24,38,40,46,47], 
       [19,37,38,43,46,50], 
       [14,16,26,31,51], 
       [2,9,28,35,43,47,52], 
       [7,14,26,30,33,41], 
       [9,23,30,32,35,46], 
       [10,13,19,20,49,52], 
       [0,4,7,14,17,22,38], 
       [6,11,16,26,31,37,52], 
       [14,22,37,54], 
       [1,4,26,28,42,44,52,53], 
       [1,8,11,14,28,39,40,44], 
       [8,16,18,22,26,28,43], 
       [0,2,21,30,34,38,40,49], 
       [1,2,4,17,35,43,44], 
       [13,17,44,46,51], 
       [1,13,14,15,28,41,52], 
       [9,29,36,39,42,46,49], 
       [1,16,17,47,50,54], 
       [10,14,43,46,48,51], 
       [0,28,42,51,52], 
       [1,8,16,28,43,47,51,54], 
       [0,9,10,23,33,36,50], 
       [2,13,17,18,43,50,54], 
       [1,13,23,33,36,45,54], 
       [12,15,40,41,44,50], 
       [1,15,25,34,48,54], 
       [8,21,28,30,31,34,47,49,51], 
       [23,30,38,47], 
       [6,11,14,23,24,27,36,54], 
       [14,22,25,32,36,39,48], 
       [7,11,47,51], 
       [9,26,30,34,41,48], 
       [14,16,27,29,37,50], 
       [1,6,7,17,18,23,32,42], 
       [10,34,37,41,51], 
       [3,9,16,21,33,36,46,47,51], 
       [14,15,20,35,38,41], 
       [5,19,20,33,37,44,49], 
       [1,11,23,32,38,39], 
       [20,21,31,38,48,50], 
       [15,24,39,50,51,52], 
       [15,18,27,28,33,38,41], 
       [4,26,30,33,39,49], 
       [0,1,27,36,42], 
       [19,20,38,44,49,51], 
       [20,24,43,49,51,52], 
       [14,24,32,34,36,54], 
       [22,32,33,48,50], 
       [11,19,22,34,41,53], 
       [1,13,23,25,47,48,54], 
       [7,22,23,35,36,43,45], 
       [4,24,34,50,54]
     ], 
     "times": {
       "BestFusion": 0.04, 
       "FirstFit": 0.03, 
       "GeneticGroup": 52.71, 
       "GeneticStandard": 4.32, 
       "OverloadAndRemove": 0.61, 
       "OverloadAndRemovePresort": 0.65
     }
   }, 
   {
     "approximation": "OverloadAndRemove [2014-10-28 13:29:11]", 
     "avgMultiplicity": 3.0, 
     "capacity": 15, 
     "category": "gauss", 
     "lowerBound": 4, 
     "pageCount": 7, 
     "pages": [
       [1,2,9,11,19,21,23,27,29,34,35,39,45,49,51], 
       [1,12,17,19,24,25,26,28,30,35,36,38,47,48,51], 
       [6,8,10,11,12,15,17,28,31,38,42,43,44,48,52], 
       [1,7,11,14,22,23,26,29,32,34,40,44,48,50,54], 
       [0,2,3,8,13,14,18,22,37,41,42,43,52,53,54], 
       [4,5,9,15,16,21,33,34,36,41,43,45,46,48,51], 
       [2,6,10,13,20,30,38,39,43,44]
     ], 
     "paginations": [
       [0,11,14,37,45,51,58,12,5], 
       [1,17,43,2,19,46,47,29,20], 
       [3,22,24,33,39,41,49,50,52,54,59,26], 
       [4,7,13,25,34,40,48,57,23,15], 
       [6,30,31,55,42,38,53,16,56], 
       [8,18,44,32,28,9,10], 
       [27,21,35,36]
     ], 
     "properSymbolCount": 3, 
     "solvers": {
       "BestFusion": 8, 
       "FirstFit": 9, 
       "GeneticGroup": 7, 
       "GeneticStandard": 8, 
       "OverloadAndRemove": 7, 
       "OverloadAndRemovePresort": 7
     }, 
     "symbolCount": 55, 
     "symbols": [0,1,2,3,4,5,6,7,8,9,10,11,12,13,14,15,16,17,18,19,20,21,22,23,24,25,26,27,28,29,30,31,32,33,34,35,36,37,38,39,40,41,42,43,44,45,46,47,48,49,50,51,52,53,54], 
     "tileCount": 60, 
     "tileMaxSize": 4, 
     "tileMinSize": 2, 
     "tiles": [
       [17,44], 
       [34,35,49], 
       [5,33], 
       [15,48], 
       [31,43], 
       [2,11,49], 
       [9,16,41,48], 
       [8,14,37,41], 
       [4,36,43], 
       [13,38,43], 
       [28,47], 
       [0,41,52], 
       [34,48], 
       [12,31,48], 
       [1,7,23], 
       [0,2,3,53], 
       [32,50], 
       [22,32,40], 
       [17,24,25,48], 
       [11,14], 
       [25,47], 
       [2,42], 
       [5,16], 
       [8,11,31], 
       [12,26], 
       [1,27,45,49], 
       [12,30], 
       [6,31], 
       [2,6,30,43], 
       [10,20,44], 
       [10,31], 
       [9,11,27], 
       [19,21], 
       [8,28], 
       [14,23,44], 
       [8,52], 
       [7,14,40], 
       [23,45,51], 
       [1,35,36,47], 
       [9,23,29,45], 
       [0,18,52], 
       [8,17,42], 
       [11,29,48], 
       [13,54], 
       [3,37], 
       [21,27,29], 
       [8,38], 
       [25,38], 
       [8,10,15,42], 
       [21,39], 
       [21,33,36,48], 
       [43,53], 
       [20,39], 
       [19,24,47], 
       [15,16,34], 
       [33,45,46,51], 
       [26,51], 
       [18,22,41], 
       [14,29], 
       [7,26,32,54]
     ], 
     "times": {
       "BestFusion": 0.06, 
       "FirstFit": 0.03, 
       "GeneticGroup": 38.56, 
       "GeneticStandard": 3.5, 
       "OverloadAndRemove": 0.12, 
       "OverloadAndRemovePresort": 0.15
     }
   }, 
   {
     "approximation": "GeneticGroup [2014-10-30 10:39:49]", 
     "avgMultiplicity": 7.02, 
     "capacity": 15, 
     "category": "gauss", 
     "lowerBound": 4, 
     "pageCount": 18, 
     "pages": [
       [4,8,10,12,15,17,22,32,34,35,38,42,47,49,50], 
       [0,4,9,16,18,19,22,24,31,33,39,44,51,52,54], 
       [2,3,4,6,12,14,17,18,22,27,32,35,36,37,44], 
       [0,7,13,14,15,19,21,23,25,28,30,37,41,44,52], 
       [0,3,5,15,21,23,25,29,30,36,39,40,44,50,53], 
       [2,5,11,14,15,19,23,24,27,35,36,37,42,46,53], 
       [3,6,12,19,20,26,27,28,29,34,40,43,44,46,49], 
       [6,7,8,13,18,25,29,30,32,33,34,35,37,41,48], 
       [1,3,8,15,17,19,20,21,25,31,39,47,51,53,54], 
       [8,9,11,16,24,26,27,36,38,40,41,42,43,44,50], 
       [2,6,10,12,15,17,27,28,36,40,45,46,47,50,51], 
       [1,2,5,6,7,8,9,13,22,27,28,31,38,51,53], 
       [3,9,15,16,19,24,26,29,40,45,47,49,51,53,54], 
       [3,4,9,12,13,14,15,16,18,23,29,31,49,53], 
       [3,7,8,9,10,11,19,22,35,39,41,43,48,49,50], 
       [4,6,8,15,17,18,19,24,29,39,42,43,48,52,53], 
       [0,4,5,6,19,20,21,22,23,27,30,32,43,46,48], 
       [3,5,8,14,22,26,46,53,54]
     ], 
     "paginations": [
       [58,12,54,3], 
       [14,31,16,25], 
       [45,50,35], 
       [33,51,9,43], 
       [18,4,11], 
       [22,8,13], 
       [52,6,30,5], 
       [39,29,7], 
       [20,24,1,48,56], 
       [15,34,0], 
       [49,17,26,47], 
       [27,21,40], 
       [10,36,41], 
       [46,57,44], 
       [37,38,19,59], 
       [32,55,2], 
       [23,28,42], 
       [53]
     ], 
     "properSymbolCount": 0, 
     "solvers": {
       "BestFusion": 22, 
       "FirstFit": 23, 
       "GeneticGroup": 18, 
       "GeneticStandard": 22, 
       "OverloadAndRemove": 19, 
       "OverloadAndRemovePresort": 19
     }, 
     "symbolCount": 55, 
     "symbols": [0,1,2,3,4,5,6,7,8,9,10,11,12,13,14,15,16,17,18,19,20,21,22,23,24,25,26,27,28,29,30,31,32,33,34,35,36,37,38,39,40,41,42,43,44,45,46,47,48,49,50,51,52,53,54], 
     "tileCount": 60, 
     "tileMaxSize": 9, 
     "tileMinSize": 4, 
     "tiles": [
       [8,11,27,36,38,42,50], 
       [3,17,21,39,47,51], 
       [8,18,19,29,42,43,48,52], 
       [10,12,22,32,35,47,49], 
       [0,15,21,36,39,40,44], 
       [12,27,29,34,49], 
       [6,12,19,20,27,28,44], 
       [18,29,30,33,34,41], 
       [14,15,19,24,35,37,46], 
       [0,15,23,25,37,44], 
       [29,40,45,53,54], 
       [3,5,23,29,30,36,39,50], 
       [4,10,15,17,22,34,50], 
       [5,23,27,35,36,46], 
       [9,18,31,44,51], 
       [9,11,16,26,41,44,50], 
       [0,16,22,24,31], 
       [10,27,28,40,45,50], 
       [5,15,21,25,30,53], 
       [3,7,10,11,35], 
       [15,17,19,20,25,47,53], 
       [1,5,22,28,31,38,51,53], 
       [2,5,11,19,24,35,42,53], 
       [5,22,27,32,43], 
       [1,3,31,47,51,54], 
       [33,44,51,54], 
       [6,10,28,40,51], 
       [1,8,9,13,27,28,38], 
       [0,4,6,19,46,48], 
       [8,30,32,33,35,48], 
       [3,12,20,26,27,40,43,46], 
       [4,19,24,31,33,39,52], 
       [8,15,17,18,24,48,52,53], 
       [0,14,15,25,28,30], 
       [11,24,38,40,41,43], 
       [2,4,18,27,32,35,44], 
       [3,9,15,19,26,29,40,49], 
       [7,8,35,50], 
       [8,9,11,39,43,49], 
       [6,7,13,25,34,37], 
       [1,2,6,7,9,27], 
       [3,16,19,24,45,47,51,53], 
       [0,4,20,21,22,23,30], 
       [7,13,19,23,28,41,52], 
       [4,13,14,15,16,31,53], 
       [6,14,17,35,36], 
       [3,9,13,31,49], 
       [2,10,17,40,46,47], 
       [1,15,17,31,39,51], 
       [12,15,28,36,46,47], 
       [2,3,12,17,22,32,37], 
       [0,13,14,19,21,23,28,41], 
       [6,12,27,40,43,44,46,49], 
       [3,5,8,14,22,26,46,53,54], 
       [34,42,47,49,50], 
       [4,6,17,19,29,39,48], 
       [1,8,20,21,25,53,54], 
       [12,16,18,23,29,49,53], 
       [4,8,10,15,38], 
       [19,22,35,41,48,49]
     ], 
     "times": {
       "BestFusion": 0.04, 
       "FirstFit": 0.03, 
       "GeneticGroup": 50.96, 
       "GeneticStandard": 4.32, 
       "OverloadAndRemove": 0.78, 
       "OverloadAndRemovePresort": 0.65
     }
   }
 ]