[
   {
     "approximation": "FirstFit [2014-10-28 13:06:03]", 
     "avgMultiplicity": 4.15, 
     "capacity": 15, 
     "category": "gauss", 
     "lowerBound": 2, 
     "pageCount": 2, 
     "pages": [
       [0,1,3,4,6,7,9,10,11,12,13,14,16,18,19], 
       [0,2,3,4,5,6,8,10,11,13,14,15,17,18,19]
     ], 
     "paginations": [
       [0,1,2,3,4,5,6,7,9,10,11,12,13,14,16,20,21,23,24,26,28,29], 
       [8,15,17,18,19,22,25,27]
     ], 
     "properSymbolCount": 1, 
     "solvers": {
       "BestFusion": 2, 
       "FirstFit": 2, 
       "GeneticGroup": 2, 
       "GeneticStandard": 2, 
       "OverloadAndRemove": 3, 
       "OverloadAndRemovePresort": 2
     }, 
     "symbolCount": 20, 
     "symbols": [0,1,2,3,4,5,6,7,8,9,10,11,12,13,14,15,16,17,18,19], 
     "tileCount": 30, 
     "tileMaxSize": 4, 
     "tileMinSize": 2, 
     "tiles": [
       [1,4,7], 
       [6,9], 
       [3,7,11,19], 
       [3,4,7,14], 
       [0,13,14], 
       [10,11], 
       [0,9], 
       [12,13], 
       [2,13,15,17], 
       [6,7], 
       [4,11], 
       [3,7,13,18], 
       [0,3], 
       [7,16], 
       [6,12], 
       [5,6,11], 
       [11,13], 
       [5,18], 
       [6,15], 
       [4,8,14], 
       [1,14,16], 
       [1,9,14,18], 
       [0,6,8,18], 
       [1,7,12], 
       [1,10,13], 
       [4,10,14,17], 
       [0,4], 
       [3,17,19], 
       [0,10], 
       [7,9,13]
     ], 
     "times": {
       "BestFusion": 0.03, 
       "FirstFit": 0.03, 
       "GeneticGroup": 3.87, 
       "GeneticStandard": 2.54, 
       "OverloadAndRemove": 0.06, 
       "OverloadAndRemovePresort": 0.05
     }
   }, 
   {
     "approximation": "OverloadAndRemove [2014-10-28 13:06:03]", 
     "avgMultiplicity": 9.95, 
     "capacity": 15, 
     "category": "gauss", 
     "lowerBound": 2, 
     "pageCount": 5, 
     "pages": [
       [0,1,2,4,5,6,8,9,11,12,13,14,15,16,19], 
       [2,3,4,5,6,7,9,10,11,12,14,16,17,18,19], 
       [2,3,5,6,7,8,9,10,11,12,15,16,17,18,19], 
       [0,1,2,3,4,5,7,10,11,12,13,15,16,19], 
       [0,1,2,3,4,6,7,9,10,11,13,17,19]
     ], 
     "paginations": [
       [2,5,6,7,10,23,25,26], 
       [1,4,8,15,16,18,22,13], 
       [11,14,19,20,21,3,27], 
       [9,17,0,24,29], 
       [12,28]
     ], 
     "properSymbolCount": 0, 
     "solvers": {
       "BestFusion": 7, 
       "FirstFit": 7, 
       "GeneticGroup": 5, 
       "GeneticStandard": 5, 
       "OverloadAndRemove": 5, 
       "OverloadAndRemovePresort": 5
     }, 
     "symbolCount": 20, 
     "symbols": [0,1,2,3,4,5,6,7,8,9,10,11,12,13,14,15,16,17,18,19], 
     "tileCount": 30, 
     "tileMaxSize": 9, 
     "tileMinSize": 5, 
     "tiles": [
       [0,1,3,4,7,11], 
       [3,4,5,9,10,14,17], 
       [5,8,11,12,16,19], 
       [5,8,16,18,19], 
       [3,4,6,7,14,17,19], 
       [2,5,6,11,19], 
       [0,1,2,4,9,16], 
       [1,4,6,9,12,16], 
       [5,6,7,11,14,16], 
       [1,3,5,7,10,15], 
       [0,1,6,8,12,13], 
       [2,6,8,12,15,17,19], 
       [2,4,6,7,11,13,17,19], 
       [2,3,6,9,12,14,16,17], 
       [2,3,7,8,10,17,19], 
       [2,3,5,7,11,17], 
       [3,7,9,11,14,17,18], 
       [1,5,10,12,13,15,16], 
       [6,7,9,10,12,16,19], 
       [3,8,12,15,19], 
       [2,5,8,10,16,17], 
       [3,7,8,9,10,12,16], 
       [2,4,7,11,12,14,16], 
       [0,4,6,8,11,14,19], 
       [1,4,7,10,11,12,16], 
       [1,4,5,9,11,13,14], 
       [4,9,11,13,15,19], 
       [6,7,8,10,11,12,15,18], 
       [0,1,3,4,6,9,10,13,19], 
       [0,2,5,10,12,13,19]
     ], 
     "times": {
       "BestFusion": 0.02, 
       "FirstFit": 0.02, 
       "GeneticGroup": 31.28, 
       "GeneticStandard": 2.56, 
       "OverloadAndRemove": 0.15, 
       "OverloadAndRemovePresort": 0.14
     }
   }, 
   {
     "approximation": "GeneticGroup [2014-10-29 11:37:50]", 
     "avgMultiplicity": 16.5, 
     "capacity": 15, 
     "category": "gauss", 
     "lowerBound": 2, 
     "pageCount": 14, 
     "pages": [
       [0,1,2,3,4,8,9,10,11,12,13,14,15,16,18], 
       [0,3,4,5,6,7,8,10,11,12,15,17,18,19], 
       [0,1,4,5,6,7,8,9,11,12,14,15,18], 
       [0,1,2,3,6,8,9,10,12,13,14,15,17,18,19], 
       [0,1,2,3,5,6,10,11,12,14,16,17,18,19], 
       [0,1,2,3,4,6,7,8,10,12,15,16,17,18,19], 
       [0,1,2,3,4,5,7,8,9,10,12,13,14,17,19], 
       [0,2,3,4,5,6,7,8,9,10,11,12,13,15,16], 
       [0,1,2,3,6,7,9,11,12,13,14,15,16,17,19], 
       [1,2,3,4,5,6,7,8,11,13,14,15,16,17,18], 
       [0,2,3,4,5,6,9,10,11,12,13,14,15,17,19], 
       [0,2,3,6,7,8,9,11,13,14,15,16,17,18,19], 
       [0,3,4,6,8,9,10,11,12,13,14,15,16,18,19], 
       [1,2,3,4,6,7,8,10,14]
     ], 
     "paginations": [
       [15,10], 
       [19,1], 
       [25,23], 
       [11,12,5], 
       [22,3], 
       [24,0,2], 
       [16,29], 
       [17,26], 
       [28,7,4], 
       [20,18], 
       [8,14], 
       [13,9], 
       [27,6], 
       [21]
     ], 
     "properSymbolCount": 0, 
     "solvers": {
       "BestFusion": 15, 
       "FirstFit": 15, 
       "GeneticGroup": 14, 
       "GeneticStandard": 14, 
       "OverloadAndRemove": 16, 
       "OverloadAndRemovePresort": 17
     }, 
     "symbolCount": 20, 
     "symbols": [0,1,2,3,4,5,6,7,8,9,10,11,12,13,14,15,16,17,18,19], 
     "tileCount": 30, 
     "tileMaxSize": 13, 
     "tileMinSize": 9, 
     "tiles": [
       [2,3,4,8,10,12,15,16,17,18,19], 
       [0,3,4,5,6,7,8,11,12,18,19], 
       [1,2,3,4,6,7,10,15,18,19], 
       [0,1,2,3,5,6,11,12,14,17,18,19], 
       [0,2,6,7,11,12,13,14,16,19], 
       [0,1,2,3,6,8,9,12,13,15,17,18,19], 
       [0,6,10,11,12,13,14,15,16,19], 
       [1,2,3,7,9,11,12,14,15,16,19], 
       [0,2,4,6,9,10,11,12,14,15,17], 
       [0,2,6,7,8,11,13,14,15,18,19], 
       [0,1,3,9,10,11,12,13,14,15,16,18], 
       [0,1,2,6,8,9,10,14,15,17,18,19], 
       [1,2,3,6,9,10,13,17,18], 
       [0,2,3,7,8,9,14,16,17,18,19], 
       [3,4,5,10,11,12,13,14,15,17,19], 
       [0,1,2,4,8,9,10,11,12,13,15,18], 
       [0,2,3,5,8,9,10,13,14,17,19], 
       [0,2,3,5,6,8,9,10,13,15,16], 
       [1,2,3,5,6,8,11,13,14,15,16,17], 
       [0,4,5,6,7,8,10,11,12,15,17,18,19], 
       [2,3,4,5,7,8,13,14,15,16,18], 
       [1,2,3,4,6,7,8,10,14], 
       [2,5,6,10,11,14,16,17,18,19], 
       [1,4,5,6,7,8,9,11,12,14,15,18], 
       [0,1,3,4,6,12,15,16,17,18,19], 
       [0,1,5,6,7,8,9,14,18], 
       [2,4,5,6,7,10,11,12,13,15,16], 
       [3,4,8,9,11,13,14,15,18,19], 
       [0,1,2,7,11,12,13,15,16,17,19], 
       [0,1,2,3,4,7,8,9,12,13,17,19]
     ], 
     "times": {
       "BestFusion": 0.03, 
       "FirstFit": 0.02, 
       "GeneticGroup": 36.97, 
       "GeneticStandard": 2.72, 
       "OverloadAndRemove": 0.29, 
       "OverloadAndRemovePresort": 0.34
     }
   }, 
   {
     "approximation": "OverloadAndRemovePresort [2014-10-28 13:06:03]", 
     "avgMultiplicity": 3.85, 
     "capacity": 15, 
     "category": "gauss", 
     "lowerBound": 2, 
     "pageCount": 2, 
     "pages": [
       [0,2,6,7,8,9,10,11,12,13,14,15,16,17,19], 
       [0,1,2,3,4,5,6,7,11,12,13,15,16,17,18]
     ], 
     "paginations": [
       [3,7,13,16,20,25,26,27,1,2,6,10,12,14,15,18,21,29,19], 
       [24,8,23,5,17,28,0,4,9,22,11]
     ], 
     "properSymbolCount": 0, 
     "solvers": {
       "BestFusion": 2, 
       "FirstFit": 3, 
       "GeneticGroup": 2, 
       "GeneticStandard": 2, 
       "OverloadAndRemove": 2, 
       "OverloadAndRemovePresort": 2
     }, 
     "symbolCount": 20, 
     "symbols": [0,1,2,3,4,5,6,7,8,9,10,11,12,13,14,15,16,17,18,19], 
     "tileCount": 30, 
     "tileMaxSize": 4, 
     "tileMinSize": 2, 
     "tiles": [
       [3,5], 
       [6,17], 
       [16,19], 
       [6,8,19], 
       [1,3], 
       [0,3,4], 
       [2,10], 
       [8,9,12], 
       [11,18], 
       [3,6,15,18], 
       [8,14], 
       [2,7,18], 
       [7,11], 
       [11,12,14], 
       [8,13], 
       [12,19], 
       [10,12,15], 
       [0,5,13], 
       [0,6], 
       [0,9,11,16], 
       [9,13,14], 
       [8,15], 
       [4,15], 
       [0,1], 
       [11,16,17], 
       [6,11,19], 
       [7,10,13], 
       [8,10,17], 
       [4,5,12], 
       [8,11]
     ], 
     "times": {
       "BestFusion": 0.03, 
       "FirstFit": 0.02, 
       "GeneticGroup": 3.46, 
       "GeneticStandard": 2.21, 
       "OverloadAndRemove": 0.03, 
       "OverloadAndRemovePresort": 0.04
     }
   }, 
   {
     "approximation": "OverloadAndRemovePresort [2014-10-28 13:06:03]", 
     "avgMultiplicity": 9.75, 
     "capacity": 15, 
     "category": "gauss", 
     "lowerBound": 2, 
     "pageCount": 5, 
     "pages": [
       [1,2,3,4,5,6,7,8,11,12,14,16,17,18,19], 
       [1,2,3,4,6,7,8,9,10,12,13,15,16,18,19], 
       [0,1,2,4,5,8,9,10,11,12,13,14,15,16,19], 
       [0,1,2,3,6,8,9,10,11,13,14,15,16,17,18], 
       [0,3,4,5,7,8,10,13,14,15,16,18,19]
     ], 
     "paginations": [
       [1,6,24,28,11,21,0,9,17], 
       [19,20,13,15,26,10,22], 
       [16,27,8,4,14], 
       [2,7,23,18,3,25], 
       [5,12,29]
     ], 
     "properSymbolCount": 0, 
     "solvers": {
       "BestFusion": 6, 
       "FirstFit": 7, 
       "GeneticGroup": 5, 
       "GeneticStandard": 5, 
       "OverloadAndRemove": 5, 
       "OverloadAndRemovePresort": 5
     }, 
     "symbolCount": 20, 
     "symbols": [0,1,2,3,4,5,6,7,8,9,10,11,12,13,14,15,16,17,18,19], 
     "tileCount": 30, 
     "tileMaxSize": 8, 
     "tileMinSize": 5, 
     "tiles": [
       [5,7,8,16,18,19], 
       [2,3,4,7,12,14,17,19], 
       [0,1,6,9,16,17,18], 
       [0,6,8,14,17], 
       [0,1,5,10,14], 
       [3,4,5,7,14,15,16], 
       [7,11,12,14,16,17,18,19], 
       [0,1,2,3,8,17], 
       [0,2,4,11,13,16], 
       [1,2,5,7,8,19], 
       [4,12,13,15,16], 
       [1,3,6,8,17,18,19], 
       [3,4,5,8,10,18,19], 
       [4,7,8,9,16,18,19], 
       [0,2,4,12,14], 
       [2,3,9,15,16,18], 
       [2,5,11,13,14,15,19], 
       [3,5,8,16,17,18], 
       [1,2,6,9,10,11], 
       [1,2,3,4,8,9,10,13], 
       [1,2,4,9,12,13,18], 
       [3,4,5,7,8,14,19], 
       [2,6,8,13,18], 
       [3,8,9,10,11,13,15,17], 
       [1,2,4,6,7,12,17,18], 
       [0,6,8,15,17], 
       [2,4,6,9,15,19], 
       [8,9,12,13,14,15,16], 
       [1,3,4,6,7,14,18,19], 
       [0,3,7,8,13,18]
     ], 
     "times": {
       "BestFusion": 0.03, 
       "FirstFit": 0.02, 
       "GeneticGroup": 29.31, 
       "GeneticStandard": 2.49, 
       "OverloadAndRemove": 0.13, 
       "OverloadAndRemovePresort": 0.14
     }
   }, 
   {
     "approximation": "GeneticGroup [2014-10-29 11:37:50]", 
     "avgMultiplicity": 15.6, 
     "capacity": 15, 
     "category": "gauss", 
     "lowerBound": 2, 
     "pageCount": 11, 
     "pages": [
       [0,2,3,4,6,8,9,11,12,13,14,15,16,17,19], 
       [0,2,3,5,7,9,10,11,12,13,14,15,16,18,19], 
       [0,3,4,6,7,9,10,12,13,14,16,17,18,19], 
       [1,2,3,4,5,6,7,8,9,10,12,14,17,18,19], 
       [0,1,2,3,4,5,7,9,10,13,15,16,17,18,19], 
       [0,1,2,3,4,5,6,7,8,10,11,12,13,16,17], 
       [1,2,3,4,6,7,8,11,12,13,15,16,17,18,19], 
       [0,1,3,4,5,7,8,9,10,11,13,14,15,18,19], 
       [0,1,2,5,7,8,9,10,12,14,15,16,17,18,19], 
       [0,1,2,3,4,6,8,9,10,12,13,14,15,16,19], 
       [1,3,4,5,6,8,10,11,16,17,18,19]
     ], 
     "paginations": [
       [20,12,9,15,6], 
       [19,2,11], 
       [21,18], 
       [14,28,22,0], 
       [8,10], 
       [3,24,27,23], 
       [1,16], 
       [25,29,7], 
       [4,17], 
       [26,5], 
       [13]
     ], 
     "properSymbolCount": 0, 
     "solvers": {
       "BestFusion": 13, 
       "FirstFit": 13, 
       "GeneticGroup": 11, 
       "GeneticStandard": 11, 
       "OverloadAndRemove": 14, 
       "OverloadAndRemovePresort": 13
     }, 
     "symbolCount": 20, 
     "symbols": [0,1,2,3,4,5,6,7,8,9,10,11,12,13,14,15,16,17,18,19], 
     "tileCount": 30, 
     "tileMaxSize": 13, 
     "tileMinSize": 8, 
     "tiles": [
       [1,2,6,8,9,12,14,17,18,19], 
       [1,2,4,6,7,8,11,12,15,16,17,19], 
       [0,2,3,7,11,12,13,15,16,19], 
       [0,2,4,5,7,11,12,16,17], 
       [0,1,2,5,9,10,14,16,17,19], 
       [1,2,3,6,8,9,10,12,13,15,16], 
       [3,8,9,11,12,13,14,15,16,19], 
       [0,1,3,4,5,7,8,9,11,14], 
       [0,2,3,4,5,7,9,10,16,17,18,19], 
       [0,4,9,11,12,13,14,15,19], 
       [0,1,4,5,7,9,10,13,15,17,18], 
       [2,5,7,10,11,12,13,14,15,16,18,19], 
       [0,3,4,6,8,9,11,13,15,19], 
       [1,3,4,5,6,8,10,11,16,17,18,19], 
       [2,3,5,6,7,8,12,14,18,19], 
       [0,2,4,6,8,9,11,12,15,16,17], 
       [1,2,3,4,7,8,11,12,13,15,18], 
       [0,1,2,5,7,8,9,12,14,15,17,18,19], 
       [0,3,4,7,9,10,12,13,14,16,17], 
       [2,3,9,10,11,12,13,14,15,18], 
       [0,2,3,4,9,14,15,17], 
       [0,4,6,7,9,10,13,14,17,18,19], 
       [1,2,3,4,6,7,8,9,10,12,14], 
       [3,4,5,6,7,10,11,16,17], 
       [0,1,4,5,6,8,11,12,13,16,17], 
       [0,3,4,5,7,8,10,11,13,15,19], 
       [0,2,4,8,10,13,14,15,16,19], 
       [1,3,4,5,7,10,11,12,13,17], 
       [1,2,4,7,8,10,12,18,19], 
       [3,4,7,8,11,14,18,19]
     ], 
     "times": {
       "BestFusion": 0.03, 
       "FirstFit": 0.02, 
       "GeneticGroup": 37.34, 
       "GeneticStandard": 2.71, 
       "OverloadAndRemove": 0.26, 
       "OverloadAndRemovePresort": 0.35
     }
   }
 ]