[
   {
     "approximation": "GeneticGroup [2014-10-30 18:50:46]", 
     "avgMultiplicity": 4.61, 
     "capacity": 15, 
     "category": "gauss", 
     "lowerBound": 5, 
     "pageCount": 17, 
     "pages": [
       [4,10,12,20,23,25,34,43,44,46,50,51,52,61,64], 
       [0,5,7,13,18,20,22,29,35,40,41,58,59,65,66], 
       [3,8,9,15,16,18,20,35,40,42,48,51,58,64], 
       [11,14,21,24,26,31,33,35,40,45,46,49,52,57,68], 
       [0,6,7,9,10,18,38,39,42,47,49,53,61,63,67], 
       [0,1,17,19,20,21,27,45,54,57,61,64,68], 
       [1,3,7,8,14,19,20,27,29,30,47,56,61,63,64], 
       [0,2,6,7,12,19,20,25,27,30,36,39,52,63], 
       [1,2,18,25,27,28,37,38,49,51,54,60,65,69], 
       [7,16,19,22,28,32,35,39,45,47,49,56,58,61,66], 
       [4,9,11,15,17,22,28,34,43,47,52,55,60,62,65], 
       [4,8,13,14,18,22,31,32,38,41,47,48,49,66,69], 
       [1,4,6,7,18,20,39,42,45,46,52,54,59,60,63], 
       [1,8,9,14,21,23,31,32,33,38,42,43,46,48,49], 
       [2,9,21,25,33,37,41,45,48,50,54,62,66,69], 
       [2,11,15,16,19,21,24,26,29,42,50,55,62,67,68], 
       [5,11,14,21,22,24,26,27,28,29,31,38,42,53,64]
     ], 
     "paginations": [
       [0,33,23], 
       [43,44,5], 
       [29,21,26,7], 
       [32,34,30,46,27], 
       [38,47], 
       [3,25], 
       [14,36,8], 
       [37,49], 
       [40,24,31], 
       [41,19,20], 
       [6,4,15], 
       [18,11,16], 
       [28,17,39], 
       [10,48,9], 
       [1,2], 
       [45,35,42], 
       [12,22,13]
     ], 
     "properSymbolCount": 2, 
     "solvers": {
       "BestFusion": 20, 
       "FirstFit": 20, 
       "GeneticGroup": 17, 
       "GeneticStandard": 19, 
       "OverloadAndRemove": 18, 
       "OverloadAndRemovePresort": 18
     }, 
     "symbolCount": 70, 
     "symbols": [0,1,2,3,4,5,6,7,8,9,10,11,12,13,14,15,16,17,18,19,20,21,22,23,24,25,26,27,28,29,30,31,32,33,34,35,36,37,38,39,40,41,42,43,44,45,46,47,48,49,50,51,52,53,54,55,56,57,58,59,60,61,62,63,64,65,66,67,68,69], 
     "tileCount": 50, 
     "tileMaxSize": 9, 
     "tileMinSize": 4, 
     "tiles": [
       [12,23,25,43,50,51], 
       [2,9,21,25,33,41,48,50], 
       [33,37,45,54,62,66,69], 
       [0,19,21,54,57,61], 
       [4,9,11,17,28,43], 
       [5,18,22,40,41], 
       [4,11,43,47,55,62], 
       [9,15,18,58,64], 
       [7,20,27,30,63], 
       [1,8,21,31,38,46,49], 
       [33,38,43,49], 
       [18,22,31,41,48,66,69], 
       [11,21,22,24,26,29,38], 
       [5,11,31,38,42,53,64], 
       [1,3,20,29,61,64], 
       [9,15,22,34,47,52,60,65], 
       [4,8,14,18,32,47,49], 
       [4,7,18,45,46,54], 
       [13,31,32,38,49,66], 
       [7,22,28,45,56,61], 
       [19,32,39,45,56,66], 
       [3,9,35,48,51,64], 
       [14,27,28,29,31,64], 
       [4,10,20,34,64], 
       [1,25,27,37,49,51,60], 
       [1,17,20,27,45,64,68], 
       [8,9,18,20,35,42,51], 
       [26,33,35,40,45,57], 
       [1,20,39,52,59,60], 
       [8,15,16,40,48], 
       [11,21,24,26,40], 
       [2,18,28,37,51,69], 
       [11,14,26,31,45,57,68], 
       [44,46,50,51,52,61,64], 
       [21,26,35,52,68], 
       [15,16,19,29,55,62], 
       [3,8,14,19,29,47,56,64], 
       [0,6,7,20,25,30,36], 
       [6,7,10,18,38,39,53,67], 
       [1,4,6,42,59,63], 
       [1,2,38,54,60,65,69], 
       [7,16,28,35,47,49,58], 
       [11,15,21,42,67,68], 
       [0,5,7,35,40,58,59,66], 
       [0,13,20,29,58,65], 
       [2,15,24,26,50,55,68], 
       [14,26,31,46,49,57], 
       [0,6,9,38,42,47,49,61,63], 
       [1,9,14,23,32,42,46,48], 
       [2,6,12,19,27,39,52,63]
     ], 
     "times": {
       "BestFusion": 0.03, 
       "FirstFit": 0.04, 
       "GeneticGroup": 46.88, 
       "GeneticStandard": 4.54, 
       "OverloadAndRemove": 0.56, 
       "OverloadAndRemovePresort": 0.48
     }
   }, 
   {
     "approximation": "GeneticGroup [2015-11-06 16:39:18]", 
     "avgMultiplicity": 4.81, 
     "capacity": 15, 
     "category": "gauss", 
     "lowerBound": 5, 
     "pageCount": 18, 
     "pages": [
       [8,16,21,24,26,34,40,41,48,50,51,55,57,58,63], 
       [4,7,8,12,17,19,26,37,39,40,42,51,53,65,68], 
       [11,15,17,31,33,35,41,47,49,52,59,61,63,67,69], 
       [3,7,8,15,18,21,28,30,33,40,44,48,54,59,68], 
       [2,6,13,16,18,20,23,31,33,40,42,45,48,64,66], 
       [0,6,13,15,18,20,31,36,37,38,39,46,56,67], 
       [0,2,10,20,22,23,24,29,41,46,47,52,55,58,69], 
       [1,9,12,15,18,23,27,35,42,45,47,50,52,55,66], 
       [7,10,13,14,15,18,22,25,26,31,36,51,62,63,69], 
       [6,12,15,22,23,26,32,36,41,44,45,54,58,62,68], 
       [9,16,21,32,33,38,41,45,46,48,52,53,64,66,67], 
       [2,4,10,16,17,20,23,25,26,27,30,39,42,68], 
       [0,5,6,7,14,22,27,28,30,39,44,50,63,64,66], 
       [7,9,14,27,29,34,36,41,47,51,53,58,62,64,65], 
       [12,16,21,23,26,46,47,52,65,66,67], 
       [4,8,9,14,17,20,36,37,38,44,45,55,57,64,66], 
       [1,6,8,17,19,20,25,35,36,38,42,43,45,60,63], 
       [2,3,6,12,15,19,24,35,39,48,51,53,54,55,56]
     ], 
     "paginations": [
       [13,35,36], 
       [17,1,15], 
       [4,23,46], 
       [48,38,16], 
       [30,8,5], 
       [27,33], 
       [10,6,11], 
       [9,29,45], 
       [26,14], 
       [44,37,43], 
       [19,42,41], 
       [28,32], 
       [20,2,22], 
       [21,25,47], 
       [39,7], 
       [40,3,24], 
       [18,0,49], 
       [12,34,31]
     ], 
     "properSymbolCount": 4, 
     "solvers": {
       "BestFusion": 23, 
       "FirstFit": 22, 
       "GeneticGroup": 18, 
       "GeneticStandard": 21, 
       "OverloadAndRemove": 19, 
       "OverloadAndRemovePresort": 19
     }, 
     "symbolCount": 70, 
     "symbols": [0,1,2,3,4,5,6,7,8,9,10,11,12,13,14,15,16,17,18,19,20,21,22,23,24,25,26,27,28,29,30,31,32,33,34,35,36,37,38,39,40,41,42,43,44,45,46,47,48,49,50,51,52,53,54,55,56,57,58,59,60,61,62,63,64,65,66,67,68,69], 
     "tileCount": 50, 
     "tileMaxSize": 8, 
     "tileMinSize": 5, 
     "tiles": [
       [1,8,19,38,60], 
       [8,17,19,37,42,65,68], 
       [5,6,7,22,28,30,63], 
       [4,8,20,55,64,66], 
       [15,35,41,49,52,59,67], 
       [6,13,23,31,33,48,66], 
       [0,2,20,29,41,58,69], 
       [21,23,47,65,67], 
       [13,16,18,20,40,45], 
       [9,12,18,23,35,42,47], 
       [10,20,22,23,24,46,52], 
       [0,20,23,46,47,55], 
       [2,3,12,19,35,54], 
       [8,26,51,57,63], 
       [10,14,15,18,22,26,36,69], 
       [4,7,19,26,37,42,53], 
       [3,8,21,30,48,68], 
       [7,12,39,40,51,68], 
       [25,36,42,43,60,63], 
       [38,45,48,64,66], 
       [0,14,28,39,66], 
       [9,27,36,41,47,51,62,64], 
       [14,27,30,39,44,50,64], 
       [17,47,49,59,61,63], 
       [4,8,14,36,37,38,45,55], 
       [14,29,36,47,53,58,65], 
       [7,13,25,31,36,51,62,63], 
       [0,6,13,15,18,20,38,67], 
       [2,16,17,20,27,30,42,68], 
       [9,15,27,42,45,47,50,55], 
       [2,16,31,33,42,48,64], 
       [15,24,35,51,53,56], 
       [4,10,23,25,26,30,39,42], 
       [0,13,31,36,37,39,46,56], 
       [6,19,24,39,48,55], 
       [8,16,24,34,48,50,55,63], 
       [16,21,24,40,41,51,57,58], 
       [12,32,36,45,68], 
       [15,28,33,44,54,59], 
       [12,16,26,46,52,66], 
       [9,17,20,44,57,64,66], 
       [21,32,38,46,52,53], 
       [9,16,33,41,46,52,67], 
       [6,22,26,32,41,54,58], 
       [15,22,23,44,45,54,58,62], 
       [1,12,15,45,47,52,66], 
       [11,17,31,33,41,63,69], 
       [7,34,41,51,53,62,65], 
       [7,8,15,18,40,44,48,59], 
       [6,17,20,25,35,45]
     ], 
     "times": {
       "BestFusion": 0.03, 
       "FirstFit": 0.02, 
       "GeneticGroup": 49.56, 
       "GeneticStandard": 4.6, 
       "OverloadAndRemove": 0.59, 
       "OverloadAndRemovePresort": 0.57
     }
   }, 
   {
     "approximation": "GeneticGroup [2014-10-30 18:50:46]", 
     "avgMultiplicity": 4.67, 
     "capacity": 15, 
     "category": "gauss", 
     "lowerBound": 5, 
     "pageCount": 17, 
     "pages": [
       [5,20,21,22,24,27,29,32,37,39,42,44,51,58], 
       [2,4,6,12,18,25,29,30,32,47,51,53,62,63,69], 
       [5,6,15,17,18,19,20,22,23,24,28,54,60,68], 
       [1,3,13,17,23,24,25,34,35,36,54,56,59,62,69], 
       [0,2,4,12,18,21,22,25,26,32,40,43,46,47,66], 
       [7,8,16,26,28,35,41,42,43,45,50,56,57,61,64], 
       [6,16,25,28,32,37,39,40,51,52,56,57,61,66,69], 
       [7,8,25,29,31,34,39,49,50,57,58,59,66,67,69], 
       [0,16,22,23,24,25,27,31,42,44,46,50,53,59,63], 
       [6,7,12,19,22,33,34,36,40,42,45,55,59,65], 
       [0,1,10,14,20,29,32,35,37,38,42,48,64,65,69], 
       [2,5,12,21,25,26,35,41,42,49,61,62,63,66,69], 
       [9,12,20,36,38,40,43,44,45,46,58,63,65,66,69], 
       [1,3,7,11,12,13,14,20,31,32,43,46,55,65,67], 
       [1,5,7,10,13,22,31,39,45,47,48,53,60,64], 
       [2,4,11,13,16,24,29,31,33,43,44,47,52,54,62], 
       [0,11,20,21,23,31,39,43,56,63,66,67,69]
     ], 
     "paginations": [
       [48,37,46,32], 
       [4,41,49], 
       [5,36,29], 
       [45,6,44], 
       [8,16,9], 
       [43,25,38], 
       [35,34,21], 
       [19,26,42,39], 
       [3,17,22], 
       [31,40], 
       [2,30,1], 
       [47,23,11], 
       [12,10], 
       [27,24,28], 
       [18,13,20], 
       [14,33,7], 
       [0,15]
     ], 
     "properSymbolCount": 3, 
     "solvers": {
       "BestFusion": 20, 
       "FirstFit": 21, 
       "GeneticGroup": 17, 
       "GeneticStandard": 20, 
       "OverloadAndRemove": 18, 
       "OverloadAndRemovePresort": 18
     }, 
     "symbolCount": 70, 
     "symbols": [0,1,2,3,4,5,6,7,8,9,10,11,12,13,14,15,16,17,18,19,20,21,22,23,24,25,26,27,28,29,30,31,32,33,34,35,36,37,38,39,40,41,42,43,44,45,46,47,48,49,50,51,52,53,54,55,56,57,58,59,60,61,62,63,64,65,66,67,68,69], 
     "tileCount": 50, 
     "tileMaxSize": 8, 
     "tileMinSize": 4, 
     "tiles": [
       [20,21,31,39,56,63,69], 
       [0,32,42,48,64,65], 
       [10,14,20,29,32,35,69], 
       [27,31,44,46,50,59,63], 
       [4,6,29,30,47,51,62], 
       [6,19,20,23,28,54], 
       [3,23,35,54,59], 
       [13,24,43,44,52,54,62], 
       [4,22,25,26,32,46], 
       [0,2,21,25,40,43,46,66], 
       [9,20,38,40,46,58,69], 
       [5,21,25,61,62,66], 
       [12,36,43,44,45,63,65,66], 
       [1,5,13,31,47,48,60], 
       [11,16,24,29,31,44,47,62], 
       [0,11,23,43,66,67], 
       [12,18,22,25,47], 
       [0,16,22,25,27,42,53], 
       [1,7,10,39,47,53,64], 
       [8,25,29,34,69], 
       [10,22,45,48], 
       [25,37,51,66,69], 
       [0,16,23,24,46,50], 
       [2,25,26,35,41,42,63], 
       [1,3,7,43,65], 
       [26,28,41,42,50,57], 
       [39,50,57,58,67,69], 
       [1,7,11,12,20,31,46,55], 
       [1,3,7,13,14,31,32,67], 
       [5,6,18,19,24,68], 
       [1,14,29,32,37,38,42], 
       [12,19,22,33,34,40,42,59], 
       [20,22,27,32,37,51], 
       [2,4,11,13,33,52,54], 
       [16,28,32,39,40,51,57,61], 
       [6,25,28,52,56,57], 
       [15,17,22,28,54,60,68], 
       [21,24,27,42,44,51], 
       [7,28,35,41,42,45,61,64], 
       [7,8,31,49,58,66], 
       [6,7,19,22,36,45,55,65], 
       [6,18,25,29,32,53,69], 
       [25,29,39,59], 
       [8,16,35,41,42,43,56], 
       [1,13,17,24,34,36,69], 
       [1,3,13,23,25,56,62], 
       [21,22,29,44,58], 
       [2,5,12,26,49,66,69], 
       [5,27,29,37,39,44], 
       [2,6,12,25,51,53,63]
     ], 
     "times": {
       "BestFusion": 0.03, 
       "FirstFit": 0.03, 
       "GeneticGroup": 46.52, 
       "GeneticStandard": 3.83, 
       "OverloadAndRemove": 0.52, 
       "OverloadAndRemovePresort": 0.56
     }
   }, 
   {
     "approximation": "GeneticGroup [2014-10-30 18:50:46]", 
     "avgMultiplicity": 4.53, 
     "capacity": 15, 
     "category": "gauss", 
     "lowerBound": 5, 
     "pageCount": 17, 
     "pages": [
       [8,13,14,17,19,28,32,40,45,46,51,54,56,57,61], 
       [1,3,10,15,17,20,25,26,30,31,32,40,51,64,69], 
       [1,2,4,7,24,25,29,31,34,38,48,53,55,65,67], 
       [5,6,11,27,28,32,33,38,43,45,46,48,49,54,58], 
       [3,4,6,8,9,18,22,25,31,40,46,51,52,58,61], 
       [0,15,25,27,34,38,42,44,48,52,56,59,65,66], 
       [4,13,14,15,19,22,23,24,28,43,45,57,58,59,62], 
       [7,8,12,15,25,26,35,39,43,44,46,53,60,61,68], 
       [2,12,15,16,18,19,23,33,34,40,41,42,51,58], 
       [0,11,12,27,31,34,36,39,40,41,42,46,47,54,61], 
       [0,5,8,9,13,18,21,29,30,36,39,42,43,44,55], 
       [15,17,22,25,27,29,30,32,33,49,50,53,61,63,68], 
       [14,18,20,21,23,33,39,42,44,47,49,51,60,61,62], 
       [2,5,8,16,22,34,35,37,39,49,54,59,60,68], 
       [0,1,7,11,17,23,25,29,32,35,39,51,52,59,68], 
       [9,10,19,20,22,29,32,33,40,42,57,64,65,66,67], 
       [9,11,18,20,21,28,29,50,53,54,59,66,69]
     ], 
     "paginations": [
       [8,15,7], 
       [38,13,35], 
       [30,39,18], 
       [12,33,47], 
       [32,28,42], 
       [48,20,43], 
       [11,24,5], 
       [29,4,6], 
       [37,44,22], 
       [25,1,19], 
       [31,46,9], 
       [0,16,23], 
       [26,40,17], 
       [14,27,3], 
       [21,45,41], 
       [10,34,2], 
       [49,36]
     ], 
     "properSymbolCount": 1, 
     "solvers": {
       "BestFusion": 19, 
       "FirstFit": 19, 
       "GeneticGroup": 17, 
       "GeneticStandard": 19, 
       "OverloadAndRemove": 18, 
       "OverloadAndRemovePresort": 18
     }, 
     "symbolCount": 70, 
     "symbols": [0,1,2,3,4,5,6,7,8,9,10,11,12,13,14,15,16,17,18,19,20,21,22,23,24,25,26,27,28,29,30,31,32,33,34,35,36,37,38,39,40,41,42,43,44,45,46,47,48,49,50,51,52,53,54,55,56,57,58,59,60,61,62,63,64,65,66,67,68,69], 
     "tileCount": 50, 
     "tileMaxSize": 8, 
     "tileMinSize": 5, 
     "tiles": [
       [15,22,27,29,30,53,63], 
       [11,31,34,47,54,61], 
       [10,19,29,32,66,67], 
       [16,35,54,59,60,68], 
       [8,12,15,26,44,68], 
       [22,28,57,58,59], 
       [8,25,35,39,46,53,60,68], 
       [13,54,56,57,61], 
       [13,14,17,40,51], 
       [0,5,8,18,39,42], 
       [9,20,22,29,42,57,66], 
       [14,19,22,43,45], 
       [5,6,27,32,43,45,58], 
       [15,20,25,26,31,64], 
       [2,8,22,37,39], 
       [8,19,28,32,45,46,51,61], 
       [17,29,32,33,49,61,68], 
       [18,20,21,39,49,51,62], 
       [2,25,34,38,48,53], 
       [0,12,39,42,46,47,54], 
       [0,27,42,48,52,59], 
       [0,1,29,32,35,39,59], 
       [2,12,15,18,34,41,42,51], 
       [15,25,32,50,61,63,68], 
       [4,13,15,19,23,24,59,62], 
       [12,27,31,36,39,40,41], 
       [14,23,33,42,49,51,61], 
       [5,22,34,39,49], 
       [25,40,46,52,58,61], 
       [7,8,26,43,61], 
       [4,7,24,25,29,53,67], 
       [18,21,36,43,44,55], 
       [4,18,22,25,51,61], 
       [6,11,33,38,46,48,49], 
       [10,20,29,33,40,64,65], 
       [3,10,30,32,51,64], 
       [11,20,21,29,54,66], 
       [2,16,19,23,51,58], 
       [1,17,32,40,51,69], 
       [1,2,4,31,38,55,65], 
       [33,44,47,49,60,61,62], 
       [7,11,17,23,25,59,68], 
       [3,6,8,9,25,31], 
       [25,34,44,52,66], 
       [18,33,34,40,41], 
       [1,51,52,59,68], 
       [5,9,13,18,29,30,55], 
       [5,28,46,49,54,58], 
       [15,38,48,56,59,65,66], 
       [9,18,28,50,53,59,69]
     ], 
     "times": {
       "BestFusion": 0.03, 
       "FirstFit": 0.02, 
       "GeneticGroup": 46.58, 
       "GeneticStandard": 3.55, 
       "OverloadAndRemove": 0.51, 
       "OverloadAndRemovePresort": 0.51
     }
   }, 
   {
     "approximation": "GeneticGroup [2015-11-06 16:39:18]", 
     "avgMultiplicity": 4.5, 
     "capacity": 15, 
     "category": "gauss", 
     "lowerBound": 5, 
     "pageCount": 16, 
     "pages": [
       [4,6,8,9,10,14,17,36,37,41,44,46,56,60,62], 
       [0,2,3,7,8,14,18,23,24,25,35,37,50,53,54], 
       [10,11,13,21,24,28,30,33,40,41,42,54,58,64,69], 
       [9,15,16,24,25,27,30,31,32,51,55,62,65,66,68], 
       [2,6,26,27,33,34,37,43,48,54,55,56,59,66,69], 
       [0,5,14,16,19,21,27,30,32,34,35,36,48,54,61], 
       [1,6,9,10,16,20,21,30,33,37,41,45,46,50,59], 
       [3,4,8,20,21,22,34,36,37,38,43,51,55,57,61], 
       [6,12,17,23,24,30,32,33,38,39,45,54,61,65,68], 
       [22,24,28,30,31,42,47,48,54,56,60,61,65,67,69], 
       [3,8,12,17,18,22,24,26,27,37,39,41,54,56,59], 
       [4,5,7,8,17,19,23,33,36,42,44,45,48,49,68], 
       [1,5,11,12,13,18,23,26,35,43,49,52,60,64,67], 
       [8,11,21,27,28,29,35,42,47,53,55,57,64,68,69], 
       [2,9,10,13,15,19,26,27,29,35,59,60,61,63,65], 
       [1,4,7,17,18,20,22,26,29,33,44,50,60,61,66]
     ], 
     "paginations": [
       [34,17,9], 
       [29,49,18], 
       [38,14,25], 
       [23,21], 
       [22,12,24], 
       [42,27,11], 
       [20,45,32,7], 
       [28,10,5], 
       [2,26,1,40], 
       [30,31,33], 
       [35,19,4], 
       [48,43,37], 
       [47,39,16], 
       [6,3,0], 
       [44,13,36], 
       [41,15,8,46]
     ], 
     "properSymbolCount": 2, 
     "solvers": {
       "BestFusion": 18, 
       "FirstFit": 20, 
       "GeneticGroup": 16, 
       "GeneticStandard": 19, 
       "OverloadAndRemove": 17, 
       "OverloadAndRemovePresort": 18
     }, 
     "symbolCount": 70, 
     "symbols": [0,1,2,3,4,5,6,7,8,9,10,11,12,13,14,15,16,17,18,19,20,21,22,23,24,25,26,27,28,29,30,31,32,33,34,35,36,37,38,39,40,41,42,43,44,45,46,47,48,49,50,51,52,53,54,55,56,57,58,59,60,61,62,63,64,65,66,67,68,69], 
     "tileCount": 50, 
     "tileMaxSize": 9, 
     "tileMinSize": 5, 
     "tiles": [
       [8,11,35,42,47,64], 
       [23,33,38,54,65], 
       [6,12,33,54,65,68], 
       [28,29,53,57,64,69], 
       [3,18,22,26,27,41,56], 
       [21,36,37,43,55,61], 
       [8,21,27,53,55,68,69], 
       [1,10,20,46,59], 
       [1,17,18,22,44,61], 
       [9,17,44,46,56,60], 
       [4,8,34,36,37,38,43,57], 
       [14,19,21,54,61], 
       [6,33,48,54,56], 
       [2,9,10,27,35,60], 
       [24,28,30,41,42,58,69], 
       [1,7,26,50,60,61], 
       [1,5,18,26,49,52,60], 
       [4,10,14,17,36,46,56], 
       [0,7,8,23,25,35,50], 
       [17,24,27,37,54,59], 
       [10,20,33,37,41,46,50], 
       [15,16,27,30,32,66,68], 
       [2,26,33,37,43,48,55,69], 
       [9,15,24,25,31,51,55,62,65], 
       [27,34,43,56,59,66], 
       [10,11,33,40,54,58,64], 
       [6,24,30,32,39,45], 
       [0,5,27,34,48], 
       [3,8,20,22,36,51,61], 
       [3,14,18,23,50,53,54], 
       [22,28,31,42,47,60,69], 
       [24,28,48,54,61,67], 
       [1,6,9,20,21,45], 
       [30,42,56,60,65,67], 
       [6,8,9,14,37,41,62], 
       [8,12,22,37,39,41], 
       [26,29,59,61,63], 
       [4,5,42,44,45,68], 
       [13,21,40,54,64,69], 
       [5,11,12,23,43,64,67], 
       [12,17,23,32,39,45,54,61], 
       [4,26,33,44,60,66], 
       [16,30,32,35,36], 
       [8,17,19,33,36,45], 
       [9,13,15,19,61,65], 
       [16,20,30,45,50], 
       [20,22,29,33,44,60,61], 
       [5,13,18,35,64], 
       [7,23,33,42,48,49], 
       [2,3,24,37,50,54]
     ], 
     "times": {
       "BestFusion": 0.05, 
       "FirstFit": 0.03, 
       "GeneticGroup": 46.96, 
       "GeneticStandard": 3.55, 
       "OverloadAndRemove": 0.51, 
       "OverloadAndRemovePresort": 0.48
     }
   }, 
   {
     "approximation": "GeneticGroup [2014-10-30 18:50:46]", 
     "avgMultiplicity": 4.51, 
     "capacity": 15, 
     "category": "gauss", 
     "lowerBound": 5, 
     "pageCount": 17, 
     "pages": [
       [1,2,3,8,21,26,37,39,48,50,51,61,63,64,65], 
       [4,12,13,14,18,25,32,33,41,53,60,61,62,68,69], 
       [5,8,15,25,30,35,36,43,48,52,54,58,59,61,67], 
       [0,4,6,7,13,15,22,24,33,37,41,57,62,64,67], 
       [1,15,20,25,26,33,34,41,46,51,52,54,61,69], 
       [11,13,19,26,28,32,35,36,44,45,49,51,59,60,64], 
       [4,6,8,10,19,20,28,29,35,54,55,59,62,65,69], 
       [1,4,6,15,29,40,42,44,48,49,53,56,57,58,60], 
       [3,6,9,15,25,26,27,28,35,39,44,45,52,54,55], 
       [0,1,8,16,17,18,26,30,35,40,53,58,65,66,68], 
       [10,14,20,25,28,30,31,37,38,39,49,50,59,65,67], 
       [11,12,13,16,18,24,36,46,51,53,54,63,67,68,69], 
       [5,8,17,21,24,25,26,29,32,44,47,48,50,59,62], 
       [2,3,5,8,14,22,23,32,34,36,50,55,57,61,66], 
       [3,12,20,21,22,25,27,33,34,38,43,54,60], 
       [11,14,21,29,30,31,46,52,57,59,60,61,62,67,68], 
       [1,2,3,9,10,19,27,30,37,40,60]
     ], 
     "paginations": [
       [36,9,28,4], 
       [34,25,16], 
       [46,15,10], 
       [49,29,6], 
       [21,2,43], 
       [47,18,39,38], 
       [23,48,30], 
       [12,19,5], 
       [3,17,0], 
       [14,41,42], 
       [45,31,35,33], 
       [26,13,20], 
       [8,22], 
       [1,40], 
       [32,37], 
       [11,7,24], 
       [44,27]
     ], 
     "properSymbolCount": 4, 
     "solvers": {
       "BestFusion": 19, 
       "FirstFit": 19, 
       "GeneticGroup": 17, 
       "GeneticStandard": 19, 
       "OverloadAndRemove": 18, 
       "OverloadAndRemovePresort": 17
     }, 
     "symbolCount": 70, 
     "symbols": [0,1,2,3,4,5,6,7,8,9,10,11,12,13,14,15,16,17,18,19,20,21,22,23,24,25,26,27,28,29,30,31,32,33,34,35,36,37,38,39,40,41,42,43,44,45,46,47,48,49,50,51,52,53,54,55,56,57,58,59,60,61,62,63,64,65,66,67,68,69], 
     "tileCount": 50, 
     "tileMaxSize": 9, 
     "tileMinSize": 3, 
     "tiles": [
       [3,27,35,39,44,52], 
       [2,8,22,23,32,36,55,61], 
       [1,25,26,34,52,54,61,69], 
       [9,15,25,26,28,45,54], 
       [3,8,21,37,51,63], 
       [1,29,56,57,60], 
       [13,15,41,64,67], 
       [14,21,46,52,57,68], 
       [17,21,25,26,32,47,48,62], 
       [1,3,8,26,37,61], 
       [5,15,25,30,48,58,61], 
       [29,30,31,62,67,68], 
       [4,15,40,42,48,56,58], 
       [13,16,18,46,69], 
       [0,8,18,35,58,66,68], 
       [8,15,25,30,43,67], 
       [13,18,25,33,61,62], 
       [3,6,27,44,45,55], 
       [44,49,51,59,60], 
       [1,6,40,44,49,53,60], 
       [11,13,24,36,51,68], 
       [15,33,41,46,51,52,61], 
       [5,8,21,24,26,29,44,50,59], 
       [6,8,20,35,59,65], 
       [11,30,46,59,60,61], 
       [4,12,53,60,62,68,69], 
       [11,12,13,18,53,54,63,67,69], 
       [3,9,19,30,40], 
       [39,64,65], 
       [6,7,13,24,41,57], 
       [28,55,59,62,65,69], 
       [20,25,28,38,39,67], 
       [12,20,21,27,33,54,60], 
       [10,28,30,37,38,49,67], 
       [12,13,14,32,33,41,62], 
       [10,14,31,38,49,65], 
       [2,48,50,63,65], 
       [3,20,22,25,34,38,43], 
       [13,32,45,49,64], 
       [13,19,26,35,60], 
       [3,5,14,34,50,57,66], 
       [1,16,26,30,53,65], 
       [1,17,18,40,65,68], 
       [15,20,34,46,61], 
       [1,2,10,27,37,60], 
       [20,28,30,31,37,50,59], 
       [5,30,35,36,52,54,59], 
       [11,13,28,32,35,36], 
       [4,8,10,19,29,54,62], 
       [0,4,15,22,33,37,62]
     ], 
     "times": {
       "BestFusion": 0.04, 
       "FirstFit": 0.02, 
       "GeneticGroup": 45.82, 
       "GeneticStandard": 3.54, 
       "OverloadAndRemove": 0.51, 
       "OverloadAndRemovePresort": 0.5
     }
   }
 ]