[
   {
     "approximation": "FirstFit [2014-10-28 13:08:26]", 
     "avgMultiplicity": 10.65, 
     "capacity": 15, 
     "category": "gauss", 
     "cplexOpt": 3, 
     "lowerBound": 2, 
     "pageCount": 3, 
     "pages": [
       [0,2,3,4,5,6,8,10,12,13,14,16,17,18,19], 
       [0,1,2,3,5,7,8,9,11,12,13,15,17,18,19], 
       [0,1,4,5,6,7,8,9,10,11,12,13,14,15,16]
     ], 
     "paginations": [
       [0,1,2,3,4,5,6,7,9,11,12,15,16,23,25,26,28,29,30,39,40,42,43,46,47,49,52,54,56,57,58,59,60,61,62,65,67,68,72,76,79], 
       [8,10,13,14,17,18,19,20,21,24,31,36,38,41,44,48,50,55,66,69,70,71,73,74], 
       [22,27,32,33,34,35,37,45,51,53,63,64,75,77,78]
     ], 
     "properSymbolCount": 0, 
     "solvers": {
       "BestFusion": 4, 
       "FirstFit": 3, 
       "GeneticGroup": 3, 
       "GeneticStandard": 3, 
       "OverloadAndRemove": 4, 
       "OverloadAndRemovePresort": 3
     }, 
     "symbolCount": 20, 
     "symbols": [0,1,2,3,4,5,6,7,8,9,10,11,12,13,14,15,16,17,18,19], 
     "tileCount": 80, 
     "tileMaxSize": 4, 
     "tileMinSize": 2, 
     "tiles": [
       [1,5,17], 
       [3,8,13,17], 
       [4,12,14], 
       [6,10,16], 
       [13,16,17], 
       [7,18], 
       [0,1,6], 
       [5,14,17], 
       [7,11], 
       [4,7], 
       [6,11,15], 
       [4,16], 
       [4,15], 
       [2,19], 
       [11,15,16], 
       [0,1,9], 
       [1,16], 
       [3,11,18], 
       [0,12], 
       [5,12], 
       [8,15,19], 
       [1,4,12], 
       [1,5,15], 
       [1,9,14,15], 
       [5,9,14], 
       [1,8], 
       [6,7,8,14], 
       [8,17,19], 
       [0,2], 
       [6,10,17], 
       [10,13,14,19], 
       [6,14,19], 
       [12,15], 
       [1,7,9,12], 
       [2,9,13], 
       [15,17], 
       [1,9,11,13], 
       [13,15], 
       [7,10,13], 
       [12,19], 
       [1,19], 
       [12,16,18], 
       [2,10,18], 
       [8,9,10,16], 
       [0,9,11,15], 
       [2,12], 
       [4,5], 
       [7,8,9], 
       [6,12,17], 
       [2,4], 
       [6,18], 
       [3,4], 
       [0,5], 
       [0,19], 
       [5,13], 
       [3,12,17], 
       [4,8,9,11], 
       [2,15], 
       [1,18], 
       [4,17,18], 
       [5,19], 
       [2,16], 
       [3,16], 
       [2,5,11,18], 
       [16,17,19], 
       [10,11], 
       [4,12,17], 
       [3,19], 
       [1,2], 
       [11,13,18], 
       [6,14,17], 
       [9,17], 
       [4,10,19], 
       [4,13], 
       [7,16], 
       [5,8,17], 
       [10,16,18], 
       [2,13,14], 
       [15,18], 
       [2,3]
     ], 
     "times": {
       "BestFusion": 0.13, 
       "FirstFit": 0.14, 
       "GeneticGroup": 47.21, 
       "GeneticStandard": 10.48, 
       "OverloadAndRemove": 0.36, 
       "OverloadAndRemovePresort": 0.32
     }
   }, 
   {
     "approximation": "GeneticGroup [2014-10-29 12:45:14]", 
     "avgMultiplicity": 25.8, 
     "capacity": 15, 
     "category": "gauss", 
     "cplexLB": 4, 
     "lowerBound": 2, 
     "pageCount": 8, 
     "pages": [
       [1,2,3,4,6,7,8,9,11,12,13,14,16,17,19], 
       [0,1,2,3,4,5,6,8,9,10,11,14,15,18,19], 
       [0,1,2,4,5,6,9,11,12,13,15,16,17,18,19], 
       [0,1,2,3,4,5,6,7,10,12,13,14,15,16,17], 
       [0,1,4,5,6,7,8,9,10,12,13,14,15,16,19], 
       [0,3,4,5,7,8,11,12,13,14,15,16,17,18,19], 
       [0,1,2,3,5,7,8,10,13,14,15,16,17,18,19], 
       [0,1,2,3,4,6,7,8,9,10,11,12,16,17,18]
     ], 
     "paginations": [
       [75,21,39,16,27,57,9,70,54,37,13,49,3,53,41,55,8], 
       [59,12,20,61,28,71,38,30,43,46,50,34,1], 
       [17,51,77,11,14,58,64,33,42,7,4], 
       [10,79,32,66,23,44,2,56,15,67,68,36,35], 
       [48,69,78,63,5,65,18], 
       [24,31,73,26,60,74,62,0,29], 
       [40,6,47,22,45,19,76], 
       [72,25,52]
     ], 
     "properSymbolCount": 0, 
     "solvers": {
       "BestFusion": 11, 
       "FirstFit": 11, 
       "GeneticGroup": 8, 
       "GeneticStandard": 10, 
       "OverloadAndRemove": 10, 
       "OverloadAndRemovePresort": 9
     }, 
     "symbolCount": 20, 
     "symbols": [0,1,2,3,4,5,6,7,8,9,10,11,12,13,14,15,16,17,18,19], 
     "tileCount": 80, 
     "tileMaxSize": 9, 
     "tileMinSize": 4, 
     "tiles": [
       [0,4,7,11,12,13,19], 
       [4,11,14,18], 
       [0,4,13,14,17], 
       [2,3,7,8,9,16,19], 
       [0,5,6,13,16,17], 
       [1,6,9,10,13], 
       [0,2,3,5,8,15,16], 
       [0,1,2,4,12], 
       [1,2,3,6,11,12,19], 
       [4,6,8,13,14], 
       [3,4,5,7,10,14], 
       [2,13,16,17,18], 
       [0,5,6,8,9,11,14,18], 
       [2,7,8,12,14,16,17], 
       [2,4,5,9,12,18,19], 
       [0,1,2,5,10,13,14], 
       [1,3,4,8,9,17], 
       [0,1,4,5,12,16,18], 
       [0,8,14,15,19], 
       [1,2,3,5,8,13,14], 
       [2,4,5,8,9,11,18], 
       [1,6,7,11,14,16], 
       [1,5,7,13,15,17,18], 
       [1,4,5,7,14,17], 
       [0,7,11,13,14,17,19], 
       [0,2,3,10,11,16,18], 
       [3,8,12,14,15,16,19], 
       [2,6,7,11,14,17], 
       [6,8,9,10,11,15,18], 
       [3,7,12,13,14,18], 
       [1,2,9,14,18,19], 
       [3,4,13,15,16,17,18,19], 
       [0,1,2,3,10,15,16], 
       [0,5,9,11,12,13,18], 
       [0,2,3,4,6,14], 
       [0,2,5,10,12,14], 
       [1,3,6,10,12,17], 
       [6,7,11,12,17], 
       [2,3,9,10,11], 
       [3,7,14,16,19], 
       [1,3,5,13,15,17,19], 
       [2,3,4,7,12,17,19], 
       [0,1,2,4,9,13,15,16,17], 
       [3,9,10,11,14,15,18], 
       [0,2,3,5,7,14,17], 
       [2,7,10,16,17,19], 
       [2,3,5,6,15], 
       [5,7,10,13,14,18,19], 
       [1,5,8,10,12,13,19], 
       [1,6,8,12,13,19], 
       [0,1,2,3,5,6], 
       [0,2,13,15,18], 
       [2,3,4,6,7,9,17,18], 
       [1,3,7,16,17,19], 
       [1,12,13,17], 
       [3,7,9,13,16,17], 
       [0,3,4,10,12,13,17], 
       [1,2,6,14,17,19], 
       [0,4,6,9,11,12,17], 
       [0,4,5,8,9,14,19], 
       [5,7,8,11,15,18], 
       [1,3,5,11,14,15,18], 
       [0,3,5,8,14,15,17,18], 
       [0,1,7,9,13,14,16], 
       [2,4,5,11,15,17,19], 
       [4,7,8,9,10,12,15,19], 
       [2,3,5,7,10,17], 
       [0,3,4,10,13,16,17], 
       [0,4,10,15,16,17], 
       [0,1,4,6,7,8,15,19], 
       [2,4,6,8,14,16,17,19], 
       [1,4,6,8,14,15,18], 
       [1,8,11,12,17,18], 
       [3,8,11,15,16,18], 
       [3,4,7,8,11,12,15,18], 
       [2,3,4,9,13,16,17], 
       [0,2,7,8,17], 
       [0,1,2,11,17,18], 
       [0,5,6,9,10,12,16], 
       [3,5,7,10,12,15]
     ], 
     "times": {
       "BestFusion": 0.11, 
       "FirstFit": 0.1, 
       "GeneticGroup": 88.72, 
       "GeneticStandard": 8.26, 
       "OverloadAndRemove": 0.91, 
       "OverloadAndRemovePresort": 0.83
     }
   }, 
   {
     "approximation": "GeneticGroup [2014-10-29 12:45:14]", 
     "avgMultiplicity": 42.15, 
     "capacity": 15, 
     "category": "gauss", 
     "cplexLB": 7, 
     "lowerBound": 2, 
     "pageCount": 21, 
     "pages": [
       [0,1,2,3,4,5,6,7,10,11,12,13,14,17,19], 
       [0,3,5,6,7,10,11,12,13,14,15,16,17,18,19], 
       [0,2,3,4,5,6,7,9,10,11,12,13,14,15,16], 
       [0,2,3,4,5,7,8,9,10,12,13,14,16,18,19], 
       [0,1,2,3,7,8,9,10,11,12,13,14,15,17,19], 
       [1,2,3,4,5,8,9,10,11,12,14,15,16,18,19], 
       [0,2,3,4,5,6,9,10,11,12,13,14,15,17,19], 
       [1,2,3,4,5,6,7,8,9,11,13,14,15,17,19], 
       [0,1,3,4,7,8,10,11,12,13,14,15,16,17,19], 
       [1,3,4,5,6,7,8,9,10,11,13,15,16,18,19], 
       [1,2,4,6,7,9,10,11,12,13,14,16,17,18,19], 
       [0,1,3,6,7,8,9,11,12,14,15,16,17,18,19], 
       [0,1,2,4,5,8,9,11,12,14,15,16,17,18,19], 
       [0,1,2,3,4,5,6,7,8,11,12,13,15,16,18], 
       [0,1,3,4,5,6,8,9,10,11,13,15,17,18,19], 
       [0,4,5,6,7,8,9,10,11,12,13,14,16,17,19], 
       [0,1,2,3,4,5,6,7,11,12,13,14,16,18,19], 
       [0,1,2,4,5,6,7,8,9,11,13,14,17,18,19], 
       [0,2,3,4,5,8,9,10,11,12,13,14,16,17,18], 
       [1,2,3,5,6,7,8,10,12,15,16], 
       [0,1,3,4,5,6,8,9,10,12,14,15,17,18,19]
     ], 
     "paginations": [
       [60,75,7,27,10], 
       [38,45,11,78], 
       [76,73,51], 
       [15,19,24,74], 
       [20,25,42,44,35,69], 
       [0,54,34,36,67,39], 
       [12,6,37,40,65], 
       [22,63,46,47], 
       [29,31,2], 
       [68,21,1], 
       [5,59,56], 
       [79,58], 
       [53,33,77,30,57,13], 
       [41,4,70,50], 
       [3,23,49,62], 
       [52,14,72,55], 
       [43,61], 
       [26,64,18,9,16], 
       [66,17,8,32], 
       [48], 
       [71,28]
     ], 
     "properSymbolCount": 0, 
     "solvers": {
       "BestFusion": 29, 
       "FirstFit": 29, 
       "GeneticGroup": 21, 
       "GeneticStandard": 27, 
       "OverloadAndRemove": 24, 
       "OverloadAndRemovePresort": 28
     }, 
     "symbolCount": 20, 
     "symbols": [0,1,2,3,4,5,6,7,8,9,10,11,12,13,14,15,16,17,18,19], 
     "tileCount": 80, 
     "tileMaxSize": 13, 
     "tileMinSize": 7, 
     "tiles": [
       [1,2,4,5,8,9,10,11,14,19], 
       [1,4,6,8,9,10,11,13,15,18,19], 
       [0,1,3,4,7,8,10,12,14,16,17], 
       [0,1,3,4,5,6,8,9,11,15], 
       [1,2,3,4,6,7,8,12,13,15,18], 
       [1,2,4,6,9,10,11,12,13,14,16,17,18], 
       [0,2,3,4,5,6,10,15,17], 
       [1,2,4,5,7,10,11,12,13,17,19], 
       [0,3,4,9,10,11,14,17,18], 
       [0,1,2,4,6,8,9,14,18,19], 
       [0,1,2,3,4,10,11,13,14], 
       [0,3,5,7,10,12,13,15,16,17,18], 
       [0,2,3,6,10,13,14,15,17], 
       [0,1,4,8,12,14,16,17,18,19], 
       [0,4,5,7,9,10,11,13,16,17], 
       [0,4,7,8,10,12,13,14,16,18,19], 
       [0,1,4,5,7,8,9,17,18,19], 
       [2,3,5,8,9,10,11,13,18], 
       [0,1,2,4,5,6,7,8,9,11,14], 
       [0,3,4,5,7,8,9,13,14], 
       [1,2,3,7,9,12,14,15,17,19], 
       [1,3,6,7,8,9,13,15,16,19], 
       [1,2,5,6,7,8,11,13,14,15,17,19], 
       [0,4,5,6,8,9,10,13,15,17,19], 
       [0,2,3,5,7,8,9,10,13,16,18], 
       [0,1,2,7,9,10,11,12,13,14,19], 
       [1,5,6,7,9,11,13,17,18,19], 
       [0,1,3,4,5,6,10,11,12,13,19], 
       [1,3,4,5,8,9,10,12,14,17,18], 
       [0,1,3,7,8,10,11,12,13,14,16,17,19], 
       [0,1,2,8,9,11,12,15,17,18,19], 
       [0,1,3,4,8,10,12,13,14,15,16,19], 
       [2,5,10,13,16,17,18], 
       [0,1,2,5,8,9,11,12,15,16,18], 
       [2,3,4,5,10,11,14,15,16,18,19], 
       [2,3,7,8,9,10,12,14,17,19], 
       [1,3,4,5,11,12,14,15,16,19], 
       [0,3,4,5,6,9,10,12,14,19], 
       [3,6,7,10,11,13,14,16,17,18,19], 
       [1,2,5,8,9,12,14,15,16,19], 
       [0,3,6,9,10,11,12,14,17,19], 
       [1,2,3,5,6,7,8,11,12,13,15], 
       [0,1,2,7,9,10,12,13,14,15,19], 
       [0,1,2,3,5,6,7,11,12,13,16,18,19], 
       [1,2,3,8,11,12,13,14,15,17], 
       [0,5,6,7,10,11,14,15,16,17,18], 
       [3,4,5,7,8,13,14,15,17], 
       [1,2,3,5,7,8,9,11,13,15,19], 
       [1,2,3,5,6,7,8,10,12,15,16], 
       [0,1,3,4,6,9,11,13,18,19], 
       [0,3,4,5,6,7,11,12,13,18], 
       [2,3,4,5,9,10,11,12,13,14,15], 
       [4,5,7,8,9,10,12,16,17,19], 
       [0,1,2,4,5,8,9,11,12,14,16,19], 
       [1,2,4,5,10,11,12,14,15,19], 
       [4,5,6,7,9,10,11,12,13,19], 
       [1,2,6,9,11,12,16,17,19], 
       [4,5,8,12,15,16,17,18,19], 
       [0,1,3,6,7,8,9,11,15,16,17,18,19], 
       [1,4,6,7,11,12,14,16,17,18,19], 
       [0,1,3,4,6,7,12,17], 
       [0,1,2,3,4,6,11,12,13,14,16,19], 
       [0,1,3,4,5,6,9,11,13,15,17], 
       [2,3,4,6,7,9,13,14,15,17,19], 
       [0,1,5,7,8,11,13,14,17,18,19], 
       [0,2,3,5,9,10,13,17,19], 
       [0,2,4,8,9,11,12,13,16,18], 
       [1,2,3,4,5,8,11,12,14,15,19], 
       [1,3,4,5,6,9,10,11,13,15,16,18], 
       [0,1,2,3,7,8,9,10,11,12,14,15], 
       [0,2,5,7,8,11,13,15,16,18], 
       [0,1,5,6,9,10,12,15,17,18,19], 
       [4,5,6,7,8,9,13,14,16,17], 
       [0,2,3,4,7,9,11,12,14,15,16], 
       [3,4,5,7,8,12,13,14,16,18], 
       [0,1,2,4,6,10,11,12,14,17,19], 
       [0,2,5,6,7,9,10,11,13,14,15], 
       [0,1,2,4,5,8,12,14,16,17,19], 
       [0,3,5,6,7,10,12,14,15,16,17], 
       [1,3,9,11,12,14,15,16,17,18,19]
     ], 
     "times": {
       "BestFusion": 0.08, 
       "FirstFit": 0.06, 
       "GeneticGroup": 99.3, 
       "GeneticStandard": 8.01, 
       "OverloadAndRemove": 1.52, 
       "OverloadAndRemovePresort": 1.58
     }
   }, 
   {
     "approximation": "BestFusion [2014-10-28 13:08:26]", 
     "avgMultiplicity": 12.05, 
     "capacity": 15, 
     "category": "gauss", 
     "cplexOpt": 3, 
     "lowerBound": 2, 
     "pageCount": 3, 
     "pages": [
       [0,1,2,3,4,5,7,9,11,12,14,15,16,17,19], 
       [0,1,2,4,6,7,8,9,10,13,14,15,16,17,18], 
       [0,2,3,4,5,8,10,11,12,13,14,15,17,18,19]
     ], 
     "paginations": [
       [0,2,3,4,5,6,8,9,10,11,12,14,15,16,17,20,22,27,28,34,35,36,37,38,40,41,44,54,58,61,63,64,66,68,69,73,76,77], 
       [1,7,18,19,21,23,24,25,26,29,30,31,33,43,46,49,51,53,55,56,59,62,67,70,72,75,79], 
       [13,32,42,45,47,48,50,52,57,60,65,71,74,78,39]
     ], 
     "properSymbolCount": 0, 
     "solvers": {
       "BestFusion": 3, 
       "FirstFit": 3, 
       "GeneticGroup": 3, 
       "GeneticStandard": 3, 
       "OverloadAndRemove": 4, 
       "OverloadAndRemovePresort": 4
     }, 
     "symbolCount": 20, 
     "symbols": [0,1,2,3,4,5,6,7,8,9,10,11,12,13,14,15,16,17,18,19], 
     "tileCount": 80, 
     "tileMaxSize": 4, 
     "tileMinSize": 2, 
     "tiles": [
       [10,11,14,17], 
       [11,12,15], 
       [1,4,13], 
       [0,19], 
       [2,9,16,19], 
       [4,8,18], 
       [4,5,8,17], 
       [1,3,12,17], 
       [9,14], 
       [5,11,19], 
       [4,13,14], 
       [0,5,8], 
       [8,14,17], 
       [1,4,9], 
       [0,16], 
       [3,5,12], 
       [6,13], 
       [9,10,13], 
       [7,14], 
       [3,4], 
       [12,14,18], 
       [2,3,11,18], 
       [2,14,17], 
       [10,12,14,19], 
       [5,8,12], 
       [4,7,9,17], 
       [7,9,13], 
       [4,7,10,15], 
       [2,5,15], 
       [2,6,8], 
       [3,12,19], 
       [1,4,7,15], 
       [4,11,13], 
       [4,5,15,18], 
       [1,4,18], 
       [4,10,13], 
       [2,6,14], 
       [4,16,17], 
       [2,10,14], 
       [1,5,19], 
       [18,19], 
       [0,4,9,17], 
       [10,11,14,19], 
       [1,3,11], 
       [4,6], 
       [1,2,19], 
       [5,12,14], 
       [6,17], 
       [3,8,14,19], 
       [13,15], 
       [1,6,9], 
       [10,11,13], 
       [3,9,12], 
       [3,14,15], 
       [0,13], 
       [9,15,16,17], 
       [4,14,15], 
       [0,9,12], 
       [0,1], 
       [8,10], 
       [2,4,16], 
       [9,11,17], 
       [0,10,11,14], 
       [1,2,9], 
       [0,2,14], 
       [0,6], 
       [6,10], 
       [12,16], 
       [2,10,15], 
       [0,4,8], 
       [6,16], 
       [4,9,17,19], 
       [13,14,16], 
       [1,4,11,12], 
       [10,15,17], 
       [3,17,18], 
       [1,2,17], 
       [9,10,17,18], 
       [1,9,12,19], 
       [1,16]
     ], 
     "times": {
       "BestFusion": 0.13, 
       "FirstFit": 0.12, 
       "GeneticGroup": 51.36, 
       "GeneticStandard": 10.67, 
       "OverloadAndRemove": 0.32, 
       "OverloadAndRemovePresort": 0.37
     }
   }, 
   {
     "approximation": "GeneticGroup [2014-10-29 12:45:14]", 
     "avgMultiplicity": 26.55, 
     "capacity": 15, 
     "category": "gauss", 
     "cplexLB": 4, 
     "lowerBound": 2, 
     "pageCount": 8, 
     "pages": [
       [0,1,2,3,7,8,9,10,11,12,14,15,16,18,19], 
       [0,1,2,3,4,5,7,8,9,10,15,16,17,18,19], 
       [1,2,3,5,6,8,9,10,12,13,14,15,16,17,18], 
       [0,1,3,4,6,7,8,9,10,11,13,14,16,17,18], 
       [0,1,2,4,5,10,11,12,13,14,15,16,17,18,19], 
       [2,3,4,7,8,9,11,12,13,14,15,16,17,18,19], 
       [0,2,3,4,5,6,7,10,11,12,13,14,17,18,19], 
       [0,1,5,6,7,8,10,11,12,13,14,15,16,17,19]
     ], 
     "paginations": [
       [75,21,46,27,8,73,44,29,56,14,55,25,52], 
       [5,78,65,12,72,64,1,57,77], 
       [0,15,42,47,7,61,49,66,26,20,9,23,51,62], 
       [54,39,13,10,34,2,74,76,68,41,36], 
       [63,31,59,28,69,79,24,40,22,37,58,33], 
       [60,43,19,11,53,50,32,3,17], 
       [16,30,71,48,4,6], 
       [38,45,67,35,70,18]
     ], 
     "properSymbolCount": 0, 
     "solvers": {
       "BestFusion": 13, 
       "FirstFit": 13, 
       "GeneticGroup": 8, 
       "GeneticStandard": 11, 
       "OverloadAndRemove": 10, 
       "OverloadAndRemovePresort": 11
     }, 
     "symbolCount": 20, 
     "symbols": [0,1,2,3,4,5,6,7,8,9,10,11,12,13,14,15,16,17,18,19], 
     "tileCount": 80, 
     "tileMaxSize": 9, 
     "tileMinSize": 4, 
     "tiles": [
       [1,3,6,9,13,14,15,17,18], 
       [3,4,5,7,8,10,18], 
       [4,6,7,16], 
       [4,7,8,9,11,12,18], 
       [0,3,4,5,10,11,19], 
       [0,1,2,5,9,17,18], 
       [3,6,7,13,19], 
       [1,3,10,13,14,17], 
       [1,2,7,8,14,19], 
       [2,6,8,13,16,17,18], 
       [0,3,4,10,13,14,18], 
       [2,3,4,8,9,11,15], 
       [5,7,10,15,16,18,19], 
       [1,4,9,11,14,16], 
       [0,1,2,3,9,10,12], 
       [1,2,5,8,9,10,13,16], 
       [0,2,3,4,6,14,19], 
       [2,8,11,12,13,14,16,17], 
       [1,5,8,12,19], 
       [2,7,8,11,17,18], 
       [5,6,12,13,14,16], 
       [0,1,8,11,12,16], 
       [1,11,12,13,14,19], 
       [1,12,13,15,16,17,18], 
       [2,4,11,12,16], 
       [9,12,16,18,19], 
       [5,8,9,13,17], 
       [0,2,3,9,11,16], 
       [4,5,10,13,15,16,17,18], 
       [2,3,10,11,19], 
       [0,4,5,6,13,14,17,18,19], 
       [0,2,5,12,13,16,19], 
       [3,11,12,13,14,17], 
       [0,1,11,12,15,18,19], 
       [0,4,6,7,9,13,14,17], 
       [0,5,6,11,15,19], 
       [6,9,11,14,16], 
       [1,10,11,12,13,14,16,18], 
       [6,7,10,11,14,16,17,19], 
       [0,3,4,7,11,16,18], 
       [1,4,10,12,13,14,16,19], 
       [0,6,9,10,13,18], 
       [2,3,5,6,8,14], 
       [7,8,9,12,14,17,19], 
       [0,2,3,7,15,18,19], 
       [1,5,7,8,11,12,14], 
       [0,2,3,9,12,15,16,19], 
       [1,3,5,6,12,13,16,18], 
       [2,3,6,7,12,14,17], 
       [1,2,6,9,13,14,15,16], 
       [3,4,7,8,14,15,17], 
       [9,13,15,16,17,18], 
       [3,8,9,12,15,16,18], 
       [3,9,11,13,18,19], 
       [3,4,6,8,10,16], 
       [0,2,10,16,19], 
       [0,8,9,14], 
       [2,4,15,17], 
       [4,5,10,11,12,14,18,19], 
       [0,2,4,10,11,13,16], 
       [2,7,9,11,12,13,15], 
       [2,6,8,9,10,14,15,17], 
       [2,3,8,13,18], 
       [0,4,10,11,12,15,17], 
       [1,3,5,7,9,15,16,18], 
       [0,2,3,5,8,16,19], 
       [1,6,10,12,18], 
       [0,5,6,7,8,13], 
       [1,6,9,10,11,13,16], 
       [0,4,10,14,16,17,19], 
       [5,6,11,12,14,15], 
       [2,3,6,7,10,12,18,19], 
       [0,3,4,5,8,17,19], 
       [0,1,3,7,9,14,15], 
       [0,3,8,11,13,14,16,18], 
       [0,3,8,11,14,15,16,18], 
       [0,6,9,11,14,17,18], 
       [0,1,5,10,17,18], 
       [0,1,4,7,9,15], 
       [0,5,12,13,17,18]
     ], 
     "times": {
       "BestFusion": 0.08, 
       "FirstFit": 0.06, 
       "GeneticGroup": 87.9, 
       "GeneticStandard": 8.17, 
       "OverloadAndRemove": 0.81, 
       "OverloadAndRemovePresort": 0.76
     }
   }, 
   {
     "approximation": "GeneticGroup [2015-11-05 15:56:44]", 
     "avgMultiplicity": 41.6, 
     "capacity": 15, 
     "category": "gauss", 
     "cplexLB": 6, 
     "lowerBound": 2, 
     "pageCount": 22, 
     "pages": [
       [0,1,2,3,4,5,7,9,11,12,15,16,17,18,19], 
       [0,1,3,4,5,8,9,11,12,13,14,15,16,18,19], 
       [0,1,5,6,7,8,9,10,11,13,14,15,16,18,19], 
       [0,1,4,6,7,8,9,10,12,13,15,16,17,18,19], 
       [0,4,5,6,7,10,11,12,13,14,15,16,17,18,19], 
       [0,1,2,3,5,6,7,8,10,11,13,14,15,16,19], 
       [0,3,5,6,7,8,10,12,13,14,15,16,17,18,19], 
       [0,2,3,4,5,6,8,11,12,13,14,15,17,18,19], 
       [0,2,5,6,9,10,11,12,13,14,15,16,17,18,19], 
       [2,3,4,6,7,8,9,10,11,13,14,15,17,18,19], 
       [0,1,2,3,4,5,6,8,10,11,14,15,16,18,19], 
       [1,3,4,5,7,8,9,10,12,13,14,15,16,17,18], 
       [0,1,2,3,4,6,9,10,11,12,14,16,17,18,19], 
       [0,1,3,4,5,6,7,8,9,14,15,16,17,18,19], 
       [2,3,4,5,6,7,8,9,10,12,13,14,16,17,19], 
       [0,1,2,3,4,5,6,8,9,11,12,14,16,17,18], 
       [0,3,4,6,7,8,9,10,11,12,13,14,16,18,19], 
       [0,1,2,4,5,6,7,8,9,11,13,15,16,17,18], 
       [1,2,3,4,5,6,7,9,10,11,12,14,15,17,19], 
       [0,1,2,3,4,6,7,8,9,10,11,12,13,16,17], 
       [1,2,4,5,6,8,9,11,12,13,14,16,17,18,19], 
       [0,1,2,3,5,7,8,9,10,12,13,15,16,18,19]
     ], 
     "paginations": [
       [28,73,1,3], 
       [35,78,48,53], 
       [26,33,29,14,5], 
       [74,10,20,71], 
       [11,75,4], 
       [65,12,47,63], 
       [76,9,59,37], 
       [8,64,67,52], 
       [23,25,58,43], 
       [22,15,69,17,16], 
       [51,21,42,19,40], 
       [30,61], 
       [2,57,54,34], 
       [55,79,13], 
       [77,7,46,39], 
       [0,24,60], 
       [45,56,31,50], 
       [49,18,62], 
       [41,36], 
       [70,27,68,72,38], 
       [32,66], 
       [6,44]
     ], 
     "properSymbolCount": 0, 
     "solvers": {
       "BestFusion": 27, 
       "FirstFit": 29, 
       "GeneticGroup": 22, 
       "GeneticStandard": 27, 
       "OverloadAndRemove": 28, 
       "OverloadAndRemovePresort": 29
     }, 
     "symbolCount": 20, 
     "symbols": [0,1,2,3,4,5,6,7,8,9,10,11,12,13,14,15,16,17,18,19], 
     "tileCount": 80, 
     "tileMaxSize": 13, 
     "tileMinSize": 8, 
     "tiles": [
       [2,3,4,5,6,9,11,12,16,17,18], 
       [1,2,3,5,7,9,11,16,18,19], 
       [2,4,9,10,11,12,14,16,18,19], 
       [0,3,4,5,7,9,16,17,18,19], 
       [4,5,6,7,10,11,12,15,16,18], 
       [5,6,10,11,13,14,15,16,18], 
       [0,1,3,7,8,9,10,12,13,16,19], 
       [2,3,7,8,9,10,12,13,14,16,17,19], 
       [2,5,6,8,11,12,14,15,17,18,19], 
       [0,3,5,6,7,10,12,13,14,15,17], 
       [1,4,6,7,9,10,16,17,18], 
       [5,7,10,11,12,13,15,16,17,18,19], 
       [0,1,2,3,5,7,8,10,13,14,16,19], 
       [0,1,3,4,5,6,7,9,14,15,16,19], 
       [1,5,7,8,10,13,15,16,19], 
       [2,4,6,7,9,10,11,15,17,18,19], 
       [3,4,6,7,8,10,11,17,18], 
       [4,6,7,8,9,11,13,14,17,18], 
       [0,1,2,4,7,9,11,13,15,16,17,18], 
       [0,1,2,11,14,15,16,18,19], 
       [6,7,8,9,10,12,13,15,16,19], 
       [0,1,2,3,4,5,8,10,11,19], 
       [2,3,4,7,8,9,13,14,15,17,18,19], 
       [0,5,6,9,10,11,13,14,16,17,18], 
       [0,1,2,3,4,5,8,14,16,17,18], 
       [0,2,10,11,12,13,14,17,18,19], 
       [5,6,7,8,9,10,11,13,16,18], 
       [0,1,3,7,8,9,10,11,13,17], 
       [0,2,3,4,12,15,16,17,19], 
       [0,1,6,8,9,11,13,14,16,19], 
       [1,4,5,7,8,9,10,14,15,16,18], 
       [0,4,6,7,9,11,13,14,16,18], 
       [1,4,5,6,8,9,11,12,13,14,17,18,19], 
       [5,6,7,8,11,13,14,18,19], 
       [0,1,2,6,9,11,12,17,18], 
       [0,1,3,8,11,12,13,14,15,19], 
       [2,3,4,9,10,11,12,15,17], 
       [0,3,5,6,7,10,14,15,16,18], 
       [1,3,4,6,7,8,9,10,11,17], 
       [2,3,4,5,6,7,9,13,14,17], 
       [2,3,4,5,6,11,14,16,19], 
       [1,2,5,6,7,10,11,12,14,15,17,19], 
       [0,1,2,6,8,11,14,16,18,19], 
       [2,6,9,11,12,14,15,17,18,19], 
       [1,2,3,5,12,13,15,16,18,19], 
       [4,6,7,8,9,10,11,12,14,16,19], 
       [2,3,4,5,7,9,10,12,13,16,19], 
       [1,2,3,6,7,8,13,14,15,19], 
       [0,1,4,5,9,12,13,15,16,18], 
       [0,2,4,5,6,7,9,11,16,17,18], 
       [0,3,4,7,8,10,11,14,19], 
       [0,1,2,3,4,5,10,11,14,15,18], 
       [2,3,5,6,12,13,14,15,17,18], 
       [0,3,5,8,9,11,14,16,18], 
       [0,1,4,6,9,10,11,12,14,17,19], 
       [3,4,6,8,9,14,15,16,17,18,19], 
       [0,3,4,7,8,9,10,12,13,14,18], 
       [0,1,2,3,6,9,10,11,16,18,19], 
       [0,2,5,11,12,13,14,15,16,18,19], 
       [3,5,6,7,8,10,13,14,15,17,18,19], 
       [0,1,2,3,5,6,8,9,11,14,17], 
       [1,3,4,7,8,9,12,13,14,16,17,18], 
       [0,1,4,6,7,8,9,11,13,17,18], 
       [0,2,5,6,8,10,11,13,15,16], 
       [0,2,3,4,5,6,8,12,13,18], 
       [0,1,2,5,6,7,8,11,15,16], 
       [2,4,6,9,13,14,16,17,18,19], 
       [0,4,5,6,8,11,13,14,17,18], 
       [0,2,3,4,6,7,8,9,10,16,17], 
       [2,3,4,6,10,13,14,15,17,18,19], 
       [1,2,6,8,9,10,11,12,16,17], 
       [0,7,8,9,16,17,18,19], 
       [0,1,3,4,7,8,11,12,16], 
       [0,3,4,7,11,12,15,16,18,19], 
       [1,4,6,7,8,9,10,13,15,17,19], 
       [0,4,6,10,11,12,14,15,16,18,19], 
       [0,5,6,7,8,10,12,13,14,15,16], 
       [2,3,5,6,9,10,12,13,16,17,19], 
       [1,3,4,5,8,9,11,12,13,14,15,16], 
       [0,1,3,5,6,8,9,17,18,19]
     ], 
     "times": {
       "BestFusion": 0.09, 
       "FirstFit": 0.06, 
       "GeneticGroup": 97.25, 
       "GeneticStandard": 8.21, 
       "OverloadAndRemove": 1.54, 
       "OverloadAndRemovePresort": 1.49
     }
   }
 ]