[
   {
     "approximation": "GeneticGroup [2015-11-05 18:34:51]", 
     "avgMultiplicity": 5.47, 
     "capacity": 15, 
     "category": "gauss", 
     "lowerBound": 2, 
     "pageCount": 4, 
     "pages": [
       [0,2,3,4,7,8,10,14,15,17,18,21,25,28,29], 
       [3,4,5,7,8,11,12,13,16,17,18,22,23,24,28], 
       [0,1,2,5,6,9,10,11,16,17,19,20,21,27,29], 
       [1,6,7,10,14,15,17,19,20,24,25,26,27,28]
     ], 
     "paginations": [
       [33,17,20,5,36,30,39,13,27,54,52,1,35,6,45], 
       [19,18,2,48,47,42,34,14,16,0,22], 
       [31,7,51,23,49,53,10,25,50,40,24,26,32,37,28,21,3], 
       [11,4,43,46,38,44,12,29,8,41,15,9]
     ], 
     "properSymbolCount": 0, 
     "solvers": {
       "BestFusion": 5, 
       "FirstFit": 6, 
       "GeneticGroup": 4, 
       "GeneticStandard": 5, 
       "OverloadAndRemove": 5, 
       "OverloadAndRemovePresort": 5
     }, 
     "symbolCount": 30, 
     "symbols": [0,1,2,3,4,5,6,7,8,9,10,11,12,13,14,15,16,17,18,19,20,21,22,23,24,25,26,27,28,29], 
     "tileCount": 55, 
     "tileMaxSize": 5, 
     "tileMinSize": 2, 
     "tiles": [
       [16,18], 
       [0,4,15,25], 
       [13,22,23,24], 
       [19,27], 
       [7,14,19,20], 
       [4,8,29], 
       [3,10], 
       [5,11,21], 
       [25,27], 
       [17,26], 
       [0,2,20], 
       [20,24,25], 
       [1,14,28], 
       [7,8,18,29], 
       [16,22,24], 
       [15,26], 
       [3,16,17], 
       [2,25,28], 
       [5,8,12,28], 
       [5,18,24], 
       [2,8,29], 
       [2,9,19], 
       [5,7,11], 
       [0,1,2], 
       [2,5,6,27], 
       [9,10,11,16], 
       [16,21,29], 
       [7,10,15,28], 
       [1,6,20,21,27], 
       [19,28], 
       [15,29], 
       [5,17,19], 
       [5,11,19], 
       [8,14,15], 
       [3,22,24], 
       [14,17,28,29], 
       [3,8,21], 
       [0,16,20,27], 
       [6,14,19], 
       [2,3], 
       [9,17], 
       [6,26], 
       [4,23], 
       [20,25,26], 
       [10,15,27], 
       [0,17,21], 
       [15,17,27], 
       [11,12,13], 
       [3,11,12,18], 
       [0,6,27], 
       [0,6,11], 
       [6,29], 
       [7,8,25,28], 
       [10,19], 
       [4,21]
     ], 
     "times": {
       "BestFusion": 0.06, 
       "FirstFit": 0.06, 
       "GeneticGroup": 46.36, 
       "GeneticStandard": 4.13, 
       "OverloadAndRemove": 0.16, 
       "OverloadAndRemovePresort": 0.19
     }
   }, 
   {
     "approximation": "GeneticGroup [2014-10-29 17:25:13]", 
     "avgMultiplicity": 11.57, 
     "capacity": 15, 
     "category": "gauss", 
     "lowerBound": 2, 
     "pageCount": 12, 
     "pages": [
       [0,3,5,6,9,10,12,13,14,15,22,23,26,27,28], 
       [2,4,5,6,7,9,10,12,17,19,20,24,26,27,29], 
       [1,4,6,8,9,11,12,13,14,16,20,22,23,25,29], 
       [0,3,7,9,10,14,15,16,17,19,20,21,22,24,25], 
       [0,1,2,4,5,9,11,13,15,17,18,19,24,25,28], 
       [3,5,8,9,10,12,15,16,18,20,22,25,26,27,28], 
       [0,1,2,3,5,6,7,10,11,18,19,20,23,26,29], 
       [1,2,3,4,5,6,7,8,11,13,14,19,20,25,28], 
       [1,4,5,7,8,9,11,13,21,22,23,24,26,27,28], 
       [0,3,4,7,10,11,13,15,17,18,21,22,24,25,26], 
       [0,2,3,4,6,7,8,12,13,16,17,18,22,23,29], 
       [1,3,4,8,11,12,13,14,15,17,18,19,22,26,27]
     ], 
     "paginations": [
       [17,22,9,32,46], 
       [11,23,4,15,31], 
       [34,10,1,19,54], 
       [40,18,7,49,35], 
       [43,36,26,28,51], 
       [2,16,50,6,42], 
       [0,24,5], 
       [20,45,47,33], 
       [14,53,38], 
       [3,41,37,48,27,29], 
       [21,13,39,25], 
       [8,52,12,44,30]
     ], 
     "properSymbolCount": 0, 
     "solvers": {
       "BestFusion": 17, 
       "FirstFit": 17, 
       "GeneticGroup": 12, 
       "GeneticStandard": 15, 
       "OverloadAndRemove": 13, 
       "OverloadAndRemovePresort": 14
     }, 
     "symbolCount": 30, 
     "symbols": [0,1,2,3,4,5,6,7,8,9,10,11,12,13,14,15,16,17,18,19,20,21,22,23,24,25,26,27,28,29], 
     "tileCount": 55, 
     "tileMaxSize": 8, 
     "tileMinSize": 5, 
     "tiles": [
       [1,2,3,10,20,23,26], 
       [1,4,12,14,25], 
       [8,9,10,12,27], 
       [7,10,11,17,18,24], 
       [2,10,17,24,26,29], 
       [5,6,18,19,23], 
       [3,5,8,9,18,22,25,26], 
       [7,9,10,15,16,17,25], 
       [3,8,11,13,15,17,18], 
       [0,3,13,14,23,26,27,28], 
       [1,12,13,16,20,25,29], 
       [4,10,20,26,27,29], 
       [4,12,13,15,17,18,26], 
       [0,2,3,4,8,16,18,23], 
       [1,5,8,21,22,28], 
       [4,5,24,27,29], 
       [8,9,15,18,20,28], 
       [0,6,14,15,26,28], 
       [0,9,16,19,20,21,22], 
       [6,8,13,20,22,23], 
       [4,6,7,8,14,28], 
       [0,4,12,13,18,22,29], 
       [5,6,9,15,27], 
       [6,7,10,12,17,19,29], 
       [0,1,7,11,26,29], 
       [0,2,6,16,29], 
       [0,2,4,9,17,19], 
       [10,15,17,18,21,26], 
       [1,5,11,13,18,19], 
       [10,11,17,24,26], 
       [3,11,13,14,15,19], 
       [5,9,10,17,20,24,27], 
       [0,3,6,12,13,14,26], 
       [3,4,5,7,11,20], 
       [8,13,14,16,20,22,23,25], 
       [7,14,15,21,25], 
       [0,1,2,5,13,15,17], 
       [3,7,13,18,21,24,25], 
       [5,7,9,11,22,24,27], 
       [0,3,4,7,16,17], 
       [0,9,10,14,17,21,24], 
       [3,4,10,13,22,25,26], 
       [3,12,18,20,25], 
       [0,11,18,24,28], 
       [1,4,17,18,19,22], 
       [1,3,5,6,8,14,25], 
       [3,5,10,13,15,22], 
       [1,2,5,7,13,19,20], 
       [0,3,7,11,25], 
       [3,9,14,19,20,21,22], 
       [10,12,16,26,28], 
       [1,9,13,24,25,28], 
       [3,8,11,12,19,22,27], 
       [4,5,13,21,23,26,27], 
       [1,4,9,11,12,14,23]
     ], 
     "times": {
       "BestFusion": 0.04, 
       "FirstFit": 0.03, 
       "GeneticGroup": 51.64, 
       "GeneticStandard": 4.26, 
       "OverloadAndRemove": 0.52, 
       "OverloadAndRemovePresort": 0.53
     }
   }, 
   {
     "approximation": "GeneticGroup [2014-10-29 17:25:13]", 
     "avgMultiplicity": 5.53, 
     "capacity": 15, 
     "category": "gauss", 
     "lowerBound": 2, 
     "pageCount": 4, 
     "pages": [
       [0,1,2,5,8,10,11,12,18,19,21,23,25,26,29], 
       [1,3,4,5,6,7,8,13,14,15,16,17,25,26,29], 
       [3,4,6,7,9,11,13,19,21,22,23,24,27,28,29], 
       [1,2,5,6,9,10,13,16,17,18,19,20,24,27,28]
     ], 
     "paginations": [
       [33,29,36,24,23,3,26,21,8,9,6,51,2,52,12,14,47,34], 
       [45,5,1,41,44,22,31,4,39,43,50,35,20,0], 
       [37,32,10,18,53,48,13,46,16,19,28,27,11,25,7], 
       [40,54,38,49,42,17,15,30]
     ], 
     "properSymbolCount": 1, 
     "solvers": {
       "BestFusion": 6, 
       "FirstFit": 7, 
       "GeneticGroup": 4, 
       "GeneticStandard": 6, 
       "OverloadAndRemove": 5, 
       "OverloadAndRemovePresort": 5
     }, 
     "symbolCount": 30, 
     "symbols": [0,1,2,3,4,5,6,7,8,9,10,11,12,13,14,15,16,17,18,19,20,21,22,23,24,25,26,27,28,29], 
     "tileCount": 55, 
     "tileMaxSize": 5, 
     "tileMinSize": 2, 
     "tiles": [
       [3,14], 
       [1,3,8,13,15], 
       [0,2,10], 
       [8,11], 
       [13,17,25], 
       [6,13,15,17,29], 
       [0,21], 
       [9,24], 
       [1,10,11], 
       [8,21,29], 
       [11,22,29], 
       [19,24], 
       [2,19], 
       [7,19], 
       [10,23], 
       [1,2,17,24], 
       [13,23,29], 
       [5,16,19], 
       [3,23,27,29], 
       [13,21], 
       [6,26], 
       [2,18,23,26], 
       [7,16,26,29], 
       [0,18,19], 
       [10,19,29], 
       [9,28], 
       [1,11,18,26], 
       [24,28], 
       [22,24], 
       [5,10], 
       [6,13,18], 
       [4,5,16], 
       [3,4,6,24,27], 
       [10,11,12,21], 
       [0,12,23], 
       [5,17,26], 
       [1,5,8], 
       [4,9,21], 
       [10,16,28], 
       [6,7,16], 
       [1,9,18], 
       [8,14,17,26], 
       [10,27], 
       [4,5,8], 
       [4,5,7,14], 
       [4,13,29], 
       [3,13,28], 
       [10,12,29], 
       [6,7,21,22], 
       [6,16,19,20], 
       [1,15,29], 
       [10,25], 
       [5,11,25,26], 
       [7,9,21], 
       [9,16,17]
     ], 
     "times": {
       "BestFusion": 0.05, 
       "FirstFit": 0.03, 
       "GeneticGroup": 39.67, 
       "GeneticStandard": 3.93, 
       "OverloadAndRemove": 0.21, 
       "OverloadAndRemovePresort": 0.21
     }
   }, 
   {
     "approximation": "GeneticGroup [2014-10-29 17:25:13]", 
     "avgMultiplicity": 12.2, 
     "capacity": 15, 
     "category": "gauss", 
     "lowerBound": 2, 
     "pageCount": 13, 
     "pages": [
       [2,4,5,6,8,11,12,14,16,17,22,23,24,25,26], 
       [0,2,3,4,7,10,11,13,14,15,19,22,23,26,27], 
       [0,3,4,7,8,9,13,14,17,18,21,23,25,26,28], 
       [0,1,3,10,11,14,15,16,17,20,21,24,25,26,28], 
       [1,3,4,5,7,9,12,13,15,19,22,24,26,27,29], 
       [0,2,4,6,8,9,11,12,13,18,19,20,25,26,27], 
       [5,6,7,10,14,15,17,18,20,21,23,24,27,28,29], 
       [0,4,8,10,11,12,13,15,16,21,22,23,24,27,29], 
       [0,1,2,4,5,6,10,13,15,18,19,21,25,27,28], 
       [2,4,5,8,10,13,14,15,17,18,19,20,21,22,26], 
       [0,1,2,3,4,6,8,12,14,16,17,18,19,23,24], 
       [0,1,3,4,6,12,13,14,17,18,19,21,22,26,28], 
       [1,4,5,6,7,11,14,19,21,22,25,29]
     ], 
     "paginations": [
       [16,8,5,31], 
       [35,19,23,26], 
       [52,46,17,29,6,33], 
       [54,38,22,42], 
       [0,28,25,20,7,37,53], 
       [4,39,10,11,30], 
       [15,47,18], 
       [36,9,51,2], 
       [12,1,13], 
       [27,40,24,32,45], 
       [43,44,41,48,49], 
       [3,50,34], 
       [21,14]
     ], 
     "properSymbolCount": 0, 
     "solvers": {
       "BestFusion": 17, 
       "FirstFit": 17, 
       "GeneticGroup": 13, 
       "GeneticStandard": 16, 
       "OverloadAndRemove": 14, 
       "OverloadAndRemovePresort": 15
     }, 
     "symbolCount": 30, 
     "symbols": [0,1,2,3,4,5,6,7,8,9,10,11,12,13,14,15,16,17,18,19,20,21,22,23,24,25,26,27,28,29], 
     "tileCount": 55, 
     "tileMaxSize": 9, 
     "tileMinSize": 4, 
     "tiles": [
       [3,5,12,19,29], 
       [4,10,15,18,19,21,25,27,28], 
       [0,8,10,12,13,16,27], 
       [1,6,12,13,14,19,26,28], 
       [0,4,9,12,19,25], 
       [2,4,6,11,16,24], 
       [0,3,4,8,13,23], 
       [9,12,13,27,29], 
       [4,16,17,22,23,25], 
       [0,8,11,21,22,24], 
       [6,9,11,12,19,25,26], 
       [4,6,11,12,18,20,27], 
       [0,1,4,5,15,25,27], 
       [2,5,6,13,18,19,25,28], 
       [4,11,19,21,22,25,29], 
       [6,7,10,14,15,17,24,28,29], 
       [4,6,11,22,23,24,26], 
       [3,4,7,14,18,25], 
       [5,17,18,21,23,24,28,29], 
       [2,10,11,13,14,19,22], 
       [1,4,9,19,22], 
       [1,4,5,6,7,11,14], 
       [0,3,15,24,25,28], 
       [4,11,13,22,23,26,27], 
       [2,5,8,10,15,18,19], 
       [3,7,12,15,19,24,26,27], 
       [0,2,7,13,15,22,23], 
       [4,13,14,15,17,19,21,26], 
       [3,9,15,27,29], 
       [7,8,9,13,21,26], 
       [0,2,8,11,13,20], 
       [5,8,12,14,17,25,26], 
       [2,5,18,20,22], 
       [0,3,4,9,17,23,25,26], 
       [1,3,4,17,18,21,22], 
       [0,2,3,10,14,15,19,23], 
       [0,4,8,13,15,22,29], 
       [1,3,5,9,15,26], 
       [1,14,16,17,21,24,28], 
       [2,8,20,25,26,27], 
       [5,13,14,21], 
       [0,1,8,12,17,23], 
       [0,1,10,11,16,20], 
       [1,3,6,14,16,17,18], 
       [0,3,12,16,17,24], 
       [2,4,5,17,18,19,21], 
       [0,7,8,14,18,21,26], 
       [5,10,14,20,21,23,27], 
       [1,2,8,17,23,24], 
       [1,4,6,8,14,19,23,24], 
       [0,6,12,13,14,18,22], 
       [8,16,23,24,29], 
       [0,3,7,14,28], 
       [1,4,15,19,22,24,27], 
       [10,11,15,16,20,21,25,26]
     ], 
     "times": {
       "BestFusion": 0.04, 
       "FirstFit": 0.03, 
       "GeneticGroup": 53.76, 
       "GeneticStandard": 4.23, 
       "OverloadAndRemove": 0.56, 
       "OverloadAndRemovePresort": 0.55
     }
   }, 
   {
     "approximation": "GeneticGroup [2014-10-29 17:25:13]", 
     "avgMultiplicity": 5.4, 
     "capacity": 15, 
     "category": "gauss", 
     "lowerBound": 2, 
     "pageCount": 4, 
     "pages": [
       [0,2,5,6,7,11,15,17,18,20,21,23,24,28,29], 
       [0,1,3,7,8,9,12,13,14,21,22,23,25,27,29], 
       [2,3,4,6,10,11,12,14,17,20,22,24,25,26,28], 
       [5,6,8,9,10,15,16,18,19,21,22,23,24,26,27]
     ], 
     "paginations": [
       [37,49,43,5,28,45,31,17,33,26,50,13,34,42,39,0,3,7,19,29,48], 
       [12,30,54,24,27,35,20,6,36,2,9,14,15], 
       [46,47,11,44,4,18,53,8,16], 
       [23,52,38,40,22,32,10,1,51,41,25,21]
     ], 
     "properSymbolCount": 0, 
     "solvers": {
       "BestFusion": 5, 
       "FirstFit": 6, 
       "GeneticGroup": 4, 
       "GeneticStandard": 5, 
       "OverloadAndRemove": 5, 
       "OverloadAndRemovePresort": 5
     }, 
     "symbolCount": 30, 
     "symbols": [0,1,2,3,4,5,6,7,8,9,10,11,12,13,14,15,16,17,18,19,20,21,22,23,24,25,26,27,28,29], 
     "tileCount": 55, 
     "tileMaxSize": 4, 
     "tileMinSize": 2, 
     "tiles": [
       [5,17,20], 
       [18,19,22], 
       [1,13,22], 
       [20,21,24], 
       [3,11,20], 
       [0,2,6,17], 
       [3,14,29], 
       [0,17,24,29], 
       [4,12,26], 
       [0,27], 
       [10,15,26], 
       [2,14,17,22], 
       [9,12], 
       [5,15], 
       [12,14], 
       [8,21,23], 
       [6,12,17], 
       [0,7], 
       [6,10,17], 
       [5,29], 
       [3,8,13], 
       [9,18], 
       [16,21,26], 
       [5,16,27], 
       [0,3,8,14], 
       [5,26], 
       [11,23], 
       [0,1,13,21], 
       [7,11,28], 
       [5,21], 
       [3,9,13,25], 
       [2,7,18,24], 
       [5,8,16], 
       [0,2,11], 
       [2,6,18], 
       [7,23,25], 
       [7,13,21], 
       [5,11,18], 
       [18,19,24], 
       [2,15], 
       [6,19,23], 
       [16,23], 
       [11,24], 
       [7,15,20], 
       [17,20,22,28], 
       [17,18,21,23], 
       [4,14,24,25], 
       [3,6,25,28], 
       [6,29], 
       [5,23], 
       [0,11,18], 
       [8,16,27], 
       [16,18,19], 
       [3,22,28], 
       [1,7,14,22]
     ], 
     "times": {
       "BestFusion": 0.05, 
       "FirstFit": 0.03, 
       "GeneticGroup": 40.76, 
       "GeneticStandard": 3.87, 
       "OverloadAndRemove": 0.19, 
       "OverloadAndRemovePresort": 0.17
     }
   }, 
   {
     "approximation": "GeneticGroup [2014-10-29 17:25:13]", 
     "avgMultiplicity": 12.17, 
     "capacity": 15, 
     "category": "gauss", 
     "lowerBound": 2, 
     "pageCount": 13, 
     "pages": [
       [0,1,2,5,6,10,12,13,14,16,21,23,24,26,28], 
       [0,2,3,7,8,10,11,13,14,16,18,19,20,21,22], 
       [0,2,3,5,8,10,12,15,17,19,20,23,24,26,27], 
       [1,2,3,4,5,7,9,12,15,18,19,20,21,26], 
       [1,3,5,6,7,8,12,13,15,16,22,23,24,26,28], 
       [5,8,9,11,13,16,17,20,21,23,24,25,27,28,29], 
       [1,4,5,7,9,12,13,14,16,17,18,23,25,26,29], 
       [0,1,7,8,10,12,15,17,18,19,24,25,26,28,29], 
       [0,2,3,6,7,9,11,15,16,17,21,23,25,27,29], 
       [2,4,5,6,7,8,13,14,15,16,19,24,26,27,28], 
       [3,5,8,9,11,12,13,18,19,22,24,25,28], 
       [1,3,4,9,10,11,12,13,16,17,19,20,24,27,29], 
       [2,3,4,7,9,10,13,14,18,20,24,25,26,29]
     ], 
     "paginations": [
       [22,31,44,12,17], 
       [47,50,20,10,41,5], 
       [52,11,46,28], 
       [30,16,48], 
       [1,38,27], 
       [13,8,21,29], 
       [15,24,6,0,7,18], 
       [34,45,42,40,53,3], 
       [35,43,9,14], 
       [26,4,33,54,2,39], 
       [51,36], 
       [19,49,23], 
       [32,25,37]
     ], 
     "properSymbolCount": 0, 
     "solvers": {
       "BestFusion": 18, 
       "FirstFit": 18, 
       "GeneticGroup": 13, 
       "GeneticStandard": 16, 
       "OverloadAndRemove": 14, 
       "OverloadAndRemovePresort": 14
     }, 
     "symbolCount": 30, 
     "symbols": [0,1,2,3,4,5,6,7,8,9,10,11,12,13,14,15,16,17,18,19,20,21,22,23,24,25,26,27,28,29], 
     "tileCount": 55, 
     "tileMaxSize": 9, 
     "tileMinSize": 4, 
     "tiles": [
       [1,7,12,16,23,25,26], 
       [3,7,8,13,16,24,26], 
       [4,6,13,14,15,16], 
       [7,10,12,29], 
       [6,8,19,26,27], 
       [0,3,7,8,14,19], 
       [4,9,14,16,17,18], 
       [1,9,17,18,23,25], 
       [5,8,17,24,25,28], 
       [6,7,9,11,15,17,21], 
       [2,3,7,8,13,19,21], 
       [0,2,5,10,15,17,23], 
       [2,5,6,12,13,16,26], 
       [5,9,13,16,17,20,23,28], 
       [3,7,15,21,23,25], 
       [9,12,13,14,17,25], 
       [3,4,5,9,12,19,20,21,26], 
       [0,1,2,6,10,12,24], 
       [5,12,17,18,23,25], 
       [1,3,4,10,11,12,16,24], 
       [10,14,16,20,21,22], 
       [5,8,9,11,13,16,29], 
       [0,1,12,13,14,23,28], 
       [1,9,10,13,17,19,20], 
       [1,4,5,9,17,26,29], 
       [7,9,10,14,20,24,25], 
       [4,5,6,13,27], 
       [3,5,8,12,23,26,28], 
       [0,3,5,10,19,23,26], 
       [5,8,13,20,21,23,27], 
       [1,2,4,7,9,15,20], 
       [2,10,13,16,21,26,28], 
       [2,3,10,13,14,18,26,29], 
       [7,14,19,24,26,27], 
       [0,7,8,15,25,26,28], 
       [0,2,9,11,15,16,17,27], 
       [8,9,18,19,22,24,28], 
       [2,4,10,13,20,29], 
       [1,5,6,15,22,24,26], 
       [4,6,14,16,19,27], 
       [0,1,7,15,18,29], 
       [10,13,16,18,19,21,22], 
       [0,1,7,8,19], 
       [0,3,9,15,21,25,27,29], 
       [1,2,10,14], 
       [1,8,12,17,19,26,29], 
       [0,5,10,12,15,20,27], 
       [0,8,10,11,13,19,20], 
       [7,9,12,15,18,19,21,26], 
       [9,10,12,16,17,19,27,29], 
       [0,2,7,8,11,16], 
       [3,5,11,12,13,25], 
       [8,12,15,23,24,26,27], 
       [0,10,12,24,26,29], 
       [2,5,7,14,27,28]
     ], 
     "times": {
       "BestFusion": 0.04, 
       "FirstFit": 0.03, 
       "GeneticGroup": 51.44, 
       "GeneticStandard": 4.23, 
       "OverloadAndRemove": 0.58, 
       "OverloadAndRemovePresort": 0.55
     }
   }
 ]