[
   {
     "approximation": "OverloadAndRemovePresort [2014-10-28 13:42:53]", 
     "avgMultiplicity": 12.95, 
     "capacity": 15, 
     "category": "gauss", 
     "lowerBound": 2, 
     "pageCount": 3, 
     "pages": [
       [2,4,5,6,7,8,10,11,12,13,15,16,17,18,19], 
       [0,1,2,3,4,6,7,9,10,11,13,14,16,17,19], 
       [0,1,2,3,5,6,8,9,12,13,14,15,16,18]
     ], 
     "paginations": [
       [53,6,24,28,40,42,55,62,89,0,11,13,16,19,31,32,41,45,48,60,75,76,81,7,26,36,37,39,43,54,63,64,65,67,69,71,73,74,78,80,84,85,86,90,2], 
       [5,8,23,3,94,4,14,20,22,27,29,30,34,38,47,49,52,59,61,70,72,79,83,88,91,93,9,10,17,33,51,87,92,15,58,12], 
       [56,66,1,25,35,46,50,57,68,77,82,18,21,44]
     ], 
     "properSymbolCount": 0, 
     "solvers": {
       "BestFusion": 4, 
       "FirstFit": 4, 
       "GeneticGroup": 3, 
       "GeneticStandard": 3, 
       "OverloadAndRemove": 4, 
       "OverloadAndRemovePresort": 3
     }, 
     "symbolCount": 20, 
     "symbols": [0,1,2,3,4,5,6,7,8,9,10,11,12,13,14,15,16,17,18,19], 
     "tileCount": 95, 
     "tileMaxSize": 5, 
     "tileMinSize": 2, 
     "tiles": [
       [6,8,13], 
       [3,5], 
       [6,10,13,15], 
       [1,3,11,13], 
       [3,4,9], 
       [0,14], 
       [2,4,13,17], 
       [6,18], 
       [0,3], 
       [11,14], 
       [9,11], 
       [2,10,17], 
       [0,2,7], 
       [7,11,19], 
       [1,6,16], 
       [1,9], 
       [2,6,11], 
       [2,9], 
       [0,6,12,13,16], 
       [13,15,16], 
       [1,3,19], 
       [12,14], 
       [10,14,19], 
       [3,14], 
       [2,7,8,19], 
       [1,8], 
       [10,18], 
       [4,14,19], 
       [2,5,10,11], 
       [3,10,11], 
       [3,7,19], 
       [13,15,17], 
       [8,13,16], 
       [0,11], 
       [4,9,16], 
       [9,18], 
       [5,17], 
       [5,19], 
       [9,16,19], 
       [7,10], 
       [8,11,18,19], 
       [2,4,18], 
       [2,4,10,12], 
       [5,7], 
       [9,12], 
       [6,8,11], 
       [8,9], 
       [1,10,16], 
       [4,7,11], 
       [1,6,19], 
       [1,12], 
       [3,17], 
       [1,3,7], 
       [8,10,11,13,19], 
       [16,18], 
       [10,13,16,17], 
       [1,2,5], 
       [9,15], 
       [1,2,13], 
       [1,7,11], 
       [4,8,15], 
       [1,2,19], 
       [2,8,15,18], 
       [17,19], 
       [12,18], 
       [7,13], 
       [0,1,5], 
       [5,6], 
       [0,18], 
       [5,16], 
       [9,13,14], 
       [7,18], 
       [4,9,10], 
       [6,7], 
       [11,12], 
       [2,7,17], 
       [6,10,16], 
       [5,14], 
       [6,17], 
       [1,16,19], 
       [15,19], 
       [4,8,10], 
       [0,6,8,12], 
       [0,4,7], 
       [11,16], 
       [11,17], 
       [12,15], 
       [2,14], 
       [0,7,17], 
       [4,7,12,17], 
       [7,15], 
       [1,6,14], 
       [0,19], 
       [3,4,10], 
       [4,9,14,17]
     ], 
     "times": {
       "BestFusion": 0.14, 
       "FirstFit": 0.18, 
       "GeneticGroup": 62.27, 
       "GeneticStandard": 13.46, 
       "OverloadAndRemove": 0.44, 
       "OverloadAndRemovePresort": 0.45
     }
   }, 
   {
     "approximation": "GeneticGroup [2014-10-29 13:16:18]", 
     "avgMultiplicity": 30.8, 
     "capacity": 15, 
     "category": "gauss", 
     "lowerBound": 2, 
     "pageCount": 9, 
     "pages": [
       [1,3,4,5,6,7,8,9,10,11,12,13,15,16,17], 
       [0,1,5,6,7,8,9,10,11,12,13,15,17,18,19], 
       [0,2,3,4,6,7,9,10,11,13,14,16,17,18,19], 
       [2,3,4,5,6,7,8,11,12,13,14,15,17,18,19], 
       [0,1,2,3,4,5,7,9,12,14,15,16,17,18,19], 
       [0,2,3,4,5,6,8,9,10,11,12,13,14,18,19], 
       [0,1,2,3,5,6,8,10,11,12,13,14,15,16,19], 
       [0,1,2,4,5,6,7,9,11,13,14,15,16,18], 
       [3,6,7,8,9,10,11,12,13,14,16,17,18,19]
     ], 
     "paginations": [
       [13,8,86,28,64,44,27,19,76,26,47,17,5,81,57,66,4,36,23,54,15], 
       [39,6,7,78,43,71,68,22,67,82,70,20,80,48,46], 
       [0,11,35,2,49,3,12,58,61,9], 
       [29,42,18,1,50,88], 
       [10,85,59,62,94,32,72,14,45,83,79,56,55,40,34], 
       [87,37,91,33,25,84,51,93,63,69], 
       [75,89,38,90,65,53,30,52,24,73,60], 
       [16,77,74,31], 
       [21,92,41]
     ], 
     "properSymbolCount": 0, 
     "solvers": {
       "BestFusion": 11, 
       "FirstFit": 11, 
       "GeneticGroup": 9, 
       "GeneticStandard": 11, 
       "OverloadAndRemove": 11, 
       "OverloadAndRemovePresort": 10
     }, 
     "symbolCount": 20, 
     "symbols": [0,1,2,3,4,5,6,7,8,9,10,11,12,13,14,15,16,17,18,19], 
     "tileCount": 95, 
     "tileMaxSize": 9, 
     "tileMinSize": 4, 
     "tiles": [
       [0,2,4,6,13,17,19], 
       [2,6,7,8,14,15,17], 
       [3,6,7,9,10,13,18,19], 
       [0,4,6,10,18,19], 
       [1,3,6,7,9,10,13], 
       [5,9,10,12,15,16], 
       [1,11,12,17,19], 
       [7,8,12,17,19], 
       [3,4,5,9,11,17], 
       [3,6,9,11,14,17], 
       [1,2,3,4,18], 
       [0,2,9,10,14,16,18,19], 
       [2,3,4,7,10,11,19], 
       [3,5,7,8,10,12], 
       [0,1,3,5,7,16], 
       [1,3,6,13,17], 
       [0,1,7,11,16], 
       [3,5,9,10,13,15,16], 
       [2,3,6,7,12,13,15,18], 
       [4,10,12,13,17], 
       [8,9,13,15,17,19], 
       [3,7,8,11,13,14,16], 
       [1,7,8,9,11,15,18], 
       [1,4,5,7,9,17], 
       [1,3,6,11,13,15,19], 
       [2,4,5,6,10,14], 
       [3,4,7,9,11,12,16,17], 
       [3,6,7,9,11,16], 
       [3,6,11,15,16,17], 
       [2,5,6,8,11,12,14,17], 
       [0,2,5,6,8,15,16], 
       [1,2,6,7,11,13,18], 
       [1,3,5,9,14,15,16,18,19], 
       [0,3,4,5,6,18,19], 
       [1,4,7,9,18,19], 
       [0,4,6,9,14,18], 
       [1,3,4,5,16], 
       [0,2,4,9,10,12,14], 
       [1,3,6,10,13,14,15], 
       [0,1,7,9,10,12,13,18], 
       [0,3,5,12,14,17,19], 
       [10,12,16,17,18,19], 
       [4,5,7,8,12,18,19], 
       [0,7,8,10,13,18], 
       [1,4,7,10,13,15,16], 
       [2,3,4,9,12,15], 
       [0,8,10,13,15,19], 
       [3,5,6,8,10,13,17], 
       [1,8,12,13,15,19], 
       [2,3,6,7,10,11,13], 
       [3,7,8,14,17,18,19], 
       [5,8,10,11,12,14,18,19], 
       [1,2,3,5,8,12,15], 
       [2,8,13,14,16], 
       [3,4,8,10,16], 
       [1,2,5,14,17,19], 
       [0,3,4,5,16,17], 
       [1,7,9,10,11,13], 
       [2,3,11,13,16,17,19], 
       [2,5,9,12,14,15,18], 
       [0,5,6,8,10,15], 
       [4,7,9,10,13,14,19], 
       [1,4,5,7,14,16], 
       [0,2,3,5,6,8,12], 
       [3,4,5,9,10,12], 
       [0,1,2,3,5,10,12,16], 
       [5,8,11,15], 
       [0,8,10,13,15,17,18], 
       [0,5,6,7,8,9,13,18], 
       [2,5,6,8,10,13,14], 
       [0,5,6,9,11,15,17], 
       [5,9,10,12,13,18,19], 
       [0,1,7,12,16,17], 
       [1,2,3,11,14,19], 
       [4,5,7,11,13,14,15,16,18], 
       [0,6,10,15,16], 
       [3,4,8,10,11,12,17], 
       [0,1,2,5,6,9,15,16], 
       [0,9,10,11,19], 
       [0,2,4,14,15,17,18], 
       [0,5,11,12,13,18], 
       [4,6,8,13,17], 
       [1,5,7,13,18], 
       [0,3,5,12,15,16,19], 
       [3,8,9,10,14,18], 
       [0,3,4,9,12,18], 
       [3,7,8,9,15], 
       [0,3,4,5,6,13,14], 
       [2,3,12,13,15,19], 
       [1,2,3,5,10,11], 
       [1,2,8,14,16,19], 
       [0,2,4,5,11,18,19], 
       [6,8,9,12,14,16,18], 
       [3,5,8,9,12,13,18], 
       [0,1,3,7,9,14,15]
     ], 
     "times": {
       "BestFusion": 0.13, 
       "FirstFit": 0.1, 
       "GeneticGroup": 109.81, 
       "GeneticStandard": 10.24, 
       "OverloadAndRemove": 1.21, 
       "OverloadAndRemovePresort": 1.22
     }
   }, 
   {
     "approximation": "GeneticGroup [2014-10-29 13:16:18]", 
     "avgMultiplicity": 49.8, 
     "capacity": 15, 
     "category": "gauss", 
     "lowerBound": 2, 
     "pageCount": 25, 
     "pages": [
       [0,2,3,4,5,6,7,8,9,13,14,15,16,17,18], 
       [0,1,3,4,5,6,7,10,11,12,13,14,15,16,19], 
       [0,1,4,6,7,8,9,10,11,12,13,15,16,18,19], 
       [0,1,2,3,4,5,7,8,10,11,12,13,15,17,18], 
       [1,2,3,6,7,8,9,10,11,12,13,15,16,18,19], 
       [1,2,5,6,7,8,9,10,11,12,13,15,16,17,19], 
       [0,2,3,5,6,7,8,10,11,13,14,15,16,18,19], 
       [1,3,4,6,7,8,9,10,11,13,14,15,16,17,18], 
       [1,2,3,4,5,6,7,8,9,11,14,15,16,17,19], 
       [0,1,4,5,6,8,10,11,12,13,14,16,17,18,19], 
       [1,2,3,4,5,6,7,9,11,12,13,16,17,18,19], 
       [0,1,3,4,5,6,7,8,11,12,15,16,17,18,19], 
       [0,1,3,4,5,7,8,9,10,11,12,13,15,17,19], 
       [0,1,3,4,6,7,9,10,12,13,14,15,17,18,19], 
       [0,2,3,5,6,7,8,9,10,11,12,13,15,18,19], 
       [0,1,2,3,5,7,8,9,11,12,14,15,16,17,19], 
       [0,1,2,3,4,5,6,10,13,14,15,16,17,18,19], 
       [0,1,2,3,4,5,8,10,11,12,13,14,16,17,19], 
       [0,1,2,4,6,8,10,11,12,14,15,16,17,18,19], 
       [0,2,3,4,5,7,8,10,11,13,14,15,17,18,19], 
       [0,2,3,5,6,7,9,10,11,12,13,14,16,18,19], 
       [0,1,2,6,7,8,10,11,12,13,14,15,17,18,19], 
       [0,3,4,5,7,8,9,10,12,14,15,16,17,18,19], 
       [0,2,4,5,6,7,8,9,10,12,13,16,17,18,19], 
       [0,1,2,3,4,6,7,11,12,13,14,15,16,18,19]
     ], 
     "paginations": [
       [84,91,44,21,94,82], 
       [17,69,65], 
       [78,27,33,88,71,18], 
       [92,36,0], 
       [57,39,37,1,93,26], 
       [25,68,31,20,76,64,9], 
       [12,38,30,43], 
       [5,54,8,51], 
       [85,35,70,46], 
       [28,52,56], 
       [89,60,40], 
       [13,11,83,74], 
       [29,73,4], 
       [41,10,42,3], 
       [49,86,72,67], 
       [59,66,15,87], 
       [22,6,23], 
       [55,48,62], 
       [90,14,24,75,7], 
       [19,45,61], 
       [63,50], 
       [80,47,77,32], 
       [58,81], 
       [53,79,16], 
       [34,2]
     ], 
     "properSymbolCount": 0, 
     "solvers": {
       "BestFusion": 37, 
       "FirstFit": 36, 
       "GeneticGroup": 25, 
       "GeneticStandard": 33, 
       "OverloadAndRemove": 29, 
       "OverloadAndRemovePresort": 30
     }, 
     "symbolCount": 20, 
     "symbols": [0,1,2,3,4,5,6,7,8,9,10,11,12,13,14,15,16,17,18,19], 
     "tileCount": 95, 
     "tileMaxSize": 13, 
     "tileMinSize": 8, 
     "tiles": [
       [1,2,3,7,8,10,13,15,17,18], 
       [2,6,7,9,10,11,12,13,18], 
       [0,1,2,3,4,7,12,14,15,16,19], 
       [1,3,4,6,7,10,12,13,17,19], 
       [0,1,3,4,5,8,9,10,11,13,19], 
       [3,4,6,7,8,11,13,14,15,16,17], 
       [0,1,3,4,6,10,15,16,17,18,19], 
       [2,4,6,8,10,11,12,14,17,18], 
       [6,7,9,10,11,13,14,15,16,17], 
       [1,2,6,8,9,12,13,15,16,17,19], 
       [0,1,3,6,7,9,10,12,13,17,19], 
       [1,4,5,6,8,15,16,17,18,19], 
       [5,6,7,10,11,13,14,15,16,18,19], 
       [1,4,5,6,7,8,12,15,16,19], 
       [0,2,8,10,12,14,16,17,18,19], 
       [1,3,9,11,12,14,15,16,17], 
       [0,4,6,7,8,9,10,16,17,18], 
       [1,4,5,6,10,11,12,13,14,15], 
       [0,6,7,8,9,10,11,12,13,16,18], 
       [2,4,5,8,13,14,15,17,18,19], 
       [1,5,6,7,8,10,11,12,13,15,19], 
       [0,2,3,7,13,15,16,17], 
       [3,4,5,6,10,13,14,15,16,18,19], 
       [0,1,2,3,5,6,14,16,18], 
       [0,2,4,10,12,14,15,17], 
       [1,5,7,8,12,13,15,16,17], 
       [2,3,6,8,9,11,13,15,16,18,19], 
       [0,1,4,7,8,9,10,15,16,19], 
       [0,1,4,6,8,10,12,13,14,16,18,19], 
       [0,1,3,4,7,9,10,11,12,15,17], 
       [0,2,3,6,8,10,11,13,14,16,18,19], 
       [2,6,7,8,10,11,12,15,16,17], 
       [1,2,7,8,11,12,15,17,18,19], 
       [0,1,4,7,8,9,11,12,15,16,18], 
       [2,3,4,6,7,11,12,13,14,15,16,18,19], 
       [1,2,4,5,6,7,8,9,11,16,19], 
       [0,1,3,4,5,8,11,12,13,18], 
       [1,2,6,7,8,11,13,15,16,18], 
       [2,3,5,6,7,8,10,11,13,14], 
       [1,2,7,8,10,13,15,16,18,19], 
       [1,2,3,6,11,12,13,16,17,18], 
       [1,3,6,12,13,14,15,17,18,19], 
       [0,1,4,7,9,14,15,17,18,19], 
       [2,5,6,8,10,11,13,14,15,16,19], 
       [0,2,4,8,13,14,16,17,18], 
       [2,3,7,8,10,11,13,17,18,19], 
       [2,3,5,7,8,9,11,15,17,19], 
       [1,6,7,8,10,12,13,15,17,18,19], 
       [0,2,3,4,8,10,12,17,19], 
       [0,2,3,6,7,10,11,12,15,18], 
       [0,2,3,5,9,10,11,12,14,16,18,19], 
       [3,6,7,9,11,13,14,17], 
       [0,4,5,6,8,10,11,13,14,16,17], 
       [0,2,4,5,6,7,8,12,16,17,18], 
       [1,3,4,6,10,11,13,14,15,16,17,18], 
       [0,1,2,3,5,8,11,13,14,16,17,19], 
       [0,1,4,5,8,10,11,12,13,14,16,19], 
       [1,2,3,6,7,8,9,11,12,18], 
       [0,3,4,5,8,9,10,12,14,15,16,18], 
       [0,1,7,8,9,14,16,17,19], 
       [1,3,4,5,6,7,9,12,17,18], 
       [0,5,7,10,11,14,15,17,18,19], 
       [0,1,2,3,5,10,11,12,13,16,17], 
       [0,3,6,7,9,10,11,12,13,14,18,19], 
       [1,2,5,8,10,11,13,16,17,19], 
       [0,3,4,5,6,10,11,14,15,16], 
       [0,2,5,7,9,11,12,14,15,16,17], 
       [5,6,7,8,9,10,11,12,13,15,18], 
       [5,6,8,9,10,11,12,13,15,16,17], 
       [0,1,3,4,5,7,10,12,13,16,19], 
       [1,2,4,6,8,9,11,14,19], 
       [0,4,6,7,8,11,12,15,16,19], 
       [0,2,5,6,7,8,9,10,13,15], 
       [1,3,4,5,7,8,9,12,15,17,19], 
       [0,1,3,4,5,6,8,11,12,15,16,18], 
       [0,1,2,4,6,8,10,12,14,16,18], 
       [1,5,6,7,8,9,10,12,13,15,17], 
       [0,2,6,8,11,12,13,14,15,18,19], 
       [0,1,4,6,7,10,11,12,13,18], 
       [0,2,4,5,6,7,9,12,13,18,19], 
       [0,1,2,7,8,10,13,14,15,17,18,19], 
       [0,4,5,7,10,12,14,15,16,17,18,19], 
       [0,2,3,5,7,8,9,15,16,17], 
       [0,1,3,6,7,11,15,16,18,19], 
       [2,3,4,5,7,13,14,15,16,17,18], 
       [1,2,3,4,6,7,8,14,15,17,19], 
       [2,3,5,6,8,9,10,13,15,18,19], 
       [1,5,9,12,14,15,16,17,19], 
       [0,1,4,7,9,11,13,15,16,18,19], 
       [1,2,4,5,7,9,11,13,18,19], 
       [2,6,10,11,12,14,15,16,17,18], 
       [0,3,4,5,6,9,13,15,16,18], 
       [1,2,3,5,7,10,11,12,15,17], 
       [1,2,3,7,8,9,10,12,13,16,18,19], 
       [0,2,3,4,5,6,7,8,13,14,16,17]
     ], 
     "times": {
       "BestFusion": 0.09, 
       "FirstFit": 0.07, 
       "GeneticGroup": 117.35, 
       "GeneticStandard": 9.55, 
       "OverloadAndRemove": 2.2, 
       "OverloadAndRemovePresort": 2.03
     }
   }, 
   {
     "approximation": "GeneticGroup [2014-10-29 13:16:18]", 
     "avgMultiplicity": 14.65, 
     "capacity": 15, 
     "category": "gauss", 
     "lowerBound": 2, 
     "pageCount": 3, 
     "pages": [
       [0,1,3,4,5,6,7,8,10,11,12,13,15,16,19], 
       [0,2,3,5,7,9,10,11,12,13,14,15,17,18,19], 
       [0,1,2,3,4,6,8,9,10,13,14,16,17,18,19]
     ], 
     "paginations": [
       [27,33,17,64,77,49,59,57,18,79,40,15,10,0,89,30,8,83,52,38,53,65,28,37,94,70,48,80,56,44,11,74,86,82,50,19,35,23,51,81,62,14,92], 
       [71,93,26,13,21,60,36,75,9,22,5,68,61,6,88,41,87,85,45,47,46,66,3,90,63,16,84,91,54,2,4,55,34,29,25], 
       [58,73,43,39,72,7,1,67,78,24,69,31,32,76,20,42,12]
     ], 
     "properSymbolCount": 0, 
     "solvers": {
       "BestFusion": 4, 
       "FirstFit": 4, 
       "GeneticGroup": 3, 
       "GeneticStandard": 4, 
       "OverloadAndRemove": 4, 
       "OverloadAndRemovePresort": 4
     }, 
     "symbolCount": 20, 
     "symbols": [0,1,2,3,4,5,6,7,8,9,10,11,12,13,14,15,16,17,18,19], 
     "tileCount": 95, 
     "tileMaxSize": 5, 
     "tileMinSize": 2, 
     "tiles": [
       [0,7,13], 
       [6,9,14,19], 
       [3,9,19], 
       [2,13,14,19], 
       [3,14], 
       [2,5,17], 
       [2,11,17], 
       [0,3,4,17], 
       [6,7,8,11], 
       [2,5,7], 
       [6,7,16], 
       [7,8,10], 
       [14,16], 
       [5,7,18], 
       [3,7,11], 
       [8,12,16,19], 
       [0,2,19], 
       [4,5,12], 
       [1,15], 
       [7,8,12,13,15], 
       [0,6,9], 
       [13,15,18], 
       [7,10,18], 
       [5,11,15,16], 
       [1,9,18], 
       [10,14], 
       [7,14,19], 
       [1,3], 
       [6,7,13], 
       [2,10], 
       [5,8,19], 
       [0,6,18], 
       [6,8,14], 
       [0,11,13,16], 
       [9,13], 
       [3,12,19], 
       [9,12,14], 
       [4,15,19], 
       [1,16], 
       [8,14,17,18], 
       [1,7,12], 
       [7,9,15], 
       [2,16], 
       [3,6,10,18], 
       [1,19], 
       [9,11,17], 
       [2,15], 
       [7,17], 
       [3,5,10,15], 
       [0,7,15], 
       [0,11,12], 
       [0,1,4,7], 
       [12,15,19], 
       [0,6,16], 
       [10,13,17], 
       [2,9], 
       [0,6,8,15], 
       [4,6,8,12,15], 
       [0,8,16,18,19], 
       [4,5,13], 
       [0,5,14], 
       [2,11,14], 
       [6,15,19], 
       [13,17,19], 
       [10,12,16], 
       [1,5], 
       [2,14,18,19], 
       [2,4,13,18], 
       [3,11,18,19], 
       [4,9,19], 
       [10,13,19], 
       [5,18,19], 
       [0,4,17,18], 
       [10,13,16,18], 
       [3,8,12], 
       [2,12,17], 
       [8,14,19], 
       [3,10,16], 
       [8,9,17], 
       [4,16,19], 
       [7,11,12], 
       [5,7,13], 
       [3,11,16], 
       [0,8,10,15], 
       [3,17,19], 
       [9,11,15], 
       [3,4,11], 
       [9,14,15], 
       [9,11,18], 
       [1,11], 
       [9,14,18], 
       [3,17,18], 
       [1,7,8], 
       [5,11,17], 
       [5,6]
     ], 
     "times": {
       "BestFusion": 0.15, 
       "FirstFit": 0.13, 
       "GeneticGroup": 109.04, 
       "GeneticStandard": 13.07, 
       "OverloadAndRemove": 0.49, 
       "OverloadAndRemovePresort": 0.53
     }
   }, 
   {
     "approximation": "GeneticGroup [2014-10-29 13:16:18]", 
     "avgMultiplicity": 30.85, 
     "capacity": 15, 
     "category": "gauss", 
     "lowerBound": 2, 
     "pageCount": 9, 
     "pages": [
       [1,2,3,4,5,6,7,8,9,11,13,14,16,17,18], 
       [0,1,2,4,5,6,8,9,10,11,12,15,16,18,19], 
       [0,1,2,3,4,5,6,7,9,14,15,16,17,18,19], 
       [0,3,5,6,7,8,9,10,11,12,13,14,16,17,19], 
       [0,3,4,5,7,9,10,12,13,14,15,16,17,18,19], 
       [0,3,4,6,7,8,9,11,12,13,14,15,17,18,19], 
       [1,2,3,4,5,6,8,10,12,13,14,15,16,17,19], 
       [0,1,2,5,7,8,9,10,11,12,13,14,16,18,19], 
       [0,1,3,6,7,8,10,11,13,15,17,18]
     ], 
     "paginations": [
       [4,2,73,55,35,50,56,27,28,58,13,8,32,92,57,84,85,14,79], 
       [86,64,93,54,15,91,11,18,24,66,81,90,43], 
       [33,9,74,38,37,10,12,46,52,0,29,87,42], 
       [40,5,71,23,36,61,82,65,19,88,53,62,6,51,21,31,17,44], 
       [72,41,70,22,80,16,49], 
       [1,7,67,47,30,26,75,83,45], 
       [78,69,60,59,39,94,25,63,20], 
       [76,89,68,34,3], 
       [48,77]
     ], 
     "properSymbolCount": 0, 
     "solvers": {
       "BestFusion": 11, 
       "FirstFit": 11, 
       "GeneticGroup": 9, 
       "GeneticStandard": 11, 
       "OverloadAndRemove": 11, 
       "OverloadAndRemovePresort": 11
     }, 
     "symbolCount": 20, 
     "symbols": [0,1,2,3,4,5,6,7,8,9,10,11,12,13,14,15,16,17,18,19], 
     "tileCount": 95, 
     "tileMaxSize": 9, 
     "tileMinSize": 3, 
     "tiles": [
       [0,1,3,4,6,7,15,19], 
       [3,6,9,11,15,18,19], 
       [2,5,11,13,14,16], 
       [1,5,8,9,13,14,19], 
       [2,4,7,8,13,14,17], 
       [9,10,11,12,13], 
       [3,6,9,10,13,16,17,19], 
       [0,4,6,9,13,14,15,18,19], 
       [1,3,9,11,16,18], 
       [0,1,3,7,14,17,19], 
       [0,1,6,7,9,16,17], 
       [1,4,5,10,18], 
       [0,2,5,6,9,18], 
       [2,3,4,5,7,9,11,18], 
       [5,6,13,14], 
       [2,4,10,12,16,18], 
       [4,7,9,10,12,15,16], 
       [3,8,11,13,17,19], 
       [0,2,4,8,11], 
       [3,5,6,7,13,16,19], 
       [1,8,12,13,16,17], 
       [0,5,7,8,11,14,19], 
       [3,4,5,7,12,13,15], 
       [5,12,17], 
       [2,8,9,15,16,19], 
       [3,6,10,14,15,16,17], 
       [6,7,13,15,17,18], 
       [1,9,13,16,18], 
       [1,2,4,6,11,16,18], 
       [0,2,3,5,6,15,19], 
       [4,6,7,8,9,12,15,18], 
       [0,3,8,11,12,19], 
       [1,3,7,8,9,16,17], 
       [2,4,14,15,16,17], 
       [0,1,7,10,11,14,18], 
       [1,3,5,8,11,18], 
       [3,5,11,12,13,14], 
       [0,1,2,14,17,18], 
       [0,2,3,5,7,15,18,19], 
       [1,3,5,8,10,12,14,15], 
       [0,5,8,9,14,19], 
       [0,3,4,10,12,14], 
       [0,2,9,14,15,16,18], 
       [5,9,10,12,16,19], 
       [0,5,11,13,14], 
       [7,8,13,15,17,19], 
       [0,1,3,4,5,9,16,19], 
       [4,11,12,15,17,19], 
       [3,6,7,8,10,11,13,15,17], 
       [0,7,9,12,17,18], 
       [4,6,7,8,16], 
       [0,3,5,6,12,14,19], 
       [4,5,14,15,16,18], 
       [0,5,9,10,13,17,19], 
       [0,2,4,8,9,12,18], 
       [2,11,16,17], 
       [1,5,8,9,14,17,18], 
       [2,4,6,7,14,16,17], 
       [3,4,6,9,13,16], 
       [2,4,5,10,14,16], 
       [2,3,6,8,12,15,16], 
       [0,3,6,8,13,17], 
       [5,7,8,9,19], 
       [1,2,6,10,13,14,19], 
       [1,2,4,5,10,11,15], 
       [3,5,7,8,14,19], 
       [0,2,4,6,9,10,15], 
       [0,3,4,6,7,11], 
       [0,1,2,7,8,10,16], 
       [1,4,10,12,13,16], 
       [4,10,12,13,14,16,18], 
       [0,6,7,10,11,17], 
       [4,5,7,9,10,15,17,19], 
       [1,3,5,8,9,13], 
       [4,7,9,14,15,17,18], 
       [0,7,11,18,19], 
       [2,8,11,12,13,14], 
       [0,1,3,6,11,17,18], 
       [1,3,4,5,6,8,14,15], 
       [5,11,13,14,16,17], 
       [3,4,5,7,9,12,14,18,19], 
       [1,2,6,12,18,19], 
       [0,3,6,8,14,16], 
       [0,6,13,15,17,18,19], 
       [1,3,5,6,7,9], 
       [7,8,9,11,13,16], 
       [4,5,8,9,11,12,16], 
       [0,2,3,4,5,17], 
       [0,3,5,7,10,11,16], 
       [0,1,5,9,13,16,19], 
       [0,1,6,15,16], 
       [1,2,11,12,18,19], 
       [2,3,4,5,9,14,18], 
       [0,1,4,5,6,8,11,15,18], 
       [2,3,6,13,14,19]
     ], 
     "times": {
       "BestFusion": 0.12, 
       "FirstFit": 0.1, 
       "GeneticGroup": 106.74, 
       "GeneticStandard": 10.61, 
       "OverloadAndRemove": 1.06, 
       "OverloadAndRemovePresort": 0.95
     }
   }, 
   {
     "approximation": "GeneticGroup [2015-11-05 16:19:39]", 
     "avgMultiplicity": 50.2, 
     "capacity": 15, 
     "category": "gauss", 
     "lowerBound": 2, 
     "pageCount": 26, 
     "pages": [
       [0,3,4,5,6,7,9,10,11,13,14,15,17,18,19], 
       [3,5,6,7,8,9,10,11,12,13,14,15,16,17,19], 
       [0,1,2,3,4,5,7,9,11,12,13,14,16,17,19], 
       [0,1,2,4,6,8,9,10,11,12,14,16,17,18,19], 
       [0,1,2,3,5,7,8,9,10,11,13,14,16,18,19], 
       [0,1,2,4,5,6,7,8,9,10,15,16,17,18,19], 
       [1,2,4,5,6,7,9,10,12,13,14,16,17,18,19], 
       [1,2,3,4,5,6,7,8,12,13,14,15,17,18,19], 
       [0,1,2,3,4,5,6,9,11,12,13,14,16,17,19], 
       [1,2,3,4,5,6,7,10,11,13,14,15,17,18,19], 
       [1,2,3,4,8,9,10,11,12,13,14,15,16,18,19], 
       [0,1,2,3,4,5,7,8,10,11,12,14,15,16,17], 
       [0,1,2,4,5,6,8,9,12,13,14,15,16,18,19], 
       [0,3,4,5,7,8,9,12,13,14,15,16,17,18,19], 
       [0,1,2,3,5,8,9,10,11,12,13,14,16,17,18], 
       [0,1,2,3,4,5,6,9,10,11,12,13,14,18,19], 
       [0,1,4,5,6,7,8,9,10,11,12,13,15,17,19], 
       [0,1,2,3,4,5,7,8,9,10,11,12,14,15,18], 
       [0,1,2,7,8,9,10,11,12,13,14,15,16,17,18], 
       [0,3,5,6,7,8,10,11,12,13,14,15,17,18,19], 
       [0,1,2,3,4,6,7,8,10,11,13,14,16,17,18], 
       [0,1,2,3,4,6,8,9,10,12,13,14,15,17,18], 
       [0,1,2,3,4,5,7,9,10,11,13,15,16,17,19], 
       [0,2,3,5,6,7,9,10,11,12,15,16,17,18,19], 
       [0,1,2,3,4,5,7,8,10,12,13,14,17,18,19], 
       [0,1,2,3,5,8,9,10,11,14,15,16,17,18,19]
     ], 
     "paginations": [
       [2,89,25,92,58], 
       [86,18,5,15,42,45,79], 
       [4,72,65,44,88], 
       [23,32,35,7], 
       [33,77,10,75,69], 
       [66,49], 
       [46,57,93], 
       [29,6,12], 
       [74,71], 
       [80,34,91], 
       [76,81,28,94], 
       [37,55,31], 
       [39,36,54,68,40], 
       [56,3,17,84,38,73], 
       [24,63,0,53], 
       [85,27,59,67], 
       [83,30,22], 
       [62,51,52], 
       [1,21,8], 
       [50,64], 
       [82,16,78,11], 
       [9,90,26,61,41,14], 
       [43,47], 
       [48,19,70], 
       [13,20], 
       [87,60]
     ], 
     "properSymbolCount": 0, 
     "solvers": {
       "BestFusion": 37, 
       "FirstFit": 37, 
       "GeneticGroup": 26, 
       "GeneticStandard": 32, 
       "OverloadAndRemove": 30, 
       "OverloadAndRemovePresort": 33
     }, 
     "symbolCount": 20, 
     "symbols": [0,1,2,3,4,5,6,7,8,9,10,11,12,13,14,15,16,17,18,19], 
     "tileCount": 95, 
     "tileMaxSize": 13, 
     "tileMinSize": 9, 
     "tiles": [
       [0,2,3,5,9,10,13,14,16,17,18], 
       [0,1,2,7,8,9,11,12,15,17], 
       [0,3,5,6,7,11,13,15,17], 
       [0,3,4,5,8,12,13,14,15,17,18], 
       [0,1,2,3,4,5,7,11,14,19], 
       [6,7,8,10,11,12,14,15,16,19], 
       [1,3,4,5,7,12,13,15,17,18], 
       [0,1,2,4,6,8,9,12,16,17,19], 
       [0,1,8,10,12,13,14,15,16,17], 
       [0,1,3,6,8,9,10,13,14,15], 
       [2,5,7,8,9,10,11,13,14,18,19], 
       [0,1,2,4,6,7,8,10,14,16], 
       [1,2,5,6,7,8,12,13,14,15], 
       [0,1,2,4,5,7,8,10,12,17,18,19], 
       [2,3,4,6,8,10,12,15,17,18], 
       [5,6,7,8,10,13,14,16,17,19], 
       [1,3,4,6,7,8,11,13,14,17,18], 
       [0,3,8,9,12,13,14,15,16,19], 
       [3,5,9,10,11,15,16,17,19], 
       [0,2,5,6,7,9,10,11,12,15], 
       [0,1,2,3,4,7,8,10,12,13,14,18], 
       [0,2,7,9,10,11,12,13,14,15,16,17,18], 
       [0,1,4,5,8,10,11,12,13,15,19], 
       [0,2,4,6,9,12,14,16,17], 
       [0,1,3,5,8,9,11,12,14,18], 
       [3,4,5,7,10,11,14,17,19], 
       [1,3,4,6,8,9,12,15,18], 
       [2,5,6,9,10,11,12,13,14,18,19], 
       [1,2,4,9,10,11,14,15,16,18], 
       [2,3,4,8,12,13,14,15,17,19], 
       [1,4,5,6,8,9,10,11,12,13,15], 
       [1,2,3,4,5,8,10,11,12,15,17], 
       [1,2,4,6,8,9,11,12,14,16,18,19], 
       [0,1,3,5,7,8,10,13,14,18,19], 
       [1,2,3,4,6,10,14,15,17,18,19], 
       [0,1,4,6,8,10,11,12,14,17,18], 
       [0,1,2,4,5,6,8,9,12,13,15,19], 
       [0,2,3,5,7,8,10,12,14,16,17], 
       [3,4,5,7,8,9,12,14,15], 
       [1,5,6,8,9,12,13,18,19], 
       [0,1,2,5,6,12,13,14,15,18], 
       [0,1,6,8,9,10,12,13,14,15,18], 
       [6,7,9,11,12,14,15,16,17,19], 
       [0,1,2,5,7,9,10,13,15,16,17], 
       [2,3,4,5,7,11,12,13,16,17], 
       [3,6,7,8,9,10,12,14,15,17,19], 
       [1,2,4,6,10,12,13,14,16,17], 
       [0,2,3,4,5,7,10,11,13,15,16,19], 
       [3,5,7,9,10,15,16,17,18,19], 
       [0,1,4,6,7,8,15,16,17,18], 
       [0,5,6,7,8,10,12,13,14,15,18,19], 
       [0,1,2,4,5,7,9,10,11,14,15,18], 
       [0,1,2,4,5,7,8,14,15,18], 
       [1,2,3,5,8,10,11,12,13,16,18], 
       [1,2,6,8,9,13,14,15,16,18], 
       [0,1,2,4,5,7,8,11,12,14,15,16], 
       [0,3,7,8,12,13,14,16,17,19], 
       [1,4,6,7,9,10,13,14,16,17,18,19], 
       [0,3,4,7,9,11,13,15,17,18,19], 
       [0,1,2,3,4,5,10,11,12,14,19], 
       [0,1,2,5,8,10,11,15,17,18,19], 
       [0,1,3,6,9,12,15,17,18], 
       [0,1,3,5,7,9,11,12,14,15], 
       [1,2,3,5,8,9,12,13,16,17,18], 
       [0,3,6,7,8,11,12,13,15,17,19], 
       [0,1,3,5,7,11,12,13,17,19], 
       [1,2,4,5,6,7,9,10,15,17,18,19], 
       [0,1,2,4,5,9,10,11,12,18,19], 
       [2,4,5,8,12,13,15,16,18,19], 
       [1,2,5,8,9,11,13,14,16,18,19], 
       [0,2,6,7,9,11,12,15,16,17,18,19], 
       [1,2,3,4,6,11,12,13,14,17,19], 
       [0,2,3,4,5,7,12,13,17,19], 
       [3,5,7,8,9,12,13,15,16,17,18,19], 
       [0,4,5,6,9,12,13,16,17], 
       [2,3,5,7,8,10,11,13,18,19], 
       [1,3,4,8,9,11,13,16,19], 
       [0,1,2,3,8,10,11,13,16,18,19], 
       [2,4,6,7,8,10,11,13,16,17,18], 
       [5,6,7,8,9,11,13,16,17], 
       [2,3,4,7,10,11,13,14,17,18,19], 
       [3,8,9,10,11,12,14,15,16,18,19], 
       [1,2,3,4,7,8,10,11,13,16,17], 
       [0,1,4,5,7,9,10,11,12,13,15,17,19], 
       [4,5,7,12,14,15,16,17,19], 
       [0,2,3,4,5,6,9,10,11,12,13,18,19], 
       [3,5,6,7,8,11,12,13,14,16], 
       [0,1,2,3,5,8,9,11,14,16,17,19], 
       [1,2,3,7,9,11,12,13,17,19], 
       [0,4,5,6,7,10,11,13,17,18], 
       [1,2,3,4,6,9,12,13,14,15,17,18], 
       [2,3,4,5,6,10,14,18,19], 
       [0,3,6,7,9,10,15,18,19], 
       [1,2,5,6,9,12,14,16,17,19], 
       [1,3,8,10,11,12,13,15,16,18,19]
     ], 
     "times": {
       "BestFusion": 0.09, 
       "FirstFit": 0.09, 
       "GeneticGroup": 117.26, 
       "GeneticStandard": 9.78, 
       "OverloadAndRemove": 2.18, 
       "OverloadAndRemovePresort": 2.1
     }
   }
 ]