[
   {
     "approximation": "FirstFit [2014-10-28 13:05:57]", 
     "avgMultiplicity": 3.0, 
     "capacity": 15, 
     "category": "gauss", 
     "cplexOpt": 2, 
     "lowerBound": 2, 
     "pageCount": 2, 
     "pages": [
       [1,2,3,5,6,7,9,10,11,13,14,16,17,18,19], 
       [0,1,2,3,4,5,6,7,8,9,11,12,15,17,19]
     ], 
     "paginations": [
       [0,1,2,3,4,5,6,7,8,13], 
       [9,10,11,12,14,15,16,17,18,19]
     ], 
     "properSymbolCount": 1, 
     "solvers": {
       "BestFusion": 2, 
       "FirstFit": 2, 
       "GeneticGroup": 2, 
       "GeneticStandard": 2, 
       "OverloadAndRemove": 2, 
       "OverloadAndRemovePresort": 2
     }, 
     "symbolCount": 20, 
     "symbols": [0,1,2,3,4,5,6,7,8,9,10,11,12,13,14,15,16,17,18,19], 
     "tileCount": 20, 
     "tileMaxSize": 5, 
     "tileMinSize": 2, 
     "tiles": [
       [5,10,16,19], 
       [3,6,9,10], 
       [14,17,18], 
       [3,5,11], 
       [9,13], 
       [2,14,19], 
       [1,7], 
       [3,9,19], 
       [1,3,14,16], 
       [0,11,12], 
       [7,15,19], 
       [4,5,6,12], 
       [0,11,19], 
       [7,18], 
       [4,12,17], 
       [1,8], 
       [2,4,8,9,15], 
       [3,12], 
       [0,2,15], 
       [0,4]
     ], 
     "times": {
       "BestFusion": 0.02, 
       "FirstFit": 0.01, 
       "GeneticGroup": 3.45, 
       "GeneticStandard": 1.44, 
       "OverloadAndRemove": 0.02, 
       "OverloadAndRemovePresort": 0.03
     }
   }, 
   {
     "approximation": "BestFusion [2014-10-28 13:05:57]", 
     "avgMultiplicity": 6.7, 
     "capacity": 15, 
     "category": "gauss", 
     "cplexOpt": 4, 
     "lowerBound": 2, 
     "pageCount": 4, 
     "pages": [
       [0,1,5,7,8,9,10,11,12,13,14,15,16,17,18], 
       [0,3,4,5,6,7,8,9,10,14,15,16,17,18,19], 
       [1,2,4,6,7,9,10,11,12,13,14,16,17,18,19], 
       [0,1,2,4,5,6,7,9,10,11,13,16,18]
     ], 
     "paginations": [
       [0,1,2,4,12], 
       [3,5,8,11,13,16,19], 
       [6,7,9,10,14,17], 
       [15,18]
     ], 
     "properSymbolCount": 0, 
     "solvers": {
       "BestFusion": 4, 
       "FirstFit": 5, 
       "GeneticGroup": 4, 
       "GeneticStandard": 4, 
       "OverloadAndRemove": 5, 
       "OverloadAndRemovePresort": 4
     }, 
     "symbolCount": 20, 
     "symbols": [0,1,2,3,4,5,6,7,8,9,10,11,12,13,14,15,16,17,18,19], 
     "tileCount": 20, 
     "tileMaxSize": 8, 
     "tileMinSize": 5, 
     "tiles": [
       [5,8,9,12,14,16,17,18], 
       [0,7,11,13,15,18], 
       [0,5,7,11,14], 
       [0,4,5,6,10,15,16], 
       [0,1,9,10,11,16,18], 
       [4,5,8,9,10,15,19], 
       [1,4,7,11,13,14,17], 
       [1,7,10,12,14,18,19], 
       [5,6,8,9,16,19], 
       [1,6,7,11,16,17], 
       [4,9,11,14,16,17,19], 
       [4,5,6,14,15,17,19], 
       [5,11,12,14,16,17], 
       [3,6,8,9,17,18], 
       [1,4,9,10,17,19], 
       [0,2,6,7,9,11,16], 
       [14,15,16,17,18,19], 
       [2,6,12,13,16,17,19], 
       [1,2,4,5,10,13,16,18], 
       [3,5,6,7,9,10,16,19]
     ], 
     "times": {
       "BestFusion": 0.02, 
       "FirstFit": 0.01, 
       "GeneticGroup": 22.76, 
       "GeneticStandard": 1.73, 
       "OverloadAndRemove": 0.07, 
       "OverloadAndRemovePresort": 0.07
     }
   }, 
   {
     "approximation": "OverloadAndRemovePresort [2014-10-28 13:05:57]", 
     "avgMultiplicity": 10.5, 
     "capacity": 15, 
     "category": "gauss", 
     "cplexOpt": 8, 
     "lowerBound": 2, 
     "pageCount": 8, 
     "pages": [
       [0,1,2,4,5,6,7,8,9,10,11,15,16,17,19], 
       [2,3,4,6,7,9,11,12,13,14,15,16,17,19], 
       [0,1,5,7,8,9,10,11,12,13,14,15,16,18,19], 
       [0,3,4,5,7,8,9,11,12,13,15,16,17,19], 
       [1,2,3,5,6,8,9,10,11,13,14,15,16,18,19], 
       [0,3,4,6,7,8,9,10,12,13,14,15,17], 
       [1,2,4,7,8,10,11,13,15,17,19], 
       [0,2,3,4,5,6,7,8,10,12,14,15,16,17,18]
     ], 
     "paginations": [
       [3,4,19,1], 
       [5,13], 
       [0,10,9], 
       [14,17], 
       [2,8,15], 
       [11,6,7], 
       [18], 
       [12,16]
     ], 
     "properSymbolCount": 0, 
     "solvers": {
       "BestFusion": 9, 
       "FirstFit": 9, 
       "GeneticGroup": 8, 
       "GeneticStandard": 8, 
       "OverloadAndRemove": 9, 
       "OverloadAndRemovePresort": 8
     }, 
     "symbolCount": 20, 
     "symbols": [0,1,2,3,4,5,6,7,8,9,10,11,12,13,14,15,16,17,18,19], 
     "tileCount": 20, 
     "tileMaxSize": 12, 
     "tileMinSize": 9, 
     "tiles": [
       [1,5,7,8,9,11,12,15,16,19], 
       [0,1,5,6,7,8,9,10,11,15,17,19], 
       [2,3,5,6,8,9,13,15,16,18,19], 
       [0,2,5,6,7,8,9,10,15,16,19], 
       [0,2,4,5,6,7,8,9,11,16,17], 
       [2,3,4,9,11,12,13,14,15,16,19], 
       [0,3,4,6,7,8,9,10,12,13], 
       [0,4,6,7,8,10,12,13,14,15], 
       [1,2,3,5,8,11,13,16,18,19], 
       [1,5,8,9,11,12,14,15,18], 
       [0,1,7,9,10,11,12,13,16,19], 
       [0,3,4,6,8,9,10,12,14,15,17], 
       [0,3,4,5,6,8,10,15,16,17,18], 
       [2,3,4,6,7,11,12,14,15,17,19], 
       [0,3,4,5,7,8,12,13,16,17,19], 
       [1,3,5,6,8,10,13,14,16,19], 
       [2,3,5,6,7,10,12,14,15,16,18], 
       [0,3,4,5,9,11,12,15,16,17], 
       [1,2,4,7,8,10,11,13,15,17,19], 
       [0,1,2,4,6,8,11,15,17]
     ], 
     "times": {
       "BestFusion": 0.02, 
       "FirstFit": 0.01, 
       "GeneticGroup": 33.49, 
       "GeneticStandard": 1.87, 
       "OverloadAndRemove": 0.15, 
       "OverloadAndRemovePresort": 0.13
     }
   }, 
   {
     "approximation": "OverloadAndRemovePresort [2014-10-28 13:05:57]", 
     "avgMultiplicity": 2.8, 
     "capacity": 15, 
     "category": "gauss", 
     "cplexOpt": 2, 
     "lowerBound": 2, 
     "pageCount": 2, 
     "pages": [
       [0,2,3,5,7,8,9,10,11,12,13,14,16,17,18], 
       [1,4,5,6,11,15,16,17,19]
     ], 
     "paginations": [
       [13,0,2,4,6,7,9,10,12,17,18,19,5,11,15,16], 
       [14,8,3,1]
     ], 
     "properSymbolCount": 5, 
     "solvers": {
       "BestFusion": 2, 
       "FirstFit": 2, 
       "GeneticGroup": 2, 
       "GeneticStandard": 2, 
       "OverloadAndRemove": 2, 
       "OverloadAndRemovePresort": 2
     }, 
     "symbolCount": 20, 
     "symbols": [0,1,2,3,4,5,6,7,8,9,10,11,12,13,14,15,16,17,18,19], 
     "tileCount": 20, 
     "tileMaxSize": 4, 
     "tileMinSize": 2, 
     "tiles": [
       [8,13,16], 
       [4,17], 
       [3,10,18], 
       [16,19], 
       [2,10,18], 
       [10,16], 
       [3,12,18], 
       [5,7,18], 
       [1,6,11], 
       [7,8,13], 
       [0,7,12], 
       [8,11], 
       [0,9,10], 
       [3,13,14,17], 
       [5,6,15,19], 
       [2,17], 
       [10,13], 
       [5,7,10], 
       [0,8,10], 
       [3,7,12]
     ], 
     "times": {
       "BestFusion": 0.02, 
       "FirstFit": 0.02, 
       "GeneticGroup": 2.22, 
       "GeneticStandard": 1.51, 
       "OverloadAndRemove": 0.01, 
       "OverloadAndRemovePresort": 0.03
     }
   }, 
   {
     "approximation": "GeneticGroup [2014-10-29 11:31:23]", 
     "avgMultiplicity": 6.3, 
     "capacity": 15, 
     "category": "gauss", 
     "cplexOpt": 3, 
     "lowerBound": 2, 
     "pageCount": 3, 
     "pages": [
       [0,2,3,4,5,7,8,10,11,13,14,15,17,18,19], 
       [0,1,2,3,4,5,6,7,9,10,11,14,15,17,19], 
       [0,3,4,5,6,7,9,11,12,13,15,16,17,18,19]
     ], 
     "paginations": [
       [2,4,11,1,6,7], 
       [13,15,5,14,17,18], 
       [8,9,16,10,3,12,19,0]
     ], 
     "properSymbolCount": 0, 
     "solvers": {
       "BestFusion": 4, 
       "FirstFit": 4, 
       "GeneticGroup": 3, 
       "GeneticStandard": 4, 
       "OverloadAndRemove": 4, 
       "OverloadAndRemovePresort": 4
     }, 
     "symbolCount": 20, 
     "symbols": [0,1,2,3,4,5,6,7,8,9,10,11,12,13,14,15,16,17,18,19], 
     "tileCount": 20, 
     "tileMaxSize": 8, 
     "tileMinSize": 4, 
     "tiles": [
       [5,6,11,13,16,18,19], 
       [0,2,3,5,8,10,18], 
       [3,7,8,15,18], 
       [0,3,5,6,11,16,17], 
       [0,5,7,8,17,19], 
       [1,3,6,7,9,11,14], 
       [0,2,11,14,17,18], 
       [0,3,13,18], 
       [4,6,13,15,16,18], 
       [4,7,9,11,17,18], 
       [0,6,7,9,12,15], 
       [0,4,7,10,13,15,17], 
       [5,6,12,15,16,17,18], 
       [1,2,3,4,6,10,19], 
       [1,5,6,11,14,15,17], 
       [2,9,10,11,15,19], 
       [0,3,6,11,13,15,17,19], 
       [0,5,6,9,14,15], 
       [6,9,10,14,15], 
       [0,6,7,15,16,17]
     ], 
     "times": {
       "BestFusion": 0.02, 
       "FirstFit": 0.02, 
       "GeneticGroup": 16.65, 
       "GeneticStandard": 1.69, 
       "OverloadAndRemove": 0.06, 
       "OverloadAndRemovePresort": 0.06
     }
   }, 
   {
     "approximation": "GeneticGroup [2014-10-29 11:31:23]", 
     "avgMultiplicity": 10.85, 
     "capacity": 15, 
     "category": "gauss", 
     "cplexOpt": 8, 
     "lowerBound": 2, 
     "pageCount": 8, 
     "pages": [
       [0,1,2,4,6,7,8,9,10,11,12,15,16,17,18], 
       [0,1,3,5,6,8,10,11,12,13,14,15,16,17,19], 
       [0,1,2,3,4,5,7,8,11,12,14,15,17,18,19], 
       [0,2,4,5,8,9,10,11,13,14,15,16,17,18,19], 
       [0,1,2,3,4,5,10,11,12,13,14,16,17,18,19], 
       [1,2,3,4,6,7,10,11,12,15,16,17,18,19], 
       [1,2,4,5,8,9,10,11,14,17,18,19], 
       [1,2,5,6,7,8,9,11,12,13,14,16,18,19]
     ], 
     "paginations": [
       [3,17,15,12], 
       [10,1], 
       [9,11], 
       [18,7,14], 
       [4,5,6], 
       [19,16,2], 
       [8], 
       [13,0]
     ], 
     "properSymbolCount": 0, 
     "solvers": {
       "BestFusion": 9, 
       "FirstFit": 9, 
       "GeneticGroup": 8, 
       "GeneticStandard": 8, 
       "OverloadAndRemove": 11, 
       "OverloadAndRemovePresort": 10
     }, 
     "symbolCount": 20, 
     "symbols": [0,1,2,3,4,5,6,7,8,9,10,11,12,13,14,15,16,17,18,19], 
     "tileCount": 20, 
     "tileMaxSize": 13, 
     "tileMinSize": 9, 
     "tiles": [
       [1,5,6,7,9,11,12,16,18], 
       [0,1,6,8,10,13,14,15,16,17,19], 
       [1,2,3,7,11,12,16,17,19], 
       [0,4,6,7,8,9,10,11,15,16,17], 
       [1,2,3,4,5,10,12,13,14,16,17,18,19], 
       [0,1,3,4,5,10,11,13,16,17,19], 
       [0,1,2,4,5,10,12,14,16,19], 
       [0,2,9,10,11,13,14,15,17,18,19], 
       [1,2,4,5,8,9,10,11,14,17,18,19], 
       [0,1,2,3,4,5,11,12,15,17], 
       [0,1,3,5,6,10,11,12,14,15,17], 
       [0,2,3,4,7,8,14,15,17,18,19], 
       [1,2,4,6,7,8,9,10,11,12,18], 
       [2,5,6,7,8,9,11,12,13,14,19], 
       [0,2,4,5,9,10,11,14,16,17,19], 
       [0,2,4,6,8,9,10,11,12,15,16], 
       [1,2,3,6,7,10,12,16,18,19], 
       [0,1,2,7,8,9,12,15,16,17,18], 
       [2,4,8,10,11,13,15,16,17,18,19], 
       [2,3,4,6,7,10,11,12,15,16,17,19]
     ], 
     "times": {
       "BestFusion": 0.02, 
       "FirstFit": 0.01, 
       "GeneticGroup": 30.92, 
       "GeneticStandard": 1.92, 
       "OverloadAndRemove": 0.14, 
       "OverloadAndRemovePresort": 0.14
     }
   }
 ]