[
   {
     "approximation": "GeneticGroup [2014-10-30 10:33:53]", 
     "avgMultiplicity": 6.49, 
     "capacity": 15, 
     "category": "gauss", 
     "lowerBound": 4, 
     "pageCount": 18, 
     "pages": [
       [3,5,6,7,17,18,23,26,27,30,38,46,47,49,50], 
       [0,11,15,16,18,19,26,29,30,32,36,40,45,50], 
       [0,15,19,20,22,29,30,32,33,34,38,41,42,43], 
       [1,5,7,13,19,21,22,23,26,27,28,40,42,53,54], 
       [4,6,12,16,21,24,27,28,29,34,36,39,48,50,54], 
       [3,6,7,8,12,19,21,23,24,25,29,32,37,41,45], 
       [0,1,2,6,10,12,13,17,25,30,33,38,40,43,46], 
       [1,11,16,20,29,30,32,33,40,43,48,49,50,53], 
       [0,4,10,11,18,21,23,28,29,35,42,43,45,47,54], 
       [2,5,6,8,9,10,16,21,22,33,35,46,48,49,54], 
       [9,24,25,26,30,31,33,42,43,44,46,48,51,52], 
       [3,5,6,9,15,22,33,35,36,41,42,45,49,51,54], 
       [2,4,7,13,15,26,27,29,32,33,37,40,43,44,51], 
       [1,4,9,10,14,21,22,30,32,35,36,37,38,40,44], 
       [3,8,10,18,22,25,26,27,31,36,38,42,45,49,54], 
       [4,8,16,17,19,26,28,31,32,36,43,44,47,53,54], 
       [1,2,9,14,20,23,25,29,32,34,36,37,39,44,48], 
       [2,9,10,24,29,38,52]
     ], 
     "paginations": [
       [16,3,34], 
       [22,10,51], 
       [47,28,24], 
       [38,6,41], 
       [35,11,29,18], 
       [53,23,14], 
       [19,8,45], 
       [31,36,32], 
       [46,12,33,4], 
       [48,54,27], 
       [13,21,50], 
       [44,49,15], 
       [1,7,39], 
       [0,42,20], 
       [37,2,17], 
       [9,40,26], 
       [5,43,25,52], 
       [30]
     ], 
     "properSymbolCount": 0, 
     "solvers": {
       "BestFusion": 21, 
       "FirstFit": 22, 
       "GeneticGroup": 18, 
       "GeneticStandard": 21, 
       "OverloadAndRemove": 19, 
       "OverloadAndRemovePresort": 19
     }, 
     "symbolCount": 55, 
     "symbols": [0,1,2,3,4,5,6,7,8,9,10,11,12,13,14,15,16,17,18,19,20,21,22,23,24,25,26,27,28,29,30,31,32,33,34,35,36,37,38,39,40,41,42,43,44,45,46,47,48,49,50,51,52,53,54], 
     "tileCount": 55, 
     "tileMaxSize": 8, 
     "tileMinSize": 4, 
     "tiles": [
       [4,10,14,36,37,40], 
       [7,13,15,40,43,44,51], 
       [3,8,10,18,26,36,54], 
       [6,18,30,47,50], 
       [10,28,42,43,47,54], 
       [9,20,25,32,36,39], 
       [7,19,21,42,53,54], 
       [15,26,27,29,32,33,37], 
       [2,10,13,25,46], 
       [4,8,16,31,36,44,47], 
       [0,15,18,19,29,30,32,36], 
       [24,27,28,34,36], 
       [0,4,23,45,54], 
       [9,24,30,31,43,44,46,51], 
       [3,8,12,19,24,29,32], 
       [3,6,15,33,35,49,51], 
       [3,5,7,17,18,23,38], 
       [8,26,27,31,36,38], 
       [4,6,21,28,36,48,50,54], 
       [1,6,13,30,33,38,43], 
       [14,21,30,32,35,38,44], 
       [9,25,42,43,51], 
       [0,11,18,26,40,50], 
       [6,7,8,19,23,29,37,41], 
       [19,29,33,38,41,42,43], 
       [1,23,29,32,34], 
       [17,19,26,32,43,47], 
       [2,5,9,16,21,22,49,54], 
       [0,19,20,22,30,33,34], 
       [12,16,24,29,36,54], 
       [2,9,10,24,29,38,52], 
       [11,20,29,40,48,49], 
       [1,20,32,43,50,53], 
       [11,18,29,35,42,45], 
       [23,26,27,30,46,49,50], 
       [4,16,24,27,29,39,50], 
       [1,16,20,30,33,40,53], 
       [3,8,22,25,27,42,45,49], 
       [1,13,19,22,26,27,28,42], 
       [2,4,13,15,26,32,44], 
       [19,28,31,44,53,54], 
       [5,21,23,26,40,53], 
       [1,9,22,35,40,44], 
       [2,20,34,36,37], 
       [5,9,41,42,54], 
       [0,2,12,17,33,40,46], 
       [4,10,11,21,42,45], 
       [0,15,32,34,38,41], 
       [6,9,21,22,46,48], 
       [5,6,15,22,33,36,41,45], 
       [24,25,26,33,46,48,52], 
       [0,15,16,26,30,45], 
       [14,39,44,48], 
       [6,19,21,24,25,41,45], 
       [2,6,8,10,33,35,46,49]
     ], 
     "times": {
       "BestFusion": 0.04, 
       "FirstFit": 0.04, 
       "GeneticGroup": 51.76, 
       "GeneticStandard": 4.4, 
       "OverloadAndRemove": 0.62, 
       "OverloadAndRemovePresort": 0.76
     }
   }, 
   {
     "approximation": "GeneticGroup [2015-11-06 08:27:45]", 
     "avgMultiplicity": 2.95, 
     "capacity": 15, 
     "category": "gauss", 
     "lowerBound": 4, 
     "pageCount": 6, 
     "pages": [
       [5,7,16,20,21,23,25,28,29,33,38,39,47,52,54], 
       [1,5,7,9,10,13,15,18,23,32,34,37,38,45,48], 
       [0,2,4,6,8,11,19,26,28,35,37,40,42,45,50], 
       [1,11,16,26,27,29,31,35,36,39,40,41,43,45,51], 
       [2,12,14,17,19,22,27,30,33,40,44,46,48,49,53], 
       [0,3,6,10,13,20,21,22,23,24,41,42,49,50,54]
     ], 
     "paginations": [
       [25,24,44,46,42,54,6,21,51,40,30], 
       [14,41,17,33,11,3,31,23], 
       [15,12,36,48,27,26,4,49,43,50,7], 
       [8,29,9,28,5,53,2,35,22,18], 
       [13,1,19,16,34,47,0], 
       [52,37,10,32,45,20,38,39]
     ], 
     "properSymbolCount": 8, 
     "solvers": {
       "BestFusion": 7, 
       "FirstFit": 9, 
       "GeneticGroup": 6, 
       "GeneticStandard": 8, 
       "OverloadAndRemove": 7, 
       "OverloadAndRemovePresort": 7
     }, 
     "symbolCount": 55, 
     "symbols": [0,1,2,3,4,5,6,7,8,9,10,11,12,13,14,15,16,17,18,19,20,21,22,23,24,25,26,27,28,29,30,31,32,33,34,35,36,37,38,39,40,41,42,43,44,45,46,47,48,49,50,51,52,53,54], 
     "tileCount": 55, 
     "tileMaxSize": 5, 
     "tileMinSize": 2, 
     "tiles": [
       [40,49], 
       [19,44,46,53], 
       [1,40], 
       [7,32,45], 
       [6,8,37,45], 
       [26,36,43], 
       [25,28,29], 
       [0,4,6], 
       [26,40,41,51], 
       [11,29,31], 
       [10,20,23,42], 
       [13,34,38], 
       [40,45], 
       [27,33,48], 
       [9,45,48], 
       [2,11,28,45], 
       [14,30,33], 
       [10,18], 
       [27,35,36], 
       [2,30,33,40,48], 
       [22,49,54], 
       [28,39], 
       [31,41,45], 
       [1,34,37], 
       [16,21,25,38], 
       [20,21,39], 
       [8,42], 
       [2,19,26], 
       [11,36,39,40], 
       [16,36,39], 
       [7,38,47], 
       [1,32], 
       [0,49,50], 
       [1,5,15], 
       [2,12,22,44], 
       [1,43,51], 
       [4,40], 
       [3,10,49,50], 
       [3,6], 
       [23,24], 
       [23,33,38], 
       [1,23], 
       [5,20], 
       [11,19,42,50], 
       [5,52], 
       [3,24,41], 
       [21,28,52,54], 
       [12,17], 
       [6,28,42], 
       [6,11,28], 
       [35,42,50], 
       [25,54], 
       [6,13,21,23], 
       [27,39], 
       [16,23]
     ], 
     "times": {
       "BestFusion": 0.06, 
       "FirstFit": 0.02, 
       "GeneticGroup": 38.12, 
       "GeneticStandard": 3.26, 
       "OverloadAndRemove": 0.11, 
       "OverloadAndRemovePresort": 0.16
     }
   }, 
   {
     "approximation": "GeneticGroup [2014-10-30 10:33:53]", 
     "avgMultiplicity": 6.42, 
     "capacity": 15, 
     "category": "gauss", 
     "lowerBound": 4, 
     "pageCount": 17, 
     "pages": [
       [12,14,19,22,23,24,25,26,35,37,39,43,46,49,53], 
       [0,13,14,15,20,21,32,38,43,46,48,49,52], 
       [1,3,4,5,6,8,9,17,24,26,34,43,46,47,48], 
       [2,6,15,17,19,23,28,30,32,37,45,46,47,51,52], 
       [0,3,5,6,9,13,16,24,25,29,39,45,49,50,53], 
       [1,2,8,14,19,27,28,31,34,35,39,44,49,51,54], 
       [0,8,9,13,31,33,36,37,41,44,47,48,49,53], 
       [1,11,16,17,21,27,28,32,33,35,38,41,46,47,49], 
       [2,6,7,8,18,29,31,32,34,36,38,39,40,43,50], 
       [3,5,6,8,12,17,28,30,32,34,36,39,45,52,54], 
       [0,1,7,14,18,20,22,24,26,31,34,40,48,49,54], 
       [1,4,9,10,14,20,24,26,29,30,33,35,37,39,45], 
       [4,6,8,14,15,16,18,22,27,30,35,36,41,47,51], 
       [2,5,6,9,12,14,19,21,23,25,26,33,34,45,47], 
       [0,2,7,9,10,12,15,19,28,30,38,42,44,46,48], 
       [4,10,12,22,24,25,28,31,33,40,42,43,47,48], 
       [5,17,20,24,26,30,31,38,40,43,47,50,51,53]
     ], 
     "paginations": [
       [30,44,45,19], 
       [3,23,26], 
       [24,34,39], 
       [16,40,28,12], 
       [51,8,5], 
       [6,32,36], 
       [0,47,33], 
       [13,4,25], 
       [15,41,29], 
       [1,37,49], 
       [21,50,31], 
       [42,17,54], 
       [11,14,20], 
       [38,35,53,22], 
       [52,2,7], 
       [48,46,9], 
       [18,43,10,27]
     ], 
     "properSymbolCount": 1, 
     "solvers": {
       "BestFusion": 20, 
       "FirstFit": 22, 
       "GeneticGroup": 17, 
       "GeneticStandard": 20, 
       "OverloadAndRemove": 18, 
       "OverloadAndRemovePresort": 20
     }, 
     "symbolCount": 55, 
     "symbols": [0,1,2,3,4,5,6,7,8,9,10,11,12,13,14,15,16,17,18,19,20,21,22,23,24,25,26,27,28,29,30,31,32,33,34,35,36,37,38,39,40,41,42,43,44,45,46,47,48,49,50,51,52,53,54], 
     "tileCount": 55, 
     "tileMaxSize": 9, 
     "tileMinSize": 4, 
     "tiles": [
       [9,13,36,47,49,53], 
       [3,5,17,28,34,36], 
       [7,12,28,42,44,46,48], 
       [0,14,15,21,43,48,49,52], 
       [1,11,16,17,21,35,47], 
       [0,6,13,24,25,45], 
       [2,8,14,31,35,44,49], 
       [2,7,9,15,38,42,46], 
       [9,16,39,50,53], 
       [4,12,22,25,33], 
       [5,20,31,38,50,51], 
       [8,27,30,36,41,51], 
       [17,19,28,32,45,51], 
       [16,32,33,38,41], 
       [4,15,22,41,47,51], 
       [2,7,18,29,36,39], 
       [2,6,15,23,46,51], 
       [4,10,26,30,33,39], 
       [17,24,26,38,40,43,51], 
       [14,19,23,24,25,26,43,46], 
       [6,14,16,18,30,35,36], 
       [1,7,24,26,34,48,49,54], 
       [5,9,12,23,47], 
       [13,14,20,38,46,49], 
       [8,9,17,24,34,46,47,48], 
       [1,27,28,32,35,46,49], 
       [15,20,21,32,38,46], 
       [24,30,40,47,50], 
       [17,23,30,37,47,51,52], 
       [2,6,8,31,32,34,38,43], 
       [25,35,43,46], 
       [0,1,18,49,54], 
       [1,8,14,28,39,51,54], 
       [31,33,37,48,49], 
       [1,3,6,26,46,47], 
       [9,14,21,25,34,45,47], 
       [2,14,19,27,34,54], 
       [8,28,32,36,39,45,52], 
       [19,21,25,26,33], 
       [1,4,5,6,43,47], 
       [6,15,17,23,28,37,51], 
       [7,8,32,36,40,50], 
       [10,14,24,26,29,33,35,37,45], 
       [5,26,30,40,47,53], 
       [12,23,24,37,39,49,53], 
       [12,19,22,25,39,43], 
       [10,12,22,31,42,43,48], 
       [0,8,36,41,44,49], 
       [10,24,28,31,40,47], 
       [6,12,30,32,34,45,54], 
       [7,14,20,22,24,31,40], 
       [0,3,5,13,29,49,50], 
       [0,9,10,15,19,28,30,46], 
       [2,6,9,12,14,26], 
       [1,9,10,20,29,30,37]
     ], 
     "times": {
       "BestFusion": 0.06, 
       "FirstFit": 0.03, 
       "GeneticGroup": 51.75, 
       "GeneticStandard": 3.95, 
       "OverloadAndRemove": 0.8, 
       "OverloadAndRemovePresort": 0.63
     }
   }, 
   {
     "approximation": "OverloadAndRemovePresort [2014-10-28 14:07:16]", 
     "avgMultiplicity": 2.89, 
     "capacity": 15, 
     "category": "gauss", 
     "lowerBound": 4, 
     "pageCount": 6, 
     "pages": [
       [1,6,11,14,16,18,19,25,26,30,32,38,39,45,46], 
       [1,3,4,7,15,16,23,24,32,37,40,41,45,47,49], 
       [2,12,13,17,19,20,24,28,29,30,34,43,44,51,53], 
       [0,1,15,17,20,22,31,33,35,36,40,41,43,48,51], 
       [3,4,5,8,10,14,23,24,27,28,32,41,42,50,53], 
       [1,9,10,16,18,21,31,37,39,40,45,47,50,52,54]
     ], 
     "paginations": [
       [3,41,53,13,25,26,23,44], 
       [5,24,31,32,54,6,14,18,21,51,43], 
       [9,20,48,7,12,17,27,47,39,4], 
       [37,2,0,36,45,22,16,35,38,8], 
       [1,19,30,34,49,52,42], 
       [40,46,29,10,11,50,28,15,33]
     ], 
     "properSymbolCount": 7, 
     "solvers": {
       "BestFusion": 8, 
       "FirstFit": 9, 
       "GeneticGroup": 6, 
       "GeneticStandard": 8, 
       "OverloadAndRemove": 7, 
       "OverloadAndRemovePresort": 6
     }, 
     "symbolCount": 55, 
     "symbols": [0,1,2,3,4,5,6,7,8,9,10,11,12,13,14,15,16,17,18,19,20,21,22,23,24,25,26,27,28,29,30,31,32,33,34,35,36,37,38,39,40,41,42,43,44,45,46,47,48,49,50,51,52,53,54], 
     "tileCount": 55, 
     "tileMaxSize": 4, 
     "tileMinSize": 2, 
     "tiles": [
       [0,43], 
       [27,42], 
       [15,35,36], 
       [14,19,26,46], 
       [17,19,51], 
       [1,3,23,32], 
       [1,4,32], 
       [20,44], 
       [20,31], 
       [12,29,34], 
       [1,10,21,40], 
       [18,31,40], 
       [2,53], 
       [11,14,25], 
       [7,45,49], 
       [31,37], 
       [22,33], 
       [19,34], 
       [4,24,40], 
       [5,27], 
       [12,17,44], 
       [4,40,45], 
       [17,41,48], 
       [18,46], 
       [7,32,47,49], 
       [6,16,25], 
       [32,38,46], 
       [2,13], 
       [16,54], 
       [21,39], 
       [23,28,42], 
       [1,3,24,37], 
       [3,7,15,41], 
       [9,37,52], 
       [4,5,8,14], 
       [33,40], 
       [0,36,40], 
       [20,35,51], 
       [40,51], 
       [13,24,28,53], 
       [21,50], 
       [25,26,38,39], 
       [10,24,41,50], 
       [3,16], 
       [26,30], 
       [1,17,36], 
       [21,31,47], 
       [2,43], 
       [2,30,34], 
       [3,8,53], 
       [39,40,45,54], 
       [15,24,32], 
       [32,50,53], 
       [1,16,45,46], 
       [3,15,23,49]
     ], 
     "times": {
       "BestFusion": 0.06, 
       "FirstFit": 0.02, 
       "GeneticGroup": 36.79, 
       "GeneticStandard": 3.21, 
       "OverloadAndRemove": 0.14, 
       "OverloadAndRemovePresort": 0.13
     }
   }, 
   {
     "approximation": "GeneticGroup [2015-11-06 08:27:45]", 
     "avgMultiplicity": 6.67, 
     "capacity": 15, 
     "category": "gauss", 
     "lowerBound": 4, 
     "pageCount": 17, 
     "pages": [
       [0,3,5,10,11,12,13,15,16,23,28,32,42,44,54], 
       [0,1,2,3,7,10,15,16,19,24,28,29,40,46,54], 
       [1,3,4,12,15,21,27,31,32,37,40,44,47,51,52], 
       [0,2,5,7,14,17,24,29,30,36,42,43,47,49,53], 
       [5,7,12,18,25,26,29,32,33,35,40,42,48,50,54], 
       [1,6,7,11,13,14,16,22,29,33,35,42,45,46,53], 
       [2,13,15,16,21,24,25,29,30,34,36,43,45,49,52], 
       [4,7,11,12,21,23,26,27,29,32,33,37,41,44,52], 
       [1,2,7,9,10,14,18,20,26,33,40,41,42,49,51], 
       [3,4,6,8,12,17,20,23,33,34,35,41,42,45,47], 
       [3,4,5,8,17,19,21,28,32,33,38,39,43,52,53], 
       [1,6,10,11,20,29,31,32,34,38,41,43,46,49,53], 
       [0,3,9,11,14,17,28,30,31,40,41,42,46,50,54], 
       [0,2,6,9,17,18,20,21,25,26,29,30,40,42,53], 
       [0,2,3,6,7,11,15,18,24,25,29,30,41,46,48], 
       [1,6,8,9,13,15,20,22,26,36,37,39,46,50,52], 
       [3,6,8,10,15,17,19,29,35,36,41,45,48,51,54]
     ], 
     "paginations": [
       [13,29,41,44], 
       [32,19,40,26], 
       [42,30,23], 
       [38,43,10], 
       [54,50,12], 
       [22,25,53], 
       [4,51,48,3], 
       [27,8,9], 
       [15,52,34], 
       [35,31,7], 
       [33,47,0], 
       [20,18,1], 
       [39,6,11], 
       [46,5,37], 
       [36,16,17], 
       [2,24,49], 
       [14,21,28,45]
     ], 
     "properSymbolCount": 0, 
     "solvers": {
       "BestFusion": 21, 
       "FirstFit": 22, 
       "GeneticGroup": 17, 
       "GeneticStandard": 21, 
       "OverloadAndRemove": 20, 
       "OverloadAndRemovePresort": 19
     }, 
     "symbolCount": 55, 
     "symbols": [0,1,2,3,4,5,6,7,8,9,10,11,12,13,14,15,16,17,18,19,20,21,22,23,24,25,26,27,28,29,30,31,32,33,34,35,36,37,38,39,40,41,42,43,44,45,46,47,48,49,50,51,52,53,54], 
     "tileCount": 55, 
     "tileMaxSize": 9, 
     "tileMinSize": 5, 
     "tiles": [
       [8,19,21,32,39,43], 
       [1,10,11,20,29,38,43], 
       [9,15,20,36,39], 
       [15,21,36,43,45,52], 
       [2,16,29,36,45,52], 
       [0,2,9,17,21,25,26,29,53], 
       [9,11,28,31,40], 
       [8,12,17,20,33,35], 
       [21,23,26,32,41,44,52], 
       [7,11,12,23,26,37,44], 
       [5,7,14,17,30,36,42,53], 
       [0,9,40,41,42,50], 
       [18,26,29,32,35,40,54], 
       [3,13,16,32,54], 
       [3,10,15,19,36,54], 
       [1,2,18,20,26,40,42], 
       [0,2,3,6,7,15,18,41], 
       [0,3,15,18,30,46,48], 
       [6,20,29,31,32,41,49], 
       [1,2,16,28,46,54], 
       [6,31,34,38,41,46,53], 
       [3,6,10,17,29,48], 
       [11,16,22,33,35,45,46,53], 
       [1,4,12,21,31,40,47], 
       [1,9,20,46,50,52], 
       [6,7,13,16,35,42,46], 
       [0,1,3,15,19,29,40], 
       [4,12,23,27,29,33,41], 
       [3,8,10,15,36,51], 
       [0,3,12,13,16,42], 
       [4,12,15,27,37,47,51,52], 
       [3,6,23,34,41,45,47], 
       [0,1,3,10,16,24,40], 
       [3,17,19,28,32,33,52], 
       [7,9,14,33,40,49,51], 
       [3,4,20,23,33,34,42], 
       [2,11,18,24,25,29,30,46], 
       [6,9,18,20,21,29,30], 
       [0,36,42,43,49,53], 
       [3,14,17,30,31,46,50,54], 
       [1,2,7,15,16,19,28], 
       [0,10,11,16,44], 
       [3,27,32,40,44], 
       [0,2,14,24,29,30,47], 
       [5,12,15,16,23,28,42], 
       [10,17,35,36,41,45,48], 
       [17,20,21,40,42], 
       [3,4,5,28,38,52,53], 
       [13,21,25,30,34,36], 
       [6,8,13,22,26,37,50], 
       [5,18,29,33,48,50], 
       [2,13,24,30,34,43,49], 
       [1,7,10,33,40,41], 
       [1,11,14,16,29,35,46], 
       [7,12,25,29,35,42,48,50]
     ], 
     "times": {
       "BestFusion": 0.04, 
       "FirstFit": 0.03, 
       "GeneticGroup": 51.92, 
       "GeneticStandard": 3.99, 
       "OverloadAndRemove": 0.67, 
       "OverloadAndRemovePresort": 0.64
     }
   }, 
   {
     "approximation": "GeneticGroup [2015-11-06 08:27:45]", 
     "avgMultiplicity": 2.84, 
     "capacity": 15, 
     "category": "gauss", 
     "lowerBound": 4, 
     "pageCount": 6, 
     "pages": [
       [6,8,10,15,17,25,34,35,36,37,38,42,47,51,54], 
       [3,7,11,17,18,19,24,29,33,36,39,43,46,50,51], 
       [0,3,4,10,11,16,22,26,27,31,33,35,44,49,54], 
       [1,6,8,17,20,28,29,30,32,34,35,44,52,53,54], 
       [1,2,13,14,16,20,21,23,24,31,36,38,39,40,43], 
       [0,5,7,9,12,13,14,27,29,32,41,45,46,48,49]
     ], 
     "paginations": [
       [38,31,47,18,37,19,42,10,15,11], 
       [16,34,2,27,50,39,53,13,24], 
       [43,33,1,21,6,30,22,3,0,54,26], 
       [46,51,44,40,52,7,45,23,12,9], 
       [48,5,25,36,8,32,4,41,20], 
       [17,35,29,49,14,28]
     ], 
     "properSymbolCount": 11, 
     "solvers": {
       "BestFusion": 7, 
       "FirstFit": 9, 
       "GeneticGroup": 6, 
       "GeneticStandard": 8, 
       "OverloadAndRemove": 7, 
       "OverloadAndRemovePresort": 7
     }, 
     "symbolCount": 55, 
     "symbols": [0,1,2,3,4,5,6,7,8,9,10,11,12,13,14,15,16,17,18,19,20,21,22,23,24,25,26,27,28,29,30,31,32,33,34,35,36,37,38,39,40,41,42,43,44,45,46,47,48,49,50,51,52,53,54], 
     "tileCount": 55, 
     "tileMaxSize": 6, 
     "tileMinSize": 2, 
     "tiles": [
       [0,35], 
       [3,4,10,16,35,49], 
       [29,33,39], 
       [10,11,26,54], 
       [20,40], 
       [23,24,31,36], 
       [0,11,31], 
       [1,8], 
       [14,31,40], 
       [32,52], 
       [6,10,54], 
       [6,25,38], 
       [6,32,34], 
       [3,24,50], 
       [0,41,48], 
       [8,35,36], 
       [3,19,33], 
       [13,29], 
       [10,15,47,51], 
       [17,34,51], 
       [21,39], 
       [33,44], 
       [0,3,26], 
       [30,34,35], 
       [19,39,46], 
       [1,13], 
       [4,31], 
       [18,46], 
       [32,45,49], 
       [0,13,14,45], 
       [31,44], 
       [35,47], 
       [21,38,43], 
       [26,27], 
       [11,36,50], 
       [12,27,45,46], 
       [1,16,21], 
       [17,37], 
       [6,34,37], 
       [36,46], 
       [8,53], 
       [2,16,20,24,39], 
       [6,35], 
       [4,22,54], 
       [17,52,54], 
       [28,52], 
       [20,44], 
       [36,42,51], 
       [14,31,43], 
       [5,7,9], 
       [7,39,43,51], 
       [29,30,35], 
       [28,30,44], 
       [7,17,18], 
       [22,31]
     ], 
     "times": {
       "BestFusion": 0.05, 
       "FirstFit": 0.02, 
       "GeneticGroup": 35.82, 
       "GeneticStandard": 3.21, 
       "OverloadAndRemove": 0.12, 
       "OverloadAndRemovePresort": 0.12
     }
   }
 ]