[
   {
     "approximation": "OverloadAndRemove [2014-10-28 14:06:44]", 
     "avgMultiplicity": 3.89, 
     "capacity": 15, 
     "category": "gauss", 
     "lowerBound": 4, 
     "pageCount": 11, 
     "pages": [
       [2,5,6,17,18,24,30,36,38,44,46,47,49,50,52], 
       [3,9,17,24,29,30,31,33,35,38,45,48,52,53], 
       [8,10,16,19,21,22,23,26,34,38,44,50,52,54], 
       [0,6,7,9,12,15,26,28,32,34,37,40,42,47,53], 
       [1,7,11,15,20,24,26,31,33,49,50,51,54], 
       [2,25,26,27,30,36,37,38,39,40,43,46,48,50], 
       [4,11,13,23,28,29,32,37,39,40,44,45,47,49,54], 
       [6,12,14,16,21,22,24,29,32,43,48,50,51], 
       [4,5,9,10,11,17,21,30,31,34,35,39,41,49,54], 
       [0,2,3,5,7,12,25,32,34,45,46,47,51,52,54], 
       [0,10,15,16,19,20,23,30,34,38,40,43,46,49]
     ], 
     "paginations": [
       [7,8,15,33], 
       [1,5,12], 
       [22,24,4], 
       [0,26,31,6], 
       [18,20,27], 
       [34,13,9], 
       [21,14,17,10], 
       [23,19,2], 
       [29,11,32], 
       [3,16,25], 
       [30,28]
     ], 
     "properSymbolCount": 5, 
     "solvers": {
       "BestFusion": 14, 
       "FirstFit": 14, 
       "GeneticGroup": 11, 
       "GeneticStandard": 12, 
       "OverloadAndRemove": 11, 
       "OverloadAndRemovePresort": 11
     }, 
     "symbolCount": 55, 
     "symbols": [0,1,2,3,4,5,6,7,8,9,10,11,12,13,14,15,16,17,18,19,20,21,22,23,24,25,26,27,28,29,30,31,32,33,34,35,36,37,38,39,40,41,42,43,44,45,46,47,48,49,50,51,52,53,54], 
     "tileCount": 35, 
     "tileMaxSize": 8, 
     "tileMinSize": 3, 
     "tiles": [
       [0,6,7,12,15,37], 
       [3,29,30,31,33,52,53], 
       [16,21,22,24,32,50], 
       [0,2,5,7,34,51], 
       [8,19,23,34,38,44], 
       [3,9,17,38,48], 
       [28,32,34,40], 
       [5,6,24,36,49], 
       [2,5,18,24,30,49,50,52], 
       [2,26,30,37,46,48,50], 
       [4,13,28,39,45,49], 
       [9,11,21,30,31,49], 
       [9,24,31,35,38,45,53], 
       [25,30,39,40,43,46,50], 
       [11,29,40,47,54], 
       [17,30,36,44,46,47,50], 
       [5,12,25,34,47,52,54], 
       [23,28,32,37,39,40,47], 
       [1,31,49,50,51,54], 
       [6,12,14,21,29,43], 
       [1,7,11,26,33], 
       [11,23,44,45,54], 
       [16,19,21,26,34,44,52], 
       [12,24,43,48,51], 
       [8,10,21,22,26,50,54], 
       [3,5,32,45,46,52], 
       [6,7,12,28,42,47], 
       [1,15,20,24,26,31], 
       [15,16,23,34,38,43], 
       [4,9,21,34,35,41,54], 
       [0,10,19,20,30,40,46,49], 
       [0,9,12,26,34,42,53], 
       [5,10,11,17,31,34,39], 
       [38,44,50], 
       [25,27,36,38,46]
     ], 
     "times": {
       "BestFusion": 0.02, 
       "FirstFit": 0.03, 
       "GeneticGroup": 28.37, 
       "GeneticStandard": 2.9, 
       "OverloadAndRemove": 0.2, 
       "OverloadAndRemovePresort": 0.19
     }
   }, 
   {
     "approximation": "GeneticGroup [2014-10-30 10:12:14]", 
     "avgMultiplicity": 4.07, 
     "capacity": 15, 
     "category": "gauss", 
     "lowerBound": 4, 
     "pageCount": 12, 
     "pages": [
       [3,6,7,12,14,16,17,20,29,31,43,47,49,50,52], 
       [1,2,3,8,9,11,17,23,27,30,36,44,45,48,49], 
       [0,3,5,6,9,16,18,19,30,39,40,41,47,51,53], 
       [1,3,4,9,18,21,28,30,35,37,42,44,45,49], 
       [1,4,5,17,19,20,22,24,29,31,36,44,47,53,54], 
       [4,7,9,10,12,26,27,28,33,38,39,41,45,46,49], 
       [4,11,12,13,16,22,35,37,38,46,51,53], 
       [2,15,17,20,29,30,32,33,37,41,44,48,49,50,54], 
       [5,11,19,26,28,34,35,37,39,40,42,43,46,47,51], 
       [0,4,8,9,12,19,21,22,24,25,26,31,33,36,45], 
       [0,1,10,15,18,24,26,29,33,37,38,45,47,48], 
       [9,10,33,36]
     ], 
     "paginations": [
       [22,21,19,11], 
       [2,4,20], 
       [27,12,33], 
       [14,16], 
       [8,7,28,13], 
       [17,26,34], 
       [0,31], 
       [3,24,30,9], 
       [29,6,25], 
       [15,18,5], 
       [10,1,32], 
       [23]
     ], 
     "properSymbolCount": 5, 
     "solvers": {
       "BestFusion": 13, 
       "FirstFit": 14, 
       "GeneticGroup": 12, 
       "GeneticStandard": 13, 
       "OverloadAndRemove": 12, 
       "OverloadAndRemovePresort": 12
     }, 
     "symbolCount": 55, 
     "symbols": [0,1,2,3,4,5,6,7,8,9,10,11,12,13,14,15,16,17,18,19,20,21,22,23,24,25,26,27,28,29,30,31,32,33,34,35,36,37,38,39,40,41,42,43,44,45,46,47,48,49,50,51,52,53,54], 
     "tileCount": 35, 
     "tileMaxSize": 9, 
     "tileMinSize": 4, 
     "tiles": [
       [4,16,22,37,38,46,51], 
       [10,15,18,29,33,38,48], 
       [1,2,11,36,44], 
       [17,29,32,48,50,54], 
       [3,17,23,27,48,49], 
       [0,8,9,12,26,31,33], 
       [28,35,37,39,40,42], 
       [1,17,19,22,24,36,44], 
       [5,17,31,36,44,54], 
       [17,30,41,44,54], 
       [0,1,18,24,37,47,48], 
       [6,14,17,31,47], 
       [0,5,6,39,41,47], 
       [1,4,20,29,31,47,53], 
       [9,18,21,35,37,42,44,49], 
       [4,19,24,25,45], 
       [1,3,4,18,28,30,45], 
       [4,28,33,39,46,49], 
       [0,4,12,19,21,22,25,33,36], 
       [3,6,7,20,31,50], 
       [8,9,11,27,30,36,45], 
       [3,6,7,12,29,50], 
       [7,16,31,43,49,52], 
       [9,10,33,36], 
       [2,29,30,33,37,49], 
       [5,26,34,42,43,46], 
       [7,10,12,27,38,41,46], 
       [3,5,9,16,19,40,53], 
       [4,5,20,24,44,47], 
       [5,11,19,26,28,34,47,51], 
       [2,15,20,33,37,41], 
       [11,12,13,22,35,46,53], 
       [10,18,26,45], 
       [3,18,19,30,39,41,51,53], 
       [4,9,12,26,39,41,45,49]
     ], 
     "times": {
       "BestFusion": 0.02, 
       "FirstFit": 0.02, 
       "GeneticGroup": 29.92, 
       "GeneticStandard": 2.55, 
       "OverloadAndRemove": 0.21, 
       "OverloadAndRemovePresort": 0.32
     }
   }, 
   {
     "approximation": "GeneticGroup [2014-10-30 10:12:14]", 
     "avgMultiplicity": 4.0, 
     "capacity": 15, 
     "category": "gauss", 
     "lowerBound": 4, 
     "pageCount": 11, 
     "pages": [
       [0,1,2,7,13,14,21,24,28,32,42,43,46,47,51], 
       [2,3,7,10,11,12,22,24,35,36,38,42,48,51,54], 
       [0,4,12,14,16,20,23,24,28,34,35,37,38,46,54], 
       [2,4,7,17,18,24,25,39,42,44,47,50,52,54], 
       [4,5,6,11,20,21,23,31,34,36,38,43,45,47,51], 
       [13,19,20,21,23,24,25,26,28,29,34,40,44,48,52], 
       [0,5,6,9,10,11,26,30,33,34,35,38,40,44,46], 
       [1,7,14,15,17,20,27,30,32,39,44,45,47,49,51], 
       [0,2,9,12,16,17,19,25,30,32,35,38,40,43,45], 
       [10,12,14,21,25,26,37,38,39,41,43,45,50,53,54], 
       [8,9,14,15,16,17,18,19,24,33,41,42,45,48]
     ], 
     "paginations": [
       [24,10,22], 
       [5,32,34,30], 
       [6,12,18], 
       [7,17,20,29], 
       [9,16,23], 
       [11,4,31], 
       [2,26,21], 
       [1,8,13], 
       [25,33,28], 
       [19,15,27], 
       [3,0,14]
     ], 
     "properSymbolCount": 1, 
     "solvers": {
       "BestFusion": 13, 
       "FirstFit": 14, 
       "GeneticGroup": 11, 
       "GeneticStandard": 13, 
       "OverloadAndRemove": 12, 
       "OverloadAndRemovePresort": 12
     }, 
     "symbolCount": 55, 
     "symbols": [0,1,2,3,4,5,6,7,8,9,10,11,12,13,14,15,16,17,18,19,20,21,22,23,24,25,26,27,28,29,30,31,32,33,34,35,36,37,38,39,40,41,42,43,44,45,46,47,48,49,50,51,52,53,54], 
     "tileCount": 35, 
     "tileMaxSize": 8, 
     "tileMinSize": 5, 
     "tiles": [
       [8,17,18,19,45,48], 
       [1,15,27,30,39,49], 
       [0,9,10,30,34,40,46], 
       [14,15,16,33,41,42,45,48], 
       [13,19,20,21,25,28,48,52], 
       [2,3,11,22,35,54], 
       [4,12,16,20,23,24], 
       [2,4,18,39,44,47], 
       [7,14,17,27,32,45,47,51], 
       [4,5,11,23,38,51], 
       [0,13,21,43,51], 
       [19,23,26,29,40,44], 
       [0,4,12,28,34,35,38,46], 
       [1,20,39,44,49], 
       [8,9,14,16,24,41], 
       [10,26,37,45,50], 
       [11,21,34,43,45,47], 
       [4,7,24,39,42,50], 
       [12,14,23,37,46,54], 
       [12,21,26,38,39,53,54], 
       [4,17,18,50,54], 
       [11,26,33,35,38,40], 
       [0,24,28,32,42,43,46,47], 
       [6,20,21,31,34,36], 
       [1,2,7,14,43,46], 
       [2,12,16,30,32,35,40], 
       [5,6,9,11,26,34,44], 
       [14,21,25,41,43,53], 
       [9,19,32,38,43], 
       [18,25,39,42,52,54], 
       [10,12,22,38,48,54], 
       [21,24,28,29,34,44], 
       [7,10,12,42,48,51,54], 
       [0,2,9,17,25,30,45], 
       [3,12,24,35,36]
     ], 
     "times": {
       "BestFusion": 0.02, 
       "FirstFit": 0.02, 
       "GeneticGroup": 28.58, 
       "GeneticStandard": 2.51, 
       "OverloadAndRemove": 0.21, 
       "OverloadAndRemovePresort": 0.22
     }
   }, 
   {
     "approximation": "GeneticGroup [2014-10-30 10:12:14]", 
     "avgMultiplicity": 4.24, 
     "capacity": 15, 
     "category": "gauss", 
     "lowerBound": 4, 
     "pageCount": 12, 
     "pages": [
       [5,7,14,17,19,21,25,26,28,30,33,35,41,45,46], 
       [1,13,16,18,24,25,26,29,34,37,39,43,45,53], 
       [0,1,4,6,11,15,16,19,21,23,39,42,47,48,54], 
       [3,4,11,14,16,20,22,26,27,31,34,41,47,50,53], 
       [2,5,10,16,21,22,29,34,42,43,46,48,50,53,54], 
       [1,5,7,9,11,18,30,33,35,37,38,46,49,52,53], 
       [1,3,5,10,16,20,26,27,30,32,35,36,40,42,52], 
       [1,8,9,12,18,20,21,23,28,38,40,42,45,48,54], 
       [1,4,8,13,17,20,21,32,33,40,41,43,49,50], 
       [7,8,12,13,18,19,20,23,34,37,44,48,51,52], 
       [6,13,17,22,24,25,29,31,34,36,42,44,45,46,54], 
       [2,4,5,6,9,12,13,15,16,24,26,38,45,48,51]
     ], 
     "paginations": [
       [33,24,2], 
       [25,34,4], 
       [16,15,19], 
       [20,10,18], 
       [32,23,7], 
       [27,6,31], 
       [11,14,30], 
       [1,3,0,9], 
       [28,26], 
       [5,21,12], 
       [17,29,13], 
       [22,8]
     ], 
     "properSymbolCount": 1, 
     "solvers": {
       "BestFusion": 16, 
       "FirstFit": 15, 
       "GeneticGroup": 12, 
       "GeneticStandard": 14, 
       "OverloadAndRemove": 13, 
       "OverloadAndRemovePresort": 13
     }, 
     "symbolCount": 55, 
     "symbols": [0,1,2,3,4,5,6,7,8,9,10,11,12,13,14,15,16,17,18,19,20,21,22,23,24,25,26,27,28,29,30,31,32,33,34,35,36,37,38,39,40,41,42,43,44,45,46,47,48,49,50,51,52,53,54], 
     "tileCount": 35, 
     "tileMaxSize": 8, 
     "tileMinSize": 5, 
     "tiles": [
       [8,28,42,48,54], 
       [9,12,18,21,23,38,45], 
       [17,25,26,30,41,46], 
       [1,20,38,40,54], 
       [16,18,24,25,39,45,53], 
       [7,13,19,37,44,48,52], 
       [9,11,35,49,52,53], 
       [2,22,42,48,53,54], 
       [2,13,15,26,38,45,48,51], 
       [1,18,23,28,38], 
       [4,14,20,26,31,34,41,47], 
       [3,10,16,20,27,30,35], 
       [8,12,19,23,37,51,52], 
       [13,17,22,29,31,42,44,54], 
       [1,10,26,32,40,42,52], 
       [0,1,6,16,19,21,54], 
       [4,11,15,16,39,48,54], 
       [17,24,25,29,34,36,46], 
       [14,22,26,34,47,50,53], 
       [15,19,23,39,42,47], 
       [3,11,16,27,31,50], 
       [13,18,20,34,44,51,52], 
       [4,5,6,9,12,13,16,24], 
       [5,16,34,43,50,54], 
       [5,7,14,19,21,25,28], 
       [1,13,16,26,29,34,37], 
       [8,32,40,43,49,50], 
       [1,5,7,18,33,46,53], 
       [1,4,13,17,20,21,33,41], 
       [6,13,22,36,44,45,46], 
       [1,3,5,27,30,32,36], 
       [9,30,37,38,46,52], 
       [10,16,21,29,46,48,53], 
       [17,26,33,35,45], 
       [1,13,37,39,43,45]
     ], 
     "times": {
       "BestFusion": 0.02, 
       "FirstFit": 0.02, 
       "GeneticGroup": 29.31, 
       "GeneticStandard": 2.59, 
       "OverloadAndRemove": 0.23, 
       "OverloadAndRemovePresort": 0.23
     }
   }, 
   {
     "approximation": "GeneticGroup [2014-10-30 10:12:14]", 
     "avgMultiplicity": 4.18, 
     "capacity": 15, 
     "category": "gauss", 
     "lowerBound": 4, 
     "pageCount": 11, 
     "pages": [
       [0,1,3,13,14,15,28,30,35,42,43,47,50,52,53], 
       [2,8,16,21,22,27,28,30,33,38,39,41,45,48,51], 
       [1,2,5,13,14,15,21,24,32,34,35,36,43,47,48], 
       [3,6,8,12,15,18,31,33,35,43,44,45,47,48,54], 
       [0,4,8,12,16,19,26,27,33,37,39,42,44,49,52], 
       [5,13,15,18,23,36,38,42,43,46,48,49,50,51,52], 
       [2,3,4,5,6,8,13,14,21,22,31,39,44,46], 
       [1,7,10,16,20,30,31,32,33,36,38,39,40,44,45], 
       [0,2,9,10,14,15,23,25,29,30,31,38,43,48,52], 
       [4,6,9,13,17,18,20,25,27,29,32,34,35,42,54], 
       [2,5,11,18,19,22,26,28,29,35,40,43,51,52,54]
     ], 
     "paginations": [
       [2,24,21], 
       [16,34,7], 
       [32,29,27,5], 
       [28,14,12], 
       [8,1,17], 
       [18,3,23,19], 
       [13,30,22], 
       [15,25,31], 
       [4,33,20], 
       [9,11,6], 
       [0,10,26]
     ], 
     "properSymbolCount": 7, 
     "solvers": {
       "BestFusion": 15, 
       "FirstFit": 14, 
       "GeneticGroup": 11, 
       "GeneticStandard": 13, 
       "OverloadAndRemove": 12, 
       "OverloadAndRemovePresort": 13
     }, 
     "symbolCount": 55, 
     "symbols": [0,1,2,3,4,5,6,7,8,9,10,11,12,13,14,15,16,17,18,19,20,21,22,23,24,25,26,27,28,29,30,31,32,33,34,35,36,37,38,39,40,41,42,43,44,45,46,47,48,49,50,51,52,53,54], 
     "tileCount": 35, 
     "tileMaxSize": 8, 
     "tileMinSize": 4, 
     "tiles": [
       [11,18,19,28,29,35,40,51], 
       [8,19,26,27,33,49], 
       [1,3,13,15,30,52,53], 
       [13,15,18,42,48,49,51], 
       [9,23,25,30,31,48,52], 
       [1,13,15,21,32,34], 
       [6,13,18,25,27,29], 
       [2,8,21,33], 
       [0,4,19,27,37,42,44], 
       [9,17,25,29,32,34,42,54], 
       [2,5,22,28,35,52,54], 
       [4,20,25,29,34,35,54], 
       [3,8,15,18,33,44,47], 
       [4,6,8,22,31,44,46], 
       [6,15,31,35,48,54], 
       [1,10,16,20,31,44,45], 
       [16,21,28,30,38,39,41,51], 
       [8,12,16,33,39,42,44,52], 
       [5,23,48,49], 
       [5,13,42,43,48,50,51], 
       [2,14,29,38,43], 
       [0,13,15,28,30,35,47,50], 
       [2,3,5,21], 
       [13,15,36,38,46,50,51,52], 
       [3,14,35,42,43,50], 
       [7,10,20,32,36,40,44,45], 
       [2,18,26,43,52,54], 
       [1,2,5,15,34,35,36], 
       [6,12,31,43,45,48,54], 
       [14,21,24,36,43,47], 
       [5,8,13,14,31,39], 
       [30,32,33,38,39,40], 
       [5,15,32,35,36,43,48], 
       [0,10,15,31,43,52], 
       [2,22,27,30,45,48]
     ], 
     "times": {
       "BestFusion": 0.02, 
       "FirstFit": 0.02, 
       "GeneticGroup": 30.06, 
       "GeneticStandard": 2.59, 
       "OverloadAndRemove": 0.22, 
       "OverloadAndRemovePresort": 0.21
     }
   }, 
   {
     "approximation": "OverloadAndRemove [2014-10-28 15:14:21]", 
     "avgMultiplicity": 4.16, 
     "capacity": 15, 
     "category": "gauss", 
     "lowerBound": 4, 
     "pageCount": 12, 
     "pages": [
       [0,7,11,17,27,29,38,40,43,44,50,51,53], 
       [0,1,4,5,7,23,24,33,34,37,39,44,45,51], 
       [2,4,6,14,21,22,26,36,38,41,46,48,49,51], 
       [7,11,13,17,23,27,28,33,37,42,45,47,48,52], 
       [0,11,14,19,28,29,36,40,41,45,49,53], 
       [2,8,12,16,18,19,28,30,40,43,44,48,50,53], 
       [4,8,9,17,21,25,26,28,30,35,37,44,45,46,52], 
       [2,10,19,22,29,31,32,34,37,39,40,44,46,48,49], 
       [12,15,17,18,23,25,28,32,35,38,40,46,50,53,54], 
       [0,1,3,7,8,19,29,32,33,38,39,46,47,48,54], 
       [2,3,4,23,25,29,36,40,43,44,52,54], 
       [0,5,15,18,20,24,25,27,34,35,36,42,48,49,52]
     ], 
     "paginations": [
       [28,17,23], 
       [6,14,27], 
       [15,16,20,34], 
       [2,31,33], 
       [9,24,0], 
       [4,25,21], 
       [26,22,32], 
       [11,10,19], 
       [13,7,5], 
       [8,30,1], 
       [29,12], 
       [18,3]
     ], 
     "properSymbolCount": 3, 
     "solvers": {
       "BestFusion": 14, 
       "FirstFit": 14, 
       "GeneticGroup": 12, 
       "GeneticStandard": 13, 
       "OverloadAndRemove": 12, 
       "OverloadAndRemovePresort": 13
     }, 
     "symbolCount": 55, 
     "symbols": [0,1,2,3,4,5,6,7,8,9,10,11,12,13,14,15,16,17,18,19,20,21,22,23,24,25,26,27,28,29,30,31,32,33,34,35,36,37,38,39,40,41,42,43,44,45,46,47,48,49,50,51,52,53,54], 
     "tileCount": 35, 
     "tileMaxSize": 9, 
     "tileMinSize": 5, 
     "tiles": [
       [0,11,19,36,40,41], 
       [0,3,8,33,38,47,54], 
       [7,13,23,27,37,42,45], 
       [15,24,25,35,36,48,52], 
       [12,16,18,30,43,44,48], 
       [12,15,23,35,38,50,53], 
       [4,5,7,23,24,33,37,39], 
       [12,17,18,23,32,46], 
       [0,1,7,29,33,39,48], 
       [14,28,36,41,53], 
       [2,19,29,31,34,37,46], 
       [22,31,34,39,44,49], 
       [2,4,23,29,40,52,54], 
       [25,28,32,38,40,54], 
       [0,1,24,34,39,44,45], 
       [6,21,26,36,41,49,51], 
       [6,14,21,22,48], 
       [0,11,29,38,43,44,50,51], 
       [0,5,15,18,20,27,34,42,49], 
       [10,32,39,40,48], 
       [2,41,46,48,51], 
       [8,18,28,48,50], 
       [9,21,30,35,45,46], 
       [0,7,27,40,43,51,53], 
       [14,19,29,40,45,49,53], 
       [2,18,19,30,40,44,53], 
       [8,9,21,26,30,37], 
       [4,23,24,39,44,51], 
       [11,17,40,43,53], 
       [3,4,23,25,36,40,43,44], 
       [0,7,19,32,46,48], 
       [13,17,23,45,48,52], 
       [4,8,17,25,28,44,46,52], 
       [11,13,28,33,37,45,47], 
       [2,4,14,38,48,49]
     ], 
     "times": {
       "BestFusion": 0.02, 
       "FirstFit": 0.02, 
       "GeneticGroup": 29.26, 
       "GeneticStandard": 2.6, 
       "OverloadAndRemove": 0.23, 
       "OverloadAndRemovePresort": 0.21
     }
   }
 ]