[
   {
     "approximation": "GeneticGroup [2014-10-29 14:51:07]", 
     "avgMultiplicity": 9.32, 
     "capacity": 15, 
     "category": "gauss", 
     "lowerBound": 2, 
     "pageCount": 4, 
     "pages": [
       [0,2,3,4,10,12,13,14,16,17,19,20,21,22,23], 
       [0,1,3,5,6,7,11,13,15,17,18,21,22,23,24], 
       [1,2,3,4,5,8,9,10,14,15,16,19,22,23,24], 
       [2,6,7,8,9,11,12,16,17,18,19,20,22,23,24]
     ], 
     "paginations": [
       [79,37,25,44,13,24,8,22,77,67,30,3,65,0,49,10,14,43,46,71,64,41,51,68,19], 
       [47,38,69,60,75,27,28,57,48,11,18,6,76,63,29,59,73,20,12,26,74,21,78,56,2,70,15], 
       [23,55,16,7,5,54,1,53,31,52,33,4,42,36,62,40], 
       [9,35,66,58,45,72,39,32,34,61,17,50]
     ], 
     "properSymbolCount": 0, 
     "solvers": {
       "BestFusion": 6, 
       "FirstFit": 6, 
       "GeneticGroup": 4, 
       "GeneticStandard": 5, 
       "OverloadAndRemove": 5, 
       "OverloadAndRemovePresort": 5
     }, 
     "symbolCount": 25, 
     "symbols": [0,1,2,3,4,5,6,7,8,9,10,11,12,13,14,15,16,17,18,19,20,21,22,23,24], 
     "tileCount": 80, 
     "tileMaxSize": 5, 
     "tileMinSize": 2, 
     "tiles": [
       [14,23], 
       [5,9], 
       [1,6,22,24], 
       [0,10,13], 
       [15,19,23], 
       [2,3,5,23], 
       [6,13,15], 
       [1,3,19,23], 
       [4,19], 
       [8,16,17], 
       [13,14,21], 
       [7,24], 
       [6,11], 
       [19,21,23], 
       [10,14,22], 
       [1,7], 
       [5,8,10,16], 
       [8,18], 
       [7,17,22], 
       [3,21,23], 
       [13,24], 
       [3,7,18], 
       [20,21], 
       [3,5,8,15], 
       [3,4,17], 
       [17,19,23], 
       [5,24], 
       [7,13,21], 
       [11,13,23], 
       [0,1,6,15], 
       [12,17], 
       [4,14,15,22], 
       [11,12], 
       [4,9,23], 
       [11,19], 
       [7,19,20], 
       [9,16], 
       [3,12,21,22], 
       [0,7,15], 
       [9,18], 
       [1,5,14], 
       [0,13,20,22], 
       [10,24], 
       [2,20], 
       [2,4,14], 
       [12,22,24], 
       [0,12], 
       [1,21], 
       [6,17,18], 
       [16,17,19], 
       [9,12], 
       [2,10,16,17,21], 
       [1,8,14,24], 
       [1,4,15], 
       [1,8,19,22], 
       [5,10,14], 
       [0,23,24], 
       [21,23,24], 
       [6,9,23], 
       [0,1,17,18], 
       [5,17,18], 
       [20,24], 
       [1,4,9,22], 
       [1,3,24], 
       [0,3,4], 
       [3,14,16,17,21], 
       [2,8,12], 
       [4,17,20], 
       [0,21], 
       [6,7,23], 
       [13,18], 
       [4,16], 
       [8,11], 
       [5,21,22], 
       [18,22,23], 
       [3,22,24], 
       [5,6,7,17], 
       [4,12,21], 
       [11,15,22], 
       [3,14,20]
     ], 
     "times": {
       "BestFusion": 0.1, 
       "FirstFit": 0.09, 
       "GeneticGroup": 66.32, 
       "GeneticStandard": 7.46, 
       "OverloadAndRemove": 0.33, 
       "OverloadAndRemovePresort": 0.36
     }
   }, 
   {
     "approximation": "GeneticGroup [2014-10-29 14:51:07]", 
     "avgMultiplicity": 21.24, 
     "capacity": 15, 
     "category": "gauss", 
     "lowerBound": 2, 
     "pageCount": 14, 
     "pages": [
       [0,1,2,3,4,6,7,8,10,15,16,19,21,22,24], 
       [0,1,2,4,5,7,9,10,14,15,17,18,20,23,24], 
       [1,2,3,5,6,11,12,13,14,15,17,19,21,22,24], 
       [4,6,7,9,10,13,14,15,18,19,20,21,22,23,24], 
       [1,2,3,4,5,7,9,10,11,13,18,19,20,21,22], 
       [0,1,3,7,9,10,11,12,16,18,19,20,22,23,24], 
       [1,2,3,5,7,8,9,13,16,17,18,19,22,23,24], 
       [0,4,5,7,8,9,11,12,13,17,19,21,22,23,24], 
       [0,1,2,3,4,5,6,8,11,14,18,19,20,21,24], 
       [3,4,5,6,8,9,12,13,15,16,17,19,20,21,24], 
       [0,1,2,6,8,10,11,12,13,14,15,18,22,23,24], 
       [3,5,6,7,10,11,12,13,14,15,16,20,22,23,24], 
       [0,1,3,5,6,7,8,9,10,12,13,20,21,24], 
       [2,7,8,9,10,11,13,14,15,16,17,18,21,22]
     ], 
     "paginations": [
       [43,10,69,41,49,33,76,61,58,74,77], 
       [28,40,63,1,78,15,30,36], 
       [34,17,26,44,29,4,3], 
       [13,59,9,35,32,12], 
       [67,46,53,0,38,73], 
       [21,23,52,2,65,31,20], 
       [54,75,64,57], 
       [22,56,68,11,70], 
       [39,62,16,14], 
       [27,51,45,72,50,19], 
       [7,47,71,5,25,60,24], 
       [48,66,55,8], 
       [37,42], 
       [18,6,79]
     ], 
     "properSymbolCount": 0, 
     "solvers": {
       "BestFusion": 20, 
       "FirstFit": 20, 
       "GeneticGroup": 14, 
       "GeneticStandard": 18, 
       "OverloadAndRemove": 16, 
       "OverloadAndRemovePresort": 17
     }, 
     "symbolCount": 25, 
     "symbols": [0,1,2,3,4,5,6,7,8,9,10,11,12,13,14,15,16,17,18,19,20,21,22,23,24], 
     "tileCount": 80, 
     "tileMaxSize": 10, 
     "tileMinSize": 3, 
     "tiles": [
       [2,3,4,7,10,11,18,20,21,22], 
       [2,4,5,7,9,14,15], 
       [0,3,7,10,11,18,22,24], 
       [1,6,14,19,21,24], 
       [1,6,11,19,21,24], 
       [2,8,12,23,24], 
       [2,10,11,13,17,18,22], 
       [1,6,8,12,18,23,24], 
       [3,10,12,14,15,20], 
       [4,10,15,18,20,22], 
       [0,2,4,8,10,22], 
       [0,4,8,9,12,19,21], 
       [6,7,9,14,20,22], 
       [4,7,13,20,21,23], 
       [0,1,5,11,14,19,20], 
       [0,2,9,15,17,18], 
       [0,6,8,18,19,20,21,24], 
       [1,3,6,14,15,24], 
       [8,9,10,13,16,17,22], 
       [8,12,16,19,20], 
       [3,9,11,20,23,24], 
       [3,10,12,16,18,20,22,23,24], 
       [5,7,11,12,17,21,22,23], 
       [3,7,10,12,22,24], 
       [0,6,11,15,23,24], 
       [0,8,12,14,15,22,23], 
       [3,11,12,15,17,21], 
       [5,6,12,13,15,19,20], 
       [1,10,15,17,23,24], 
       [5,6,14,17,21,24], 
       [1,4,9,10,24], 
       [3,10,11,18,19,22,23], 
       [9,10,14,19,20,22,23,24], 
       [2,3,4,8,19,21,22], 
       [2,5,17,19,21,24], 
       [4,9,20,21,24], 
       [5,14,17,18,20], 
       [1,6,8,10,12,13,20,21], 
       [3,5,10,18,20], 
       [1,2,4,5,6,14,18], 
       [2,20,24], 
       [0,4,6,10,24], 
       [0,3,5,7,8,9,12,24], 
       [0,1,2,3,8,10,16,19], 
       [1,13,14,17,19,22,24], 
       [12,13,16,19,24], 
       [3,4,5,9,20], 
       [2,10,12,13,14,18,23], 
       [3,5,7,12,15,16,20,24], 
       [0,3,6,8,16,22], 
       [3,4,8,15,17,19,20], 
       [5,12,15,16,17,20,21], 
       [1,7,11,16,19,22,24], 
       [2,3,4,5,13,19,22], 
       [1,2,3,8,16,17,18,22,24], 
       [7,11,13,14,16,20,23], 
       [0,8,11,13,17,19,21,24], 
       [1,2,9,13,16,19,23], 
       [0,1,6,7,10,16,22], 
       [6,7,13,14,15,18,21,24], 
       [2,8,10,11,14,15], 
       [2,3,16,19,22,24], 
       [0,1,2,3,4,8,18], 
       [0,7,10,15,17,18,23], 
       [2,7,16,17,22,23,24], 
       [0,1,9,10,11,18,22,24], 
       [3,6,7,11,12,13,14,22], 
       [3,5,7,10,11,13,18,19,22], 
       [0,4,7,8,17,21,23,24], 
       [3,6,7,15,16], 
       [4,5,9,11,13,24], 
       [0,11,14,15], 
       [3,4,6,9,16,20,21], 
       [1,3,4,7,9,10,18,19,20,22], 
       [6,7,19,21,24], 
       [1,2,5,7,13,18,24], 
       [3,4,16,21,22], 
       [0,2,6,8,15,21,24], 
       [0,2,7,9,20], 
       [7,8,14,15,16,21]
     ], 
     "times": {
       "BestFusion": 0.06, 
       "FirstFit": 0.05, 
       "GeneticGroup": 78.95, 
       "GeneticStandard": 6.51, 
       "OverloadAndRemove": 0.97, 
       "OverloadAndRemovePresort": 0.87
     }
   }, 
   {
     "approximation": "GeneticGroup [2014-10-29 14:51:07]", 
     "avgMultiplicity": 33.28, 
     "capacity": 15, 
     "category": "gauss", 
     "lowerBound": 2, 
     "pageCount": 35, 
     "pages": [
       [0,3,5,6,7,8,10,13,15,17,18,21,22,23,24], 
       [1,4,6,7,8,9,10,11,16,17,18,20,22,23,24], 
       [0,2,3,5,6,7,10,14,16,18,19,20,22,23,24], 
       [3,4,5,6,9,10,11,14,15,17,18,19,21,22,23], 
       [0,1,2,4,5,7,8,9,12,15,16,18,20,21,23], 
       [2,3,6,7,8,10,11,12,15,16,18,19,21,22], 
       [1,2,4,5,6,7,8,9,16,17,18,19,22,23,24], 
       [0,2,4,6,10,11,12,16,17,19,20,21,22,24], 
       [0,1,2,4,5,6,7,8,9,12,14,16,17,22,23], 
       [0,1,2,3,4,5,6,7,8,9,11,13,15,19,22], 
       [0,1,2,3,4,5,6,7,10,11,15,16,21,22,23], 
       [0,2,3,5,9,11,12,13,15,16,20,21,22,23,24], 
       [0,1,3,5,6,8,11,12,14,15,18,19,20,23,24], 
       [1,2,3,4,5,9,10,12,16,18,19,20,21,22,24], 
       [0,1,3,4,5,8,9,10,15,16,17,20,22,23,24], 
       [1,2,3,4,6,8,10,11,12,13,14,19,20,21,23], 
       [0,1,3,4,6,7,9,13,15,16,18,19,21,23,24], 
       [0,3,4,5,7,8,9,10,11,13,14,15,16,20,22], 
       [0,3,5,6,13,14,15,16,18,19,20,21,22,23,24], 
       [0,1,2,3,5,6,9,10,11,14,15,20,21,23,24], 
       [0,1,2,7,10,11,12,13,14,17,18,19,21,22,24], 
       [3,4,5,6,7,10,12,15,16,17,18,19,20,21,24], 
       [0,2,3,5,6,8,9,10,11,16,17,18,19,22,23], 
       [0,2,5,6,7,10,13,15,16,17,18,19,21,22,23], 
       [1,2,4,7,8,10,11,14,15,18,19,20,21,22,24], 
       [3,4,5,7,12,13,14,19,20,21,22,23], 
       [0,5,7,8,9,11,12,14,15,17,18,21,22,23,24], 
       [1,2,6,8,10,11,12,13,14,15,17,18,21,23,24], 
       [1,2,3,4,6,9,12,13,14,15,16,18,20,23,24], 
       [0,2,4,7,8,10,13,14,15,18,19,20,21,22,23], 
       [0,1,3,5,7,9,12,13,14,15,16,19,22,24], 
       [1,3,8,9,10,11,12,13,14,15,16,18,19,20,21], 
       [0,1,3,4,6,7,8,10,11,12,14,15,17,18,24], 
       [2,3,6,8,10,11,12,13,14,16,17,18,21,22,23], 
       [1,3,8,11,14,16,17,19,21]
     ], 
     "paginations": [
       [5,46,79,1,70], 
       [39,41,6], 
       [30,0,28], 
       [75,34], 
       [26,59], 
       [69,12], 
       [58,37,9], 
       [23,67], 
       [7,65], 
       [42,17], 
       [3,44,8], 
       [32,19], 
       [48,13,53], 
       [4,74], 
       [40,14,47], 
       [76,57], 
       [62,33], 
       [68,60], 
       [25,22], 
       [10,24,16], 
       [29,31], 
       [38,63,73], 
       [66,52], 
       [35,45], 
       [61,64], 
       [21], 
       [49,72,27], 
       [51,20], 
       [18,15], 
       [71,2], 
       [54,78], 
       [11,36], 
       [43,56], 
       [77,55], 
       [50]
     ], 
     "properSymbolCount": 0, 
     "solvers": {
       "BestFusion": 42, 
       "FirstFit": 42, 
       "GeneticGroup": 35, 
       "GeneticStandard": 39, 
       "OverloadAndRemove": 42, 
       "OverloadAndRemovePresort": 41
     }, 
     "symbolCount": 25, 
     "symbols": [0,1,2,3,4,5,6,7,8,9,10,11,12,13,14,15,16,17,18,19,20,21,22,23,24], 
     "tileCount": 80, 
     "tileMaxSize": 13, 
     "tileMinSize": 8, 
     "tiles": [
       [0,2,3,5,10,14,16,20,22,23,24], 
       [6,7,8,13,17,18,21,22], 
       [2,7,8,10,13,15,18,19,20,21,23], 
       [0,1,2,3,4,6,15,16,21,22,23], 
       [1,2,3,5,9,10,18,20,21,22,24], 
       [3,5,7,8,10,13,18,24], 
       [1,4,7,8,11,16,18,20,22,23], 
       [0,1,2,4,5,6,7,9,12,14,16,17,22], 
       [0,1,3,4,7,10,11,15,16,22,23], 
       [1,4,5,6,16,17,19,22], 
       [0,2,3,6,9,10,14,15,21,23,24], 
       [1,3,9,10,11,13,15,18,19,21], 
       [2,3,6,7,8,12,15,16,18,22], 
       [0,1,3,6,8,14,18,20,23], 
       [0,4,5,9,10,15,17,20,22,23], 
       [1,2,4,6,9,12,14,16,18,20,23], 
       [1,2,3,6,9,11,14,21,23,24], 
       [0,2,3,4,5,6,7,8,9,13,15,22], 
       [2,3,4,12,13,14,15,16,18,24], 
       [0,2,3,5,12,13,16,20,22,24], 
       [1,2,10,13,14,15,17,18,21,23,24], 
       [3,4,5,7,12,13,14,19,20,21,22,23], 
       [0,13,15,16,18,19,20,21,22,23], 
       [0,2,4,10,11,12,16,17,19,20,21,22,24], 
       [1,3,5,6,9,10,11,20,21,24], 
       [3,5,6,14,15,16,19,20,21,22,24], 
       [0,1,2,4,5,7,8,9,16,20,21,23], 
       [7,8,9,11,12,18,21,22,24], 
       [0,2,6,7,14,16,18,19,20], 
       [2,7,11,12,13,14,17,19,21,22,24], 
       [0,3,5,7,10,18,19,20,22,23,24], 
       [0,1,2,10,11,12,14,18,19,22], 
       [2,3,5,9,11,12,15,16,21,22,23,24], 
       [0,3,4,6,9,13,15,18,19,21,24], 
       [3,6,10,11,14,15,18,19,22,23], 
       [0,2,6,7,13,15,16,17,18,19,21,22,23], 
       [1,3,8,9,10,11,12,13,14,16,20,21], 
       [1,2,4,5,6,16,17,19,23,24], 
       [3,4,5,12,15,16,17,18,20,24], 
       [1,6,7,8,10,20,23,24], 
       [0,1,3,5,8,9,10,16,22,24], 
       [1,4,6,7,8,9,10,17,20,22,24], 
       [0,1,3,4,6,7,9,11,13,19,22], 
       [0,1,3,4,6,7,8,11,14,17,18,24], 
       [0,3,4,5,6,10,11,16,21,22], 
       [0,2,5,6,7,10,13,16,18,19,23], 
       [0,3,7,8,10,13,15,17], 
       [1,3,4,8,9,15,20,22,23], 
       [6,8,11,12,14,15,19,20,23], 
       [5,8,11,12,14,15,17,18,21,22,23], 
       [1,3,8,11,14,16,17,19,21], 
       [1,2,6,8,11,12,14,15,17,23,24], 
       [2,3,5,6,10,16,17,18,19,22], 
       [0,5,11,12,14,15,18,20,24], 
       [0,1,3,9,12,13,14,15,16,22], 
       [2,3,6,10,11,13,17,21,22,23], 
       [1,3,4,7,8,10,11,12,15,24], 
       [2,3,4,6,8,10,12,13,14,19,20,21], 
       [1,2,4,5,7,8,9,17,18,22,24], 
       [0,1,2,5,8,12,15,16,18,20,21], 
       [4,5,9,10,11,14,15,16,20,22], 
       [1,4,7,11,14,15,18,19,20,21,22,24], 
       [0,1,4,7,13,16,18,19,21,23,24], 
       [3,4,6,7,10,12,16,17,20,24], 
       [1,2,4,7,8,10,11,15,20,22,24], 
       [0,1,2,4,6,8,9,14,16,17,23], 
       [0,2,5,6,8,9,10,11,22,23], 
       [2,4,6,10,11,12,20,21], 
       [0,3,5,7,8,9,10,11,13,15,16], 
       [2,3,6,8,10,11,12,15,16,18,19,21], 
       [0,3,6,7,8,10,17,18,23], 
       [0,2,4,8,10,13,14,18,19,22,23], 
       [0,5,7,8,9,12,14,15,18,22,24], 
       [4,7,12,15,16,18,19,21,24], 
       [1,2,3,4,5,9,10,12,16,19,20,21], 
       [3,4,5,9,14,15,17,18,21,22], 
       [1,2,3,4,10,11,13,14,19,21,23], 
       [2,3,8,11,12,13,14,16,18,21], 
       [1,3,5,7,12,14,15,16,19,24], 
       [5,6,7,13,17,21,22,24]
     ], 
     "times": {
       "BestFusion": 0.06, 
       "FirstFit": 0.05, 
       "GeneticGroup": 93.86, 
       "GeneticStandard": 7.66, 
       "OverloadAndRemove": 1.94, 
       "OverloadAndRemovePresort": 2.06
     }
   }, 
   {
     "approximation": "GeneticGroup [2014-10-29 14:51:07]", 
     "avgMultiplicity": 9.04, 
     "capacity": 15, 
     "category": "gauss", 
     "lowerBound": 2, 
     "pageCount": 4, 
     "pages": [
       [0,1,2,3,4,8,12,13,14,15,16,18,19,20,21], 
       [1,2,4,6,7,8,10,11,13,15,17,18,22,23,24], 
       [0,5,6,7,8,9,10,13,16,17,19,20,21,22,23], 
       [1,3,5,9,12,14,15,16,17,18,19,20,21,23,24]
     ], 
     "paginations": [
       [46,4,2,33,8,52,10,5,54,34,75,71,61,31,28,74,13,11,50,26,39,36,66,0,32,67,76,47,65], 
       [49,57,43,20,59,41,64,24,1,22,35,68,55,72,30,70,23,16,53,15,77,63], 
       [56,37,62,69,60,48,29,40,42,17,9,14,7,19,38,6,18,44], 
       [25,73,21,45,58,78,27,3,79,12,51]
     ], 
     "properSymbolCount": 0, 
     "solvers": {
       "BestFusion": 6, 
       "FirstFit": 6, 
       "GeneticGroup": 4, 
       "GeneticStandard": 5, 
       "OverloadAndRemove": 5, 
       "OverloadAndRemovePresort": 5
     }, 
     "symbolCount": 25, 
     "symbols": [0,1,2,3,4,5,6,7,8,9,10,11,12,13,14,15,16,17,18,19,20,21,22,23,24], 
     "tileCount": 80, 
     "tileMaxSize": 4, 
     "tileMinSize": 2, 
     "tiles": [
       [3,18], 
       [1,17,18], 
       [16,21], 
       [3,9,20], 
       [0,16], 
       [1,2,14], 
       [0,7,22], 
       [6,20,23], 
       [2,13,20], 
       [0,6,19], 
       [14,18], 
       [2,3,4], 
       [3,17], 
       [3,19], 
       [0,10], 
       [8,13,24], 
       [23,24], 
       [6,17,19], 
       [8,9,13], 
       [0,6,22], 
       [2,11,23], 
       [9,17,18], 
       [2,6,13], 
       [4,7,13], 
       [6,8,10,15], 
       [1,12,17,23], 
       [14,16], 
       [14,19,23], 
       [0,4,12], 
       [13,20,23], 
       [4,7,17], 
       [13,15], 
       [2,12,20], 
       [8,13,20], 
       [0,18,20], 
       [18,22], 
       [4,15], 
       [13,17,20], 
       [8,10,13,21], 
       [2,12,18], 
       [8,9,21], 
       [1,4,10,24], 
       [5,21,22,23], 
       [22,24], 
       [9,16], 
       [3,15,23], 
       [8,12,16], 
       [13,18,19], 
       [0,5,20], 
       [7,13,24], 
       [0,3,4], 
       [5,14], 
       [1,3,13], 
       [1,11,18], 
       [2,14,15], 
       [6,24], 
       [5,7,16,17], 
       [10,15,22], 
       [12,14,23], 
       [4,10,23], 
       [7,16,20,23], 
       [8,13,18], 
       [0,6,20], 
       [6,17,23], 
       [1,8,17], 
       [2,21], 
       [20,21], 
       [1,14,21], 
       [1,6], 
       [5,17,22], 
       [15,24], 
       [2,16,18], 
       [8,11,22], 
       [5,16,17,18], 
       [12,18,19], 
       [8,14,20], 
       [8,13,19], 
       [6,18], 
       [12,21,24], 
       [14,24]
     ], 
     "times": {
       "BestFusion": 0.11, 
       "FirstFit": 0.06, 
       "GeneticGroup": 65.73, 
       "GeneticStandard": 7.5, 
       "OverloadAndRemove": 0.43, 
       "OverloadAndRemovePresort": 0.34
     }
   }, 
   {
     "approximation": "GeneticGroup [2015-11-05 17:31:31]", 
     "avgMultiplicity": 21.24, 
     "capacity": 15, 
     "category": "gauss", 
     "lowerBound": 2, 
     "pageCount": 13, 
     "pages": [
       [0,1,2,6,8,10,11,13,14,16,17,18,19,21,24], 
       [0,2,4,5,9,10,12,15,16,18,19,20,21,23,24], 
       [0,2,4,6,10,11,12,13,14,16,17,19,21,22,23], 
       [1,2,3,4,6,7,9,11,12,13,17,21,22,23,24], 
       [0,1,2,3,4,6,7,8,10,13,14,15,16,22,23], 
       [0,2,6,7,8,9,11,15,16,19,20,21,22,23,24], 
       [0,3,4,5,6,7,8,9,10,11,15,18,22,23,24], 
       [0,3,4,5,6,7,8,9,10,11,12,14,15,19,20], 
       [0,1,5,6,8,9,10,13,14,16,17,18,20,22,24], 
       [0,1,3,4,5,8,9,12,13,14,17,18,19,21,24], 
       [0,2,3,5,7,8,11,13,15,17,18,20,21,22,24], 
       [1,2,3,5,7,8,9,10,12,13,15,18,20,23,24], 
       [1,2,3,4,5,6,8,11,14,15,17,18,19,20,23]
     ], 
     "paginations": [
       [65,43,21,78,14,56,71], 
       [68,77,74,57,59,44,42,46], 
       [61,12,53,64,0], 
       [1,3,72,52,31,58,50,23], 
       [33,29,55,37,17,40,7], 
       [30,11,39,60], 
       [25,69,13,20,19,27], 
       [51,49,62,16,18,41], 
       [66,79,6,76,73], 
       [5,34,15,54,47,35,38], 
       [36,22,2,32,67,70,8], 
       [4,9,63,28,48], 
       [45,26,10,75,24]
     ], 
     "properSymbolCount": 0, 
     "solvers": {
       "BestFusion": 18, 
       "FirstFit": 21, 
       "GeneticGroup": 13, 
       "GeneticStandard": 19, 
       "OverloadAndRemove": 16, 
       "OverloadAndRemovePresort": 16
     }, 
     "symbolCount": 25, 
     "symbols": [0,1,2,3,4,5,6,7,8,9,10,11,12,13,14,15,16,17,18,19,20,21,22,23,24], 
     "tileCount": 80, 
     "tileMaxSize": 9, 
     "tileMinSize": 5, 
     "tiles": [
       [0,4,10,13,19,21], 
       [2,6,7,9,17,22], 
       [0,3,5,20,21,22,24], 
       [6,9,13,17,22,23], 
       [3,10,12,13,18,20], 
       [4,8,9,12,19,24], 
       [0,5,6,13,20,24], 
       [0,1,2,4,6,10,14,16], 
       [2,3,7,20,24], 
       [5,7,10,12,18,20,23,24], 
       [1,4,8,11,14,18], 
       [0,2,8,9,15,16,20,24], 
       [0,6,10,11,12,14,21], 
       [3,4,6,11,15,18,22,24], 
       [6,8,11,16,17,19,24], 
       [1,5,12,13,14,21,24], 
       [4,7,8,9,10,19,20], 
       [0,1,2,3,13,15,23], 
       [3,6,9,10,11,19,20], 
       [3,7,8,9,10,11,15], 
       [0,4,8,9,22,24], 
       [2,6,11,13,14,19], 
       [3,11,15,17,18,24], 
       [1,2,4,6,7,11,21], 
       [1,5,11,14,20], 
       [0,3,10,18,22,23,24], 
       [1,4,8,11,15,17], 
       [0,3,7,8,15,18], 
       [1,3,7,9,10,15,20], 
       [0,1,4,13,15,16,22], 
       [0,2,6,7,9,16,21,22], 
       [1,3,6,9,11,17,21], 
       [0,5,7,11,13,15,17,18], 
       [0,1,7,8,10,13,15], 
       [0,1,3,4,8,12,18,21], 
       [3,5,8,13,19,24], 
       [13,15,18,20,21,22,24], 
       [1,4,8,14,22,23], 
       [3,4,9,12,13,14,17,21], 
       [7,11,16,19,20,21,23], 
       [0,7,8,10,16,22], 
       [4,5,6,15,20], 
       [2,4,9,10,15,16,18,19], 
       [0,8,13,16,17,18,19,21], 
       [0,4,10,20,21,24], 
       [2,3,5,11,14,19,23], 
       [0,2,5,10,12,19,21], 
       [0,3,5,9,12,14,19,21,24], 
       [2,3,9,10,12,13,23], 
       [3,5,7,9,12,14], 
       [1,2,17,21,22,24], 
       [0,5,6,8,19,20], 
       [3,4,7,9,21,23,24], 
       [10,12,14,21,22], 
       [0,3,8,9,12,13], 
       [4,7,10,14,23], 
       [1,2,11,16,19,21], 
       [2,10,12,15,20,21], 
       [1,6,12,13,21,22,24], 
       [2,9,15,16,20,23], 
       [0,6,8,15,19,22], 
       [2,6,12,14,16,17,21,23], 
       [4,9,10,11,12,14,19,20], 
       [1,5,7,8,12,15,18,20], 
       [2,10,12,14,16,17,19,22], 
       [1,2,13,14,16,19], 
       [1,6,10,14,20,22,24], 
       [0,8,17,20,21,22], 
       [10,16,18,23,24], 
       [0,3,5,8,9,11,23], 
       [0,2,3,8,13,20,22], 
       [0,10,18,19,24], 
       [6,7,11,12,24], 
       [5,6,14,16,17,18], 
       [4,10,12,16,18,19,20,23], 
       [6,17,18,19,20,23], 
       [0,1,5,13,16,18,22], 
       [2,4,5,12,15,19], 
       [1,6,10,16,17,18,21], 
       [8,9,10,14,16,20]
     ], 
     "times": {
       "BestFusion": 0.15, 
       "FirstFit": 0.05, 
       "GeneticGroup": 75.2, 
       "GeneticStandard": 6.4, 
       "OverloadAndRemove": 1.03, 
       "OverloadAndRemovePresort": 0.93
     }
   }, 
   {
     "approximation": "GeneticGroup [2014-10-29 14:51:07]", 
     "avgMultiplicity": 33.64, 
     "capacity": 15, 
     "category": "gauss", 
     "lowerBound": 2, 
     "pageCount": 33, 
     "pages": [
       [0,2,3,4,5,6,9,11,13,15,16,20,21,22,23], 
       [2,3,4,5,7,10,13,15,16,17,18,21,22,23,24], 
       [0,3,7,8,10,11,12,13,15,16,17,18,22,23,24], 
       [2,4,6,7,8,9,12,13,15,16,17,18,19,22,23], 
       [0,1,3,4,9,10,13,14,16,17,18,19,21,23,24], 
       [0,1,2,3,6,10,12,13,15,16,19,20,21,22,24], 
       [0,1,2,5,6,8,9,10,12,16,17,18,19,21,22], 
       [0,2,3,4,5,6,8,9,11,13,14,17,23,24], 
       [1,2,3,4,7,8,11,12,17,18,19,20,21,22,24], 
       [1,2,4,6,8,11,12,16,17,18,19,20,22,23,24], 
       [0,3,4,7,9,10,11,12,13,14,16,18,21,22], 
       [0,1,2,3,4,5,11,12,13,18,20,21,22,23,24], 
       [0,3,5,6,7,8,9,10,14,15,16,18,20,21,24], 
       [2,4,5,6,11,12,13,14,15,17,19,20,21,22,23], 
       [0,1,5,8,9,11,12,13,14,15,18,20,21,22,24], 
       [2,3,4,5,6,7,10,11,12,14,15,17,21,22,24], 
       [0,1,4,6,7,8,9,10,12,17,18,19,20,22,23], 
       [0,2,3,6,8,10,12,14,15,17,18,20,22,23,24], 
       [0,2,4,7,8,10,11,12,13,14,15,16,17,18,21], 
       [0,1,4,8,9,10,11,12,14,16,18,19,20,24], 
       [0,1,2,3,7,10,11,13,14,17,18,21,22,23], 
       [1,2,4,5,7,10,11,12,14,16,17,20,21,23,24], 
       [0,1,6,7,8,10,11,13,14,17,18,19,21,22,24], 
       [0,1,2,3,4,5,7,8,10,12,13,14,18,23,24], 
       [1,3,5,7,9,10,12,13,16,17,20,21,22,23,24], 
       [3,4,5,6,7,9,12,15,16,17,19,20,22,23,24], 
       [0,1,3,4,5,10,12,15,17,18,19,20,21,22,23], 
       [0,2,3,4,5,7,10,11,12,17,18,19,22,23,24], 
       [1,2,3,4,8,9,10,11,12,13,14,17,20,23,24], 
       [0,2,5,6,7,9,10,11,15,17,20,21,22,23], 
       [1,2,3,5,6,7,8,11,12,13,17,18,19,20], 
       [2,3,4,5,7,8,9,13,14,16,18,19,22,23,24], 
       [2,3,7,8,10,12,13,14,15,18,19,20,21,22,23]
     ], 
     "paginations": [
       [77,46], 
       [36,49,17], 
       [1,27,42], 
       [20,73], 
       [22,65], 
       [16,61], 
       [50,51,45], 
       [76,66], 
       [3,48], 
       [15,29], 
       [24,74], 
       [34,78], 
       [40,44], 
       [8,33,70], 
       [5,59], 
       [43,39], 
       [53,52,55], 
       [19,7], 
       [13,63,72], 
       [69,26], 
       [25,71], 
       [75,28,41], 
       [6,9], 
       [18,32], 
       [21,10,23], 
       [35,47,11], 
       [79,37,68], 
       [58,62,4], 
       [38,67], 
       [30,14], 
       [64,60,54], 
       [56,0,2], 
       [12,57,31]
     ], 
     "properSymbolCount": 0, 
     "solvers": {
       "BestFusion": 40, 
       "FirstFit": 38, 
       "GeneticGroup": 33, 
       "GeneticStandard": 37, 
       "OverloadAndRemove": 38, 
       "OverloadAndRemovePresort": 38
     }, 
     "symbolCount": 25, 
     "symbols": [0,1,2,3,4,5,6,7,8,9,10,11,12,13,14,15,16,17,18,19,20,21,22,23,24], 
     "tileCount": 80, 
     "tileMaxSize": 13, 
     "tileMinSize": 8, 
     "tiles": [
       [2,3,4,5,7,8,13,16,18,19,23,24], 
       [0,3,7,10,11,15,16,17,18,24], 
       [2,3,5,7,8,9,13,14,19,22,23], 
       [2,3,4,7,8,11,18,20,21,22,24], 
       [0,4,5,7,10,12,18,19,22,24], 
       [0,1,5,8,9,11,13,15,18,20,21,24], 
       [0,1,6,7,10,11,13,14,18,19,22,24], 
       [3,6,12,14,15,17,18,20,22,23,24], 
       [2,4,5,11,12,13,14,15,17,19,20], 
       [1,6,7,8,10,11,13,17,21,22], 
       [1,5,7,9,12,13,17,20,21,22,23], 
       [3,4,5,6,7,9,16,17,19,24], 
       [2,3,10,12,13,18,19,20,21,23], 
       [0,2,4,7,8,11,12,15,17,21], 
       [2,5,6,7,11,15,17,20,21,22,23], 
       [1,2,4,6,8,11,12,16,18,19,22,23], 
       [0,2,3,10,12,13,15,16,20,21,22,24], 
       [3,4,7,13,15,16,18,21,24], 
       [0,1,2,3,4,5,10,13,14,23,24], 
       [0,2,3,8,10,14,15,17,20,22,23,24], 
       [2,4,6,7,8,9,15,16,17,19,22,23], 
       [1,3,7,9,10,13,16,21,22,24], 
       [0,3,4,9,13,14,16,18,19,23,24], 
       [1,5,7,10,13,20,21,22,23,24], 
       [0,3,9,10,11,13,14,16,18,21], 
       [0,1,3,10,11,14,17,21,22,23], 
       [0,1,8,9,10,11,14,16,19,20,24], 
       [3,8,10,11,13,15,16,17,23], 
       [1,2,5,7,14,21,23,24], 
       [1,8,11,16,17,18,19,20,22,24], 
       [0,2,5,6,7,9,10,11,15,21,22,23], 
       [2,7,8,10,15,18,19,20,21,22], 
       [0,1,2,3,4,7,8,10,12,13,18,24], 
       [4,5,6,11,12,15,19,22,23], 
       [2,3,4,5,11,12,18,20,21,22,24], 
       [3,5,9,12,15,16,17,19,20,24], 
       [2,3,4,5,7,13,15,21,22,23,24], 
       [3,4,5,15,18,20,21,22,23], 
       [1,2,3,4,8,9,12,13,14,17,20,24], 
       [2,6,7,10,11,12,14,15,17,21,22,24], 
       [0,3,5,7,9,10,16,18,20,24], 
       [1,4,7,10,11,12,16,17,20,21,23,24], 
       [0,3,7,8,10,11,12,13,15,17,18,22], 
       [2,3,4,5,6,7,12,14,15,17,21], 
       [5,6,7,8,9,10,14,15,16,18,21,24], 
       [0,5,8,9,10,12,17,18,19,21,22], 
       [4,5,9,13,15,16,20,21,22,23], 
       [3,4,5,6,15,16,20,22,23,24], 
       [1,3,8,11,12,17,18,19,20,21,24], 
       [2,7,10,13,16,17,21,22,24], 
       [0,2,6,9,12,16,17,18,21], 
       [1,2,5,6,8,9,10,17,18], 
       [0,4,6,10,17,19,22,23], 
       [0,1,4,6,8,9,10,12,17,20,23], 
       [2,5,7,8,11,13,18,19,20], 
       [7,8,9,10,12,18,19,20,22,23], 
       [2,3,4,5,7,8,13,14,18,19,24], 
       [3,8,10,12,13,14,15,20,22,23], 
       [0,2,4,5,7,10,11,12,18,19,23,24], 
       [5,9,11,12,13,14,15,18,21,22,24], 
       [1,2,3,5,7,13,17,18,19,20], 
       [1,2,6,10,15,16,19,20,21,22], 
       [0,2,3,4,5,7,11,17,18,22,23], 
       [2,8,11,12,13,16,17,18,21], 
       [1,2,3,5,6,8,11,12,13,17,18], 
       [1,9,10,13,14,16,17,18,19,21,24], 
       [0,2,3,6,9,11,13,14,23,24], 
       [1,2,3,8,10,11,12,13,14,20,23], 
       [0,1,4,10,12,18,20,21,22], 
       [1,4,8,9,10,12,14,18,19,20,24], 
       [2,4,5,6,11,12,13,14,17,20,21,22,23], 
       [2,7,11,13,14,18,21,22,23], 
       [0,4,7,8,10,12,13,14,16,17,18], 
       [2,7,8,12,13,15,16,18,19,22], 
       [0,4,7,9,10,11,12,16,18,21,22], 
       [1,4,5,7,10,11,14,16,20,23], 
       [0,3,4,5,8,9,11,13,17,24], 
       [0,2,3,6,9,11,13,15,16], 
       [0,1,2,4,11,13,18,21,23,24], 
       [0,1,3,4,5,12,17,18,19,20]
     ], 
     "times": {
       "BestFusion": 0.07, 
       "FirstFit": 0.05, 
       "GeneticGroup": 95.61, 
       "GeneticStandard": 7.5, 
       "OverloadAndRemove": 1.87, 
       "OverloadAndRemovePresort": 2.08
     }
   }
 ]