[
   {
     "approximation": "GeneticGroup [2014-10-29 23:52:06]", 
     "avgMultiplicity": 5.64, 
     "capacity": 15, 
     "category": "gauss", 
     "lowerBound": 3, 
     "pageCount": 8, 
     "pages": [
       [1,3,5,10,11,14,20,22,24,25,26,30,32,35,40], 
       [1,2,6,7,11,13,16,19,21,23,25,32,34,42,44], 
       [0,2,7,9,12,14,17,20,22,24,31,33,39,41,42], 
       [0,9,10,17,18,22,25,27,29,30,33,35,38,39,41], 
       [0,4,10,11,12,19,23,26,29,30,34,36,37,40,41], 
       [1,4,5,12,13,15,19,22,26,27,28,31,33,36,41], 
       [3,8,11,13,14,19,21,27,31,34,35,36,37,39], 
       [6,10,16,28,29,30,33,43]
     ], 
     "paginations": [
       [59,82,9,45,14,5,78,57,33,44,85], 
       [53,54,27,38,22,2,64,67,1,80,49,26,76,81,30,11], 
       [21,25,6,72,43,74,18,3,68,73,55], 
       [70,16,87,17,41,4,86,75,12,20,62,50,52,0], 
       [35,23,34,31,89,77,32,79,88,63,39,65,58,61], 
       [29,83,48,66,36,40,69,56,37,13,71], 
       [51,42,28,60,24,15,46,47,10], 
       [19,8,7,84]
     ], 
     "properSymbolCount": 1, 
     "solvers": {
       "BestFusion": 9, 
       "FirstFit": 12, 
       "GeneticGroup": 8, 
       "GeneticStandard": 10, 
       "OverloadAndRemove": 9, 
       "OverloadAndRemovePresort": 9
     }, 
     "symbolCount": 45, 
     "symbols": [0,1,2,3,4,5,6,7,8,9,10,11,12,13,14,15,16,17,18,19,20,21,22,23,24,25,26,27,28,29,30,31,32,33,34,35,36,37,38,39,40,41,42,43,44], 
     "tileCount": 90, 
     "tileMaxSize": 5, 
     "tileMinSize": 2, 
     "tiles": [
       [29,41], 
       [2,13,16,25], 
       [2,11], 
       [0,7], 
       [18,29], 
       [1,11,14,40], 
       [2,24,41], 
       [6,33], 
       [16,30], 
       [14,20,25,30], 
       [21,37], 
       [19,25,44], 
       [18,27,39], 
       [1,26,27,31,33], 
       [1,10,22,25], 
       [3,35,39], 
       [29,33,39], 
       [25,38], 
       [2,17,31,33], 
       [29,43], 
       [17,25,41], 
       [2,14,20,39], 
       [7,25,44], 
       [12,30,36], 
       [11,13,27], 
       [2,7,33], 
       [16,21], 
       [11,13,16,32], 
       [8,11,21], 
       [4,15,19], 
       [1,6], 
       [0,19,34], 
       [10,12], 
       [5,20,22,24], 
       [26,30,36], 
       [23,30], 
       [1,4], 
       [12,28,31,36,41], 
       [1,21,42,44], 
       [29,34], 
       [5,19], 
       [9,17,35], 
       [3,19,27,37], 
       [0,14], 
       [32,40], 
       [10,24], 
       [8,36], 
       [36,39], 
       [4,5], 
       [13,23], 
       [17,30,41], 
       [14,31,34,37], 
       [10,22,27], 
       [11,21,34], 
       [7,13], 
       [7,9,22,24,42], 
       [5,28], 
       [3,10,32], 
       [19,30,40], 
       [20,26], 
       [11,35,39], 
       [4,11,23,29], 
       [9,18,22], 
       [4,26], 
       [16,19,23], 
       [0,37], 
       [13,26,28], 
       [13,32,42], 
       [14,33], 
       [4,27,31], 
       [9,29,30], 
       [12,13], 
       [2,9,12], 
       [14,17,20,22], 
       [7,20,39], 
       [0,35,38], 
       [6,7,34,44], 
       [11,12], 
       [1,5], 
       [0,11,41], 
       [7,21], 
       [32,44], 
       [3,26,35,40], 
       [15,22], 
       [10,28], 
       [10,30], 
       [33,38], 
       [0,18,22], 
       [10,36,37,40], 
       [12,23,37]
     ], 
     "times": {
       "BestFusion": 0.1, 
       "FirstFit": 0.07, 
       "GeneticGroup": 63.46, 
       "GeneticStandard": 5.97, 
       "OverloadAndRemove": 0.46, 
       "OverloadAndRemovePresort": 0.37
     }
   }, 
   {
     "approximation": "GeneticGroup [2014-10-29 23:52:06]", 
     "avgMultiplicity": 12.6, 
     "capacity": 15, 
     "category": "gauss", 
     "lowerBound": 3, 
     "pageCount": 24, 
     "pages": [
       [1,5,6,7,8,9,10,11,13,14,15,16,32,39,44], 
       [2,5,9,11,12,15,16,19,22,25,28,29,34,36,43], 
       [3,5,10,12,13,15,19,21,22,28,31,35,37,40,44], 
       [0,2,3,5,12,13,14,17,22,25,26,27,37,41,44], 
       [2,4,6,8,18,22,25,29,31,32,36,40,41,42,44], 
       [2,12,14,15,17,20,22,23,29,31,34,35,36,37,41], 
       [6,9,12,16,17,20,23,24,28,30,31,36,37,40,44], 
       [1,7,10,11,13,16,18,19,23,25,26,29,30,36], 
       [0,15,16,18,22,25,27,29,30,31,32,34,35,41,44], 
       [0,3,9,14,15,19,21,26,27,29,32,33,36,43,44], 
       [3,6,11,17,19,22,23,24,25,29,36,39,40,41,42], 
       [3,4,7,10,13,14,19,27,30,35,36,39,42,43,44], 
       [3,6,8,10,12,16,17,21,23,26,29,31,32,33,44], 
       [0,1,4,10,11,14,23,24,26,27,29,31,35,38,39], 
       [1,7,9,13,18,19,20,21,27,28,29,30,37,40,42], 
       [1,3,4,6,7,8,12,15,16,21,32,33,37,43,44], 
       [0,1,4,7,9,10,11,17,22,23,28,29,32,33,38], 
       [0,1,3,4,5,7,13,16,26,30,33,37,40,43,44], 
       [0,3,4,6,9,13,14,16,20,22,28,33,34,37,41], 
       [4,9,14,15,24,26,28,31,34,35,38,41,42,43,44], 
       [3,5,10,14,16,21,24,25,26,32,34,36,40,43,44], 
       [1,10,14,16,18,20,23,24,25,28,32,35,36,40,44], 
       [0,1,6,10,20,21,25,27,30,33,34,37,38,39,41], 
       [5,6,7,8,11,12,21,24,28,29,30,34,42]
     ], 
     "paginations": [
       [25,35,50,78], 
       [29,66,49,40], 
       [57,17,85], 
       [33,55,22,73,76,58], 
       [62,68,52,16], 
       [79,9,20], 
       [2,31,65], 
       [21,45,46], 
       [56,88,69,89], 
       [83,41,44,27], 
       [87,67,53,34], 
       [43,71,18], 
       [36,59,30,75], 
       [72,86,77,74,64], 
       [37,6,61,0], 
       [13,5,12], 
       [84,63,32], 
       [7,54,11], 
       [82,4,24,1], 
       [3,51,81,23,47], 
       [60,15,8,19], 
       [39,80,38], 
       [10,42,26,14], 
       [28,70,48]
     ], 
     "properSymbolCount": 0, 
     "solvers": {
       "BestFusion": 29, 
       "FirstFit": 31, 
       "GeneticGroup": 24, 
       "GeneticStandard": 30, 
       "OverloadAndRemove": 26, 
       "OverloadAndRemovePresort": 25
     }, 
     "symbolCount": 45, 
     "symbols": [0,1,2,3,4,5,6,7,8,9,10,11,12,13,14,15,16,17,18,19,20,21,22,23,24,25,26,27,28,29,30,31,32,33,34,35,36,37,38,39,40,41,42,43,44], 
     "tileCount": 90, 
     "tileMaxSize": 8, 
     "tileMinSize": 4, 
     "tiles": [
       [1,7,9,13,20,21,37], 
       [3,4,6,13,20,28,33,34], 
       [12,17,20,30,31,37,44], 
       [9,14,15,28,31], 
       [9,13,14,16,20,22,34,37], 
       [6,7,12,32,33,43,44], 
       [7,13,27,30,40,42], 
       [0,3,4,26,33,37,40], 
       [5,10,14,21,26,40], 
       [12,14,15,17,22,23,37,41], 
       [10,21,27,33,34,37], 
       [1,5,7,13,30,33,37,44], 
       [4,8,12,15,16,21,43], 
       [1,3,4,7,15,33,37], 
       [0,6,21,34,38,41], 
       [21,25,26,32,34,44], 
       [4,25,29,31,36,42,44], 
       [5,10,15,28,31,37,44], 
       [3,13,27,30,35,39,43], 
       [16,24,34,36,40,43], 
       [2,20,22,29,31,34], 
       [7,10,23,26,29,36], 
       [2,12,13,22,37], 
       [4,14,31,34,41,44], 
       [0,3,13,20,33], 
       [1,6,7,8,13,15], 
       [20,21,25,33,38,39], 
       [0,3,15,19,21,29,36], 
       [5,6,8,12,21,28], 
       [2,5,12,25,28,34,43], 
       [3,6,17,23,31,32], 
       [9,28,30,36,37,40], 
       [0,1,10,11,17,22,28,33], 
       [3,5,13,14,22,25,27], 
       [6,19,22,25,29,36,39], 
       [5,6,8,13,14,32,39], 
       [8,16,17,23,33,44], 
       [1,7,18,19,28,37,40], 
       [1,20,25,36,40], 
       [14,18,23,24,28,32,40,44], 
       [2,9,15,19,22,28,36], 
       [0,14,19,26,27,32,43], 
       [0,1,6,27,30,41], 
       [3,10,14,19,35,42,43], 
       [3,27,29,36,43], 
       [1,10,11,16,18,26,30], 
       [1,13,19,23,25,29], 
       [28,31,38,41,44], 
       [12,24,28,30,42], 
       [2,5,11,12,16,19,25,36], 
       [1,5,6,7], 
       [4,14,15,35,41,42,43], 
       [4,8,22,31,32,40,41], 
       [11,17,24,29,39,40,41], 
       [3,7,16,40,43], 
       [0,2,3,14,17,26,37], 
       [16,30,31,32,35,41], 
       [3,13,19,28,31,37,40], 
       [3,12,25,26,37,44], 
       [6,10,16,21,23,29], 
       [3,25,26,36,40,43], 
       [9,18,20,27,29,37,42], 
       [2,4,6,29,42], 
       [1,4,7,29,32,38], 
       [0,10,11,14,35], 
       [6,16,20,23,24,28], 
       [5,11,22,29], 
       [3,22,24,39,40,41,42], 
       [18,32,36,41,42], 
       [15,18,22,29,30,31], 
       [7,11,28,29,34], 
       [3,4,7,36,42,43,44], 
       [1,14,24,26,29], 
       [2,14,25,27,41], 
       [1,11,14,29,39], 
       [3,8,12,26,29,44], 
       [12,22,25,26,27,37], 
       [4,10,11,23,27,39], 
       [9,10,11,13,15,16,44], 
       [2,17,20,29,34,35,36,37], 
       [10,16,18,25,32,35,36], 
       [4,24,26,35,38,41,44], 
       [0,4,9,14,20,41], 
       [0,9,14,33,36,43,44], 
       [4,9,23,28], 
       [12,13,15,21,22,35,37], 
       [0,1,10,11,23,31,38], 
       [11,22,23,24,29,42], 
       [0,18,27,34,35,44], 
       [0,18,25,30,41]
     ], 
     "times": {
       "BestFusion": 0.06, 
       "FirstFit": 0.05, 
       "GeneticGroup": 78.53, 
       "GeneticStandard": 6.62, 
       "OverloadAndRemove": 1.45, 
       "OverloadAndRemovePresort": 1.43
     }
   }, 
   {
     "approximation": "OverloadAndRemove [2014-10-28 13:24:19]", 
     "avgMultiplicity": 5.58, 
     "capacity": 15, 
     "category": "gauss", 
     "lowerBound": 3, 
     "pageCount": 8, 
     "pages": [
       [4,6,7,14,16,19,28,30,31,32,35,37,38,39,44], 
       [0,2,4,5,6,9,14,21,31,34,37,40,41,42,43], 
       [0,1,2,4,10,11,13,14,15,18,24,32,33,38,44], 
       [3,5,6,7,8,13,20,21,23,25,26,27,38,43,44], 
       [0,5,8,11,15,16,17,18,19,20,25,26,33,40,41], 
       [2,3,10,12,13,20,22,24,27,29,34,36,38,39,43], 
       [0,1,2,13,15,16,18,19,22,23,33,34,35,38,40], 
       [1,3,4,7,17,20,24,29,31,32,36,37,42]
     ], 
     "paginations": [
       [0,8,17,26,43,44,49,62,64,65,69,70,78,85,38,39,1], 
       [18,25,31,33,36,37,52,58,13,47,11,2,23], 
       [7,28,45,48,22,60,67,68,89,59,3,14], 
       [72,55,10,5,61,75,53,19,20,24,71,87], 
       [4,6,40,57,66,73,74,83,84,86,21,34,77], 
       [9,15,16,27,29,30,35,46,51,56,81,88], 
       [63,82,54,32,50,76], 
       [12,79,41,42,80]
     ], 
     "properSymbolCount": 0, 
     "solvers": {
       "BestFusion": 10, 
       "FirstFit": 12, 
       "GeneticGroup": 8, 
       "GeneticStandard": 11, 
       "OverloadAndRemove": 8, 
       "OverloadAndRemovePresort": 8
     }, 
     "symbolCount": 45, 
     "symbols": [0,1,2,3,4,5,6,7,8,9,10,11,12,13,14,15,16,17,18,19,20,21,22,23,24,25,26,27,28,29,30,31,32,33,34,35,36,37,38,39,40,41,42,43,44], 
     "tileCount": 90, 
     "tileMaxSize": 5, 
     "tileMinSize": 2, 
     "tiles": [
       [7,28,39], 
       [4,32], 
       [5,9,14], 
       [10,13], 
       [8,17,18,41], 
       [21,23,27,44], 
       [16,26,41], 
       [14,24], 
       [7,35], 
       [2,22,27], 
       [5,13,25,27,44], 
       [9,31], 
       [1,3,32,36,37], 
       [21,34,42], 
       [1,2,18], 
       [24,27], 
       [22,24,29], 
       [30,39], 
       [2,4,43], 
       [3,5,6], 
       [8,20], 
       [15,19,25], 
       [1,10,15,33], 
       [0,14], 
       [27,43], 
       [5,40,42,43], 
       [28,37], 
       [20,24], 
       [4,11,14], 
       [10,22,36], 
       [10,20], 
       [31,42], 
       [15,38,40], 
       [0,31,40], 
       [5,15], 
       [10,12], 
       [41,42], 
       [9,34,42,43], 
       [19,32], 
       [14,16,32], 
       [11,18,25,41], 
       [3,31], 
       [20,32], 
       [14,37,39], 
       [39,44], 
       [10,14,33], 
       [3,22], 
       [6,21,43], 
       [0,11], 
       [6,30,38], 
       [2,35], 
       [3,13,29,39,43], 
       [2,4,5], 
       [26,43], 
       [13,16,40], 
       [8,13], 
       [10,29,38], 
       [33,41], 
       [37,42], 
       [0,1,2], 
       [1,44], 
       [6,7,13,26], 
       [19,38], 
       [18,22,34], 
       [16,38], 
       [4,38], 
       [5,8,33], 
       [10,15,32,38], 
       [15,24,44], 
       [30,31,35], 
       [4,6,7,19], 
       [7,13,27], 
       [13,21], 
       [19,41], 
       [17,20], 
       [23,25,26,38], 
       [0,19,23,34], 
       [15,26], 
       [14,30,35], 
       [17,24,36,37], 
       [4,7,29,42], 
       [12,38], 
       [1,33,35,40], 
       [18,26], 
       [0,25,41], 
       [30,44], 
       [0,18,19,40], 
       [6,23], 
       [12,34], 
       [4,15,18,44]
     ], 
     "times": {
       "BestFusion": 0.08, 
       "FirstFit": 0.04, 
       "GeneticGroup": 61.84, 
       "GeneticStandard": 5.53, 
       "OverloadAndRemove": 0.31, 
       "OverloadAndRemovePresort": 0.33
     }
   }, 
   {
     "approximation": "OverloadAndRemove [2014-10-28 13:24:19]", 
     "avgMultiplicity": 12.91, 
     "capacity": 15, 
     "category": "gauss", 
     "lowerBound": 3, 
     "pageCount": 26, 
     "pages": [
       [5,10,11,12,16,20,21,24,28,29,30,31,34,41,42], 
       [0,4,6,7,10,12,14,16,18,19,32,34,35,43], 
       [0,1,2,3,4,7,8,13,18,20,21,24,36,37,42], 
       [1,2,6,9,12,13,15,20,23,24,26,31,32,39,40], 
       [1,4,9,10,17,19,23,25,31,33,35,36,38,43,44], 
       [3,4,9,10,11,14,16,20,22,29,30,33,39,42,44], 
       [1,3,5,6,11,17,22,24,26,28,31,34,36,37,44], 
       [1,6,7,8,10,11,12,14,21,30,31,38,39,41,43], 
       [5,7,8,13,14,16,19,26,28,29,32,34,38,40,42], 
       [4,6,14,16,17,18,21,25,29,32,34,38,40,41,42], 
       [0,2,5,8,15,22,23,27,28,29,31,36,38,42,43], 
       [3,4,7,8,12,13,18,30,31,32,33,37,40,42,44], 
       [1,4,7,9,10,21,23,24,25,27,30,35,37,39,42], 
       [0,7,8,13,14,22,24,25,26,28,29,32,41,43], 
       [0,1,4,11,12,14,15,18,19,24,31,33,35,41,42], 
       [0,2,10,11,18,20,21,23,26,28,30,33,35,40,44], 
       [1,5,6,8,12,13,18,21,24,30,31,38,39,42,44], 
       [2,4,7,10,14,16,20,26,29,33,36,39,40,44], 
       [1,3,5,13,16,17,19,22,27,31,32,38,40,41,44], 
       [1,2,3,8,9,13,16,19,21,23,26,29,37,38,41], 
       [1,4,6,8,11,15,16,18,20,30,31,32,34,36], 
       [2,7,8,18,20,21,22,24,26,27,32,41,42], 
       [0,1,11,14,17,19,23,29,30,31,39,40,41,42,44], 
       [0,2,3,6,12,13,14,17,27,31,32,36,39,43], 
       [11,12,18,21,23,31,33,34,35,39,40,41,42,43,44], 
       [4,6,8,9,10,15,16,25,28,30,31,41,44]
     ], 
     "paginations": [
       [13,18,52,79,85], 
       [15,41,71,70], 
       [38,68,74,5], 
       [25,47,54,1], 
       [84,46,88,9,80], 
       [31,37,45,75], 
       [27,67,87,4], 
       [7,35,42,73], 
       [16,43,29,78], 
       [76,83,22,64], 
       [65,53,61,89], 
       [10,19,44,59], 
       [33,77,28], 
       [12,69,8], 
       [51,39,55,66,26], 
       [60,20,82], 
       [2,30,23,56], 
       [57,72,32], 
       [17,14,21,11], 
       [24,0,58], 
       [50,40], 
       [36,6], 
       [86,34], 
       [49,63], 
       [48,62], 
       [3,81]
     ], 
     "properSymbolCount": 0, 
     "solvers": {
       "BestFusion": 31, 
       "FirstFit": 32, 
       "GeneticGroup": 26, 
       "GeneticStandard": 30, 
       "OverloadAndRemove": 26, 
       "OverloadAndRemovePresort": 27
     }, 
     "symbolCount": 45, 
     "symbols": [0,1,2,3,4,5,6,7,8,9,10,11,12,13,14,15,16,17,18,19,20,21,22,23,24,25,26,27,28,29,30,31,32,33,34,35,36,37,38,39,40,41,42,43,44], 
     "tileCount": 90, 
     "tileMaxSize": 9, 
     "tileMinSize": 4, 
     "tiles": [
       [1,3,8,13,16,21,23,26,38], 
       [1,2,12,15,20,23,31,39], 
       [5,6,21,24,30,42], 
       [8,10,15,16,28,41], 
       [6,11,22,31,34,37,44], 
       [1,2,8,20,36], 
       [2,18,24,27,41,42], 
       [8,10,12,21,38,39,41,43], 
       [0,7,14,22,24,28,29,32,41], 
       [4,23,25,33,38], 
       [3,4,12,33,40], 
       [1,3,5,16,27,38], 
       [0,13,24,25,29,32], 
       [10,12,24,30,41], 
       [1,13,16,19,22,31], 
       [10,14,16,32,43], 
       [5,7,14,26,29,32], 
       [17,19,22,32,40], 
       [10,11,12,16,29,31,41], 
       [4,7,8,12,30,31,32], 
       [0,10,11,21,28,35,40,44], 
       [1,17,22,27,41,44], 
       [6,14,17,25,38,40,42], 
       [8,12,13,30,39], 
       [2,9,13,16,37,38,41], 
       [2,9,13,26,32,39,40], 
       [1,4,14,15,19,24,31], 
       [1,3,6,26,34,37], 
       [7,21,24,27,35], 
       [7,13,16,19,26,32,34,38], 
       [5,12,24,30,38,44], 
       [9,10,11,16,22,29,39], 
       [4,10,14,36,40], 
       [1,9,30,35,37,39,42], 
       [0,11,14,17,19,30,31,40,44], 
       [1,6,8,10,11,21,31,38,39], 
       [7,8,18,20,21,22,26,32], 
       [4,9,11,20,42,44], 
       [0,3,4,13,18,20,37], 
       [1,12,14,15,18,19,31], 
       [8,11,15,18,31,32,34], 
       [0,10,12,32,43], 
       [1,7,11,21,30,38,41], 
       [8,26,29,34,40], 
       [7,12,18,30,37,40], 
       [3,9,10,14,20,22,39,42], 
       [4,17,19,23,25,43,44], 
       [2,9,23,24,39], 
       [12,18,21,23,31,41,43,44], 
       [0,2,3,14,17,31,32,39], 
       [1,4,6,15,16,20,30,36], 
       [12,19,33,35,41], 
       [10,12,28,34,42], 
       [2,5,15,22,23,28], 
       [1,2,6,12,23,40], 
       [0,11,12,14,24,31,35], 
       [1,8,18,24,31,38], 
       [2,7,26,29,33,39], 
       [9,19,21,26,29], 
       [12,13,18,33,42,44], 
       [2,10,18,21,23,30,40], 
       [0,15,28,31,38,43], 
       [11,23,33,34,35,39,40,42], 
       [6,12,13,27,36,43], 
       [6,14,16,21,29,34,40,41], 
       [23,27,28,29,31], 
       [0,14,18,31,41,42], 
       [1,5,17,28,36,37], 
       [2,3,4,7,24,36], 
       [0,8,22,25,26,29,43], 
       [0,4,6,7,14,18,43], 
       [0,4,10,19,32,34,35], 
       [7,14,16,20,33,36,44], 
       [14,21,31,38,41], 
       [0,18,20,21,36,42], 
       [4,9,11,30,33,44], 
       [17,18,21,25,32,34], 
       [4,10,23,25,27,30,35,37], 
       [7,26,28,34,38,42], 
       [5,10,11,20,29,41,42], 
       [1,9,10,19], 
       [4,6,9,10,25,30,31,44], 
       [0,2,20,26,30,33], 
       [4,6,25,34,40,42], 
       [17,19,25,31,35], 
       [16,20,21,29,31,41], 
       [1,14,23,29,31,39,41,42], 
       [1,17,24,31,36,37], 
       [4,10,23,25,31,36], 
       [8,15,31,36,42,43]
     ], 
     "times": {
       "BestFusion": 0.06, 
       "FirstFit": 0.05, 
       "GeneticGroup": 79.97, 
       "GeneticStandard": 6.51, 
       "OverloadAndRemove": 1.47, 
       "OverloadAndRemovePresort": 1.48
     }
   }, 
   {
     "approximation": "OverloadAndRemovePresort [2014-10-28 13:24:19]", 
     "avgMultiplicity": 5.73, 
     "capacity": 15, 
     "category": "gauss", 
     "lowerBound": 3, 
     "pageCount": 8, 
     "pages": [
       [1,2,3,4,10,11,15,16,19,23,25,28,30,33,38], 
       [6,9,12,15,16,20,21,22,31,32,33,34,35,38,39], 
       [0,1,5,6,10,11,12,19,24,26,31,34,37,40,43], 
       [4,12,13,14,17,18,19,22,29,31,32,35,37,42,43], 
       [7,8,9,10,12,16,17,26,27,28,32,36,40,43,44], 
       [0,2,8,9,13,14,23,26,27,30,37,38,39,41,44], 
       [2,3,7,13,20,23,24,25,29,30,32,34,39,40,43], 
       [1,3,7,12,20,25,29,34,35,37,40,41,42]
     ], 
     "paginations": [
       [41,50,77,8,10,14,19,28,39,48,78,66], 
       [5,68,57,63,81,82,27,33,75,7,31,3,79,17], 
       [11,23,70,9,54,62,45,47,59,72,73,89], 
       [18,24,42,43,69,83,4,13,15,37,55,84], 
       [16,38,58,1,44,65,56,20,87,86,6,2,64,12,22], 
       [74,26,51,88,34,46,49,25,32,36], 
       [61,0,80,35,53,40,21,60], 
       [85,67,30,52,76,71,29]
     ], 
     "properSymbolCount": 0, 
     "solvers": {
       "BestFusion": 9, 
       "FirstFit": 13, 
       "GeneticGroup": 8, 
       "GeneticStandard": 10, 
       "OverloadAndRemove": 9, 
       "OverloadAndRemovePresort": 8
     }, 
     "symbolCount": 45, 
     "symbols": [0,1,2,3,4,5,6,7,8,9,10,11,12,13,14,15,16,17,18,19,20,21,22,23,24,25,26,27,28,29,30,31,32,33,34,35,36,37,38,39,40,41,42,43,44], 
     "tileCount": 90, 
     "tileMaxSize": 5, 
     "tileMinSize": 2, 
     "tiles": [
       [24,32,34], 
       [8,17,44], 
       [7,28,32], 
       [16,21], 
       [18,22,37], 
       [20,33,34,38], 
       [12,27,28], 
       [6,9,33], 
       [1,11,25], 
       [1,10,43], 
       [1,11,19], 
       [0,5,10,19], 
       [26,28], 
       [18,22,32], 
       [1,4,19], 
       [13,19,42], 
       [7,9], 
       [32,35,38], 
       [4,12,22,42], 
       [11,15,23], 
       [28,36], 
       [2,40], 
       [26,27], 
       [5,6,11,24], 
       [17,22,29,31], 
       [8,37,39], 
       [23,27], 
       [16,20], 
       [11,30,33], 
       [35,40], 
       [40,42], 
       [9,12,34], 
       [2,26,38], 
       [12,39], 
       [0,23], 
       [13,20,43], 
       [23,41], 
       [17,29,32], 
       [7,27], 
       [1,23,38], 
       [2,29,34], 
       [2,16,23,38], 
       [13,14,22,32], 
       [14,17,18,19], 
       [17,36,44], 
       [0,40], 
       [2,9,14,27,39], 
       [1,31], 
       [10,11,25], 
       [13,30,39], 
       [1,16,19,38], 
       [13,39,41], 
       [1,7], 
       [23,29], 
       [0,6,37], 
       [4,18,32], 
       [28,40,44], 
       [20,21,22], 
       [8,9], 
       [24,43], 
       [3,7], 
       [2,24,30], 
       [0,6,31], 
       [20,31,39], 
       [10,16,44], 
       [16,27,36], 
       [23,25], 
       [25,34,41], 
       [15,20,22,38], 
       [4,12,31,35], 
       [5,19,34,43], 
       [1,3,12], 
       [0,26], 
       [10,31], 
       [0,27,41,44], 
       [6,20], 
       [3,20,37,40], 
       [1,3,25,30], 
       [25,28,30], 
       [32,33], 
       [25,39], 
       [12,20,38], 
       [12,15,31], 
       [12,18,42,43], 
       [37,42], 
       [3,29], 
       [36,40], 
       [8,40,43], 
       [13,27,37], 
       [5,12,40]
     ], 
     "times": {
       "BestFusion": 0.09, 
       "FirstFit": 0.04, 
       "GeneticGroup": 60.55, 
       "GeneticStandard": 5.68, 
       "OverloadAndRemove": 0.37, 
       "OverloadAndRemovePresort": 0.32
     }
   }, 
   {
     "approximation": "OverloadAndRemovePresort [2014-10-28 13:24:19]", 
     "avgMultiplicity": 13.09, 
     "capacity": 15, 
     "category": "gauss", 
     "lowerBound": 3, 
     "pageCount": 25, 
     "pages": [
       [0,2,3,8,9,10,11,12,17,19,20,27,37,38,40], 
       [1,2,3,7,8,10,19,22,24,30,32,36,38,41,43], 
       [0,1,2,4,7,12,13,18,19,23,26,28,29,37,38], 
       [0,7,8,11,17,21,23,26,28,33,35,40,42,44], 
       [4,5,6,7,8,14,19,22,29,30,31,38,39,40,41], 
       [0,6,7,8,12,15,16,20,21,24,25,26,32,33,39], 
       [1,2,5,6,11,14,19,20,24,28,31,34,38,39,43], 
       [0,1,2,4,5,9,15,18,19,22,24,25,29,38,39], 
       [1,8,20,24,27,29,30,32,35,37,40,42,43,44], 
       [0,1,4,12,15,16,17,20,22,26,31,32,39,42,43], 
       [3,7,8,9,13,15,21,22,25,27,29,31,39,41,44], 
       [5,13,14,18,21,22,23,24,28,30,34,38,40,41,44], 
       [1,2,6,7,14,17,19,23,24,26,31,36,38,41], 
       [3,4,11,12,16,20,22,23,26,28,36,38,40,44], 
       [0,2,3,16,17,19,21,28,29,31,34,36,39,41,44], 
       [1,2,3,5,13,17,19,27,28,31,34,37,38,39,42], 
       [7,8,10,11,15,23,25,27,30,34,35,36,38,39,43], 
       [6,11,14,16,18,20,22,25,26,27,37,39,40,41], 
       [9,12,14,16,18,19,28,29,30,32,35,39,44], 
       [2,4,6,13,15,19,20,21,22,26,29,32,33,41,42], 
       [3,6,10,12,13,17,18,21,25,27,28,29,30,38,40], 
       [0,1,7,8,11,12,17,26,36,37,38,43], 
       [6,9,12,13,19,20,23,29,39,41,43,44], 
       [2,6,8,9,13,15,17,20,23,27,33,42,43], 
       [0,2,3,4,5,16,25,26,32,35,39,41,43]
     ], 
     "paginations": [
       [20,60,51,59,74], 
       [50,53,73,42], 
       [32,41,36,12], 
       [43,16,82,2], 
       [40,68,77,15], 
       [88,23,7,70,8], 
       [64,1,83,5,34], 
       [10,25,35,44], 
       [21,85,6,69], 
       [3,31,37,65,75], 
       [58,18,4,71,48], 
       [46,78,29,63], 
       [13,80,28], 
       [30,11,66], 
       [47,79,39,9], 
       [17,24,19], 
       [89,27,45,72], 
       [14,76,26], 
       [86,57,62], 
       [67,81,87], 
       [56,52,55], 
       [84,61], 
       [54,22], 
       [49,38], 
       [33,0]
     ], 
     "properSymbolCount": 0, 
     "solvers": {
       "BestFusion": 32, 
       "FirstFit": 33, 
       "GeneticGroup": 25, 
       "GeneticStandard": 31, 
       "OverloadAndRemove": 26, 
       "OverloadAndRemovePresort": 25
     }, 
     "symbolCount": 45, 
     "symbols": [0,1,2,3,4,5,6,7,8,9,10,11,12,13,14,15,16,17,18,19,20,21,22,23,24,25,26,27,28,29,30,31,32,33,34,35,36,37,38,39,40,41,42,43,44], 
     "tileCount": 90, 
     "tileMaxSize": 8, 
     "tileMinSize": 4, 
     "tiles": [
       [2,3,4,5,35,41,43], 
       [1,14,20,24,31,43], 
       [0,8,28,35,42,44], 
       [12,16,20,22,26,31,43], 
       [3,8,25,27,29,31,39], 
       [6,11,14,39,43], 
       [24,29,32,35,43,44], 
       [6,7,8,16,33,39], 
       [7,20,21,26,39], 
       [17,19,21,29,44], 
       [1,4,5,19,22,29,38], 
       [3,4,11,12,22,26,36,40], 
       [0,1,2,12,18,37,38], 
       [2,6,7,19,24,26,31], 
       [6,11,16,18,20,37,41], 
       [6,8,14,22,29,38,39,40], 
       [7,21,28,33,35], 
       [2,5,27,34,42], 
       [3,7,9,22,25,27,41], 
       [3,17,19,34,37,38,39,42], 
       [2,8,10,11,12,17,19,27], 
       [24,27,37,40,42], 
       [12,23,29,39,41,43], 
       [0,8,12,16,25,26,32,33], 
       [1,2,13,28,31,34,38], 
       [0,5,15,22,25,38], 
       [14,20,22,25,26,41], 
       [7,10,15,25,30,38,43], 
       [1,7,14,17,19,23,24,36], 
       [5,13,14,23,28,40], 
       [3,20,22,23,26,36,44], 
       [4,31,39,43], 
       [4,7,13,18,23], 
       [0,2,16,25,26,32,35,39], 
       [2,28,34,38,39], 
       [2,4,15,18,24,38], 
       [2,7,12,23,26,29,37], 
       [4,17,20,26,42,43], 
       [2,9,13,15,17,23,27,33], 
       [0,29,31,34,36,39], 
       [5,7,8,22,29,31,40], 
       [0,2,4,7,12,19,23,28], 
       [1,3,7,10,24,30,32], 
       [11,33,35,40,42,44], 
       [5,9,18,19,38,39], 
       [7,11,15,27,34,39], 
       [18,23,34,38,41,44], 
       [0,2,3,17,21,28,39], 
       [13,21,27,31,39,41,44], 
       [2,6,8,9,20,27,42,43], 
       [1,3,19,22,36,38,43], 
       [0,3,11,20,27,40], 
       [10,12,13,17,27,28,30,40], 
       [1,2,3,22,32,38,43], 
       [6,9,13,19,20,39,41,44], 
       [3,6,10,13,17,21,29,38], 
       [12,13,17,18,25,28,29,30], 
       [9,14,18,19,29,35], 
       [3,25,41,44], 
       [0,2,9,11,20,27], 
       [0,2,11,12,17,19,20], 
       [0,7,8,11,26,38,43], 
       [12,18,19,28,29,30,39], 
       [13,14,22,24,30,40], 
       [5,19,24,28,31,34,43], 
       [0,1,15,17,20,43], 
       [3,11,16,26,28,38], 
       [4,20,21,22,32,33], 
       [4,8,22,30,40,41], 
       [1,8,20,29,30,37], 
       [0,6,15,24,25,26], 
       [3,7,13,15,21,22,29,31], 
       [7,8,23,27,36,43], 
       [1,2,8,30,32,36,41], 
       [3,12,17,37,38], 
       [15,17,26,31,32,42], 
       [14,18,20,27,39,40,41], 
       [4,5,7,8,19,39,40], 
       [18,21,22,34,38,44], 
       [16,21,28,29,36,39,41], 
       [7,19,23,24,31,38,41], 
       [2,13,21,22,26,41,42], 
       [11,17,21,23,26,33,44], 
       [11,14,28,34,39,43], 
       [0,1,12,17,36,37,38], 
       [27,29,30,32,35,37], 
       [12,16,18,32,44], 
       [2,4,6,15,19,29,32], 
       [0,6,15,20,25,33], 
       [10,11,30,34,35,36,39,43]
     ], 
     "times": {
       "BestFusion": 0.06, 
       "FirstFit": 0.04, 
       "GeneticGroup": 79.23, 
       "GeneticStandard": 6.9, 
       "OverloadAndRemove": 1.48, 
       "OverloadAndRemovePresort": 1.42
     }
   }
 ]