[
   {
     "approximation": "GeneticGroup [2014-10-29 17:57:18]", 
     "avgMultiplicity": 6.53, 
     "capacity": 15, 
     "category": "gauss", 
     "lowerBound": 2, 
     "pageCount": 5, 
     "pages": [
       [0,5,8,11,12,13,16,18,19,20,21,24,25,28,29], 
       [1,2,3,4,10,11,13,14,15,18,23,24,26,28,29], 
       [0,1,4,7,9,12,14,15,16,17,20,22,23,25,26], 
       [0,2,3,5,6,7,9,10,11,14,15,21,25,27,29], 
       [3,14,16,21,22,23,25,27,28]
     ], 
     "paginations": [
       [53,32,37,9,15,24,36,58,22,18,64,11,61,60,19,3,55,29,12,13,48], 
       [56,42,25,20,54,27,30,46,62,59,0,10,21,4], 
       [7,16,47,1,49,68,14,66,43,44,45,17,8,31,34,35,67,39], 
       [26,63,40,52,41,6,65,50,23,51,2,38,69,33], 
       [57,28,5]
     ], 
     "properSymbolCount": 0, 
     "solvers": {
       "BestFusion": 7, 
       "FirstFit": 7, 
       "GeneticGroup": 5, 
       "GeneticStandard": 6, 
       "OverloadAndRemove": 5, 
       "OverloadAndRemovePresort": 6
     }, 
     "symbolCount": 30, 
     "symbols": [0,1,2,3,4,5,6,7,8,9,10,11,12,13,14,15,16,17,18,19,20,21,22,23,24,25,26,27,28,29], 
     "tileCount": 70, 
     "tileMaxSize": 4, 
     "tileMinSize": 2, 
     "tiles": [
       [1,13,26], 
       [4,16,26], 
       [7,11,29], 
       [8,29], 
       [2,3,11], 
       [14,16,25,27], 
       [0,6,25], 
       [15,20,25], 
       [9,17,20,26], 
       [0,20], 
       [1,15], 
       [20,24], 
       [19,20], 
       [18,20], 
       [1,9,14], 
       [8,11,16], 
       [4,14,15,25], 
       [9,16,22], 
       [5,13,20], 
       [11,21], 
       [10,23,28], 
       [4,15,23,26], 
       [0,13,25], 
       [6,21], 
       [8,21], 
       [4,14,28], 
       [5,7], 
       [1,2,3], 
       [21,22,28], 
       [11,25], 
       [4,26,29], 
       [7,14,26], 
       [12,19,29], 
       [3,14], 
       [1,7,12,26], 
       [14,22], 
       [0,24], 
       [11,16,20], 
       [3,27], 
       [15,17], 
       [0,3,15], 
       [9,15,29], 
       [13,23], 
       [0,1,12,17], 
       [17,20,23], 
       [4,12,16], 
       [2,15,24,29], 
       [1,25], 
       [24,28], 
       [4,9,22], 
       [5,9,10], 
       [3,7], 
       [6,10], 
       [12,19,21,24], 
       [13,15], 
       [18,21,28], 
       [3,13,18], 
       [3,22,23,25], 
       [16,29], 
       [1,29], 
       [0,8,25], 
       [8,24,25], 
       [10,11,13], 
       [6,14,29], 
       [5,25], 
       [0,2,25], 
       [16,23,26], 
       [0,4,14], 
       [1,4,14,20], 
       [2,6,9,27]
     ], 
     "times": {
       "BestFusion": 0.06, 
       "FirstFit": 0.08, 
       "GeneticGroup": 54.48, 
       "GeneticStandard": 5.47, 
       "OverloadAndRemove": 0.28, 
       "OverloadAndRemovePresort": 0.3
     }
   }, 
   {
     "approximation": "GeneticGroup [2014-10-29 17:57:18]", 
     "avgMultiplicity": 15.17, 
     "capacity": 15, 
     "category": "gauss", 
     "lowerBound": 2, 
     "pageCount": 15, 
     "pages": [
       [3,4,7,8,10,12,13,14,16,18,22,24,25,26,27], 
       [1,2,5,6,7,8,12,13,15,17,21,22,23,24,27], 
       [0,1,2,4,7,11,12,13,15,16,17,24,25,26,28], 
       [3,4,5,6,7,9,16,18,19,20,21,23,25,26,29], 
       [2,3,5,9,10,12,13,14,15,16,21,26,27,28,29], 
       [1,3,4,6,10,14,16,17,18,21,22,24,26,27,28], 
       [0,3,4,7,9,10,11,13,20,22,23,24,25,28,29], 
       [0,2,3,6,7,8,10,15,17,18,22,26,27,28,29], 
       [0,4,5,7,8,9,10,12,15,16,19,20,24,26,28], 
       [0,1,2,5,6,8,9,10,14,19,22,25,26,28,29], 
       [0,3,5,7,8,9,11,15,17,18,21,22,23,27,29], 
       [1,3,6,11,12,14,15,17,18,19,23,25,27,29], 
       [1,3,4,10,11,14,17,18,19,20,22,24,26,27,29], 
       [0,4,7,10,11,12,14,17,18,20,21,23,26,27,28], 
       [1,4,5,9,10,11,12,13,15,16,17,19,20,22,27]
     ], 
     "paginations": [
       [3,44,7,55,1,60], 
       [68,22,24,61], 
       [47,52,37,15,13], 
       [4,18,41,25,49,58,5], 
       [20,26,63,42,46], 
       [30,9,36], 
       [69,66,64,53,12], 
       [48,19,45,28,29,33,23], 
       [57,27,0,35,50,11], 
       [10,16,21,14], 
       [38,8,51,67], 
       [32,17,54], 
       [31,34,43,62], 
       [6,56,40,59], 
       [39,2,65]
     ], 
     "properSymbolCount": 0, 
     "solvers": {
       "BestFusion": 21, 
       "FirstFit": 20, 
       "GeneticGroup": 15, 
       "GeneticStandard": 20, 
       "OverloadAndRemove": 16, 
       "OverloadAndRemovePresort": 17
     }, 
     "symbolCount": 30, 
     "symbols": [0,1,2,3,4,5,6,7,8,9,10,11,12,13,14,15,16,17,18,19,20,21,22,23,24,25,26,27,28,29], 
     "tileCount": 70, 
     "tileMaxSize": 9, 
     "tileMinSize": 4, 
     "tiles": [
       [4,8,12,15,19,24,28], 
       [4,8,10,12,13,24], 
       [1,4,11,12,13,17,22], 
       [3,7,8,14,22,24,25], 
       [3,18,19,20,21], 
       [3,6,16,18,20,25], 
       [0,4,7,10,11,18,21], 
       [7,8,16,18,22,26,27], 
       [3,11,17,21,23,27,29], 
       [4,6,10,14,17,21,24], 
       [2,5,9,10,19,25,29], 
       [5,7,8,9,19,20,28], 
       [4,9,10,20], 
       [2,11,12,16,24,25], 
       [1,5,6,10,22,29], 
       [0,4,11,13,15], 
       [0,1,8,9,14,26], 
       [6,12,15,18,25,27,29], 
       [4,6,7,19,23,25], 
       [3,6,28,29], 
       [3,5,9,14,16,21], 
       [5,6,10,14,28,29], 
       [5,12,15,21,22,24,27], 
       [0,3,10,15,22,26], 
       [2,7,8,13,15,21,24], 
       [3,4,5,20,23,26], 
       [2,12,13,14,27,29], 
       [0,4,10,16,19,24], 
       [3,7,18,22,27,28,29], 
       [2,7,10,15,18,26,27,28], 
       [3,18,21,22,24,26,27,28], 
       [1,4,11,14,17,18,19], 
       [1,11,15,17,18,19,23,25,29], 
       [0,3,7,17,18,27], 
       [1,11,14,17,20,26,27,29], 
       [9,10,16,20,24], 
       [1,3,6,16,24,26], 
       [0,2,12,15,24,25,28], 
       [0,5,11,15,23,29], 
       [10,11,12,15,16,20,27], 
       [4,12,14,17,21], 
       [3,5,6,7,9,26], 
       [2,9,10,12,13,21,28], 
       [3,10,11,18,19,24,27,29], 
       [3,7,12,13,18,27], 
       [2,6,7,17,18,22,26,28,29], 
       [2,3,5,15,16,21,26], 
       [1,2,11,13,17,25,26], 
       [6,8,10,15,22,29], 
       [6,7,23,25,29], 
       [4,5,8,16,24], 
       [0,3,7,8,9,11,15,17], 
       [1,7,11,13,26,28], 
       [0,4,7,9,10,13,23], 
       [1,3,14,17,19,29], 
       [8,10,12,13,14,22,25], 
       [0,4,10,11,12,14,20,26], 
       [4,8,16,19,26,28], 
       [3,6,18,19,20], 
       [0,4,7,10,17,23,26,27,28], 
       [12,14,16,18,24,26], 
       [1,6,8,13,17,22,23], 
       [11,14,17,18,19,20,22], 
       [3,5,12,13,14,16,29], 
       [7,13,20,22,29], 
       [5,9,11,16,17,19,20], 
       [3,4,11,13,20,24,29], 
       [0,9,11,18,22], 
       [1,5,13,21,22,23,24], 
       [10,20,22,24,25,28]
     ], 
     "times": {
       "BestFusion": 0.06, 
       "FirstFit": 0.04, 
       "GeneticGroup": 67.73, 
       "GeneticStandard": 5.67, 
       "OverloadAndRemove": 0.88, 
       "OverloadAndRemovePresort": 0.86
     }
   }, 
   {
     "approximation": "GeneticGroup [2014-10-29 17:57:18]", 
     "avgMultiplicity": 24.33, 
     "capacity": 15, 
     "category": "gauss", 
     "lowerBound": 2, 
     "pageCount": 34, 
     "pages": [
       [0,1,3,4,7,9,10,11,13,14,16,20,25,28,29], 
       [0,1,3,7,9,11,12,16,18,20,21,22,25,26,27], 
       [0,1,2,5,7,8,9,13,14,18,21,23,25,26,28], 
       [0,2,3,5,11,12,13,14,18,19,21,23,26,28,29], 
       [0,1,2,4,5,6,8,9,11,12,13,18,20,26,29], 
       [0,3,9,10,11,12,14,15,16,18,23,24,25,26,28], 
       [0,3,4,6,7,10,11,13,15,17,18,20,25,26,28], 
       [1,3,4,5,12,13,15,17,21,22,23,24,25,27,29], 
       [1,4,6,7,9,10,14,16,17,19,20,23,25,26], 
       [0,1,5,7,9,10,12,13,14,15,17,19,22,24], 
       [0,3,6,9,12,14,15,16,19,22,24,25,26,28,29], 
       [0,1,2,3,4,6,8,9,10,11,14,16,20,25,27], 
       [2,6,10,11,12,13,14,16,18,19,20,22,23,26], 
       [2,6,12,13,14,15,16,17,21,22,24,26,27,28,29], 
       [4,5,8,9,13,14,17,19,20,21,23,24,25,26,28], 
       [1,3,5,7,8,9,13,14,15,18,20,24,25,26,27], 
       [1,2,3,7,8,10,11,17,18,22,23,26,27,28,29], 
       [1,4,6,7,10,11,12,15,18,20,21,22,23,24,26], 
       [2,3,4,6,8,10,11,12,14,15,17,18,21,24,28], 
       [0,4,6,9,10,13,15,16,19,21,22,23,24,25,28], 
       [0,7,8,10,11,16,17,19,20,21,22,24,26,27,28], 
       [0,2,4,5,6,7,8,9,10,12,16,20,21,23,27], 
       [0,2,3,12,13,14,16,17,18,19,21,23,24,25,27], 
       [0,2,6,7,8,9,10,11,13,17,18,26,27,28], 
       [2,4,8,10,11,12,15,18,19,20,22,23,24,25,29], 
       [2,4,7,9,11,12,13,15,19,21,22,25,26,27,28], 
       [4,5,6,7,8,9,11,12,14,15,19,21,26,29], 
       [3,4,5,6,7,11,12,13,17,21,22,23,25,26,29], 
       [0,2,4,5,6,7,8,9,11,12,15,20,23,26,28], 
       [0,1,6,7,8,9,10,12,14,15,18,19,20,22,28], 
       [2,3,6,7,9,11,16,18,19,20,21,22,23,25,28], 
       [0,1,2,3,6,7,9,10,12,14,16,18,23,24,25], 
       [2,3,4,7,8,9,10,11,12,13,15,16,28,29], 
       [0,1,2,8,9,12,15,16,17,18,19,21,25,26,29]
     ], 
     "paginations": [
       [37,62], 
       [28,34], 
       [40,7], 
       [2,19], 
       [27,30], 
       [8,12,29], 
       [54,36], 
       [56,42], 
       [48,66], 
       [49,65], 
       [22,17], 
       [57,9], 
       [68,35], 
       [25,26], 
       [4,64], 
       [15,14], 
       [47,43], 
       [24,52], 
       [61,31], 
       [10,46], 
       [55,0], 
       [38,44], 
       [33,23], 
       [67,6], 
       [69,11], 
       [53,5], 
       [63,18], 
       [51,45], 
       [1,13], 
       [60,20], 
       [32,59], 
       [21,39], 
       [3,58], 
       [50,16,41]
     ], 
     "properSymbolCount": 0, 
     "solvers": {
       "BestFusion": 37, 
       "FirstFit": 41, 
       "GeneticGroup": 34, 
       "GeneticStandard": 37, 
       "OverloadAndRemove": 41, 
       "OverloadAndRemovePresort": 41
     }, 
     "symbolCount": 30, 
     "symbols": [0,1,2,3,4,5,6,7,8,9,10,11,12,13,14,15,16,17,18,19,20,21,22,23,24,25,26,27,28,29], 
     "tileCount": 70, 
     "tileMaxSize": 12, 
     "tileMinSize": 8, 
     "tiles": [
       [7,10,11,16,17,19,20,21,22,27,28], 
       [4,5,6,8,9,11,12,15,20,23,26], 
       [0,2,3,11,13,14,18,19,21,26,28,29], 
       [2,4,8,9,11,12,13,15,16,28,29], 
       [4,5,9,13,14,17,19,20,21,24,28], 
       [4,7,9,12,13,15,19,21,22], 
       [2,6,7,17,18,26,27,28], 
       [2,5,7,8,9,13,14,23,25,26,28], 
       [0,3,9,10,14,18,23,26,28], 
       [0,3,4,6,8,9,10,11,14,16,25,27], 
       [0,6,9,15,16,21,22,23,24,25,28], 
       [2,10,11,12,15,19,22,23,24,25], 
       [10,12,14,15,16,23,24,25,26,28], 
       [0,2,4,7,11,12,15,20,23,26,28], 
       [3,7,8,9,13,15,18,20,26,27], 
       [1,3,5,9,13,14,15,20,24,25,27], 
       [0,1,2,8,15,16,18,19,21,29], 
       [0,3,6,9,12,14,16,19,25,28,29], 
       [5,6,7,9,11,12,14,15,19,26,29], 
       [0,2,3,5,11,12,13,23,26,28,29], 
       [0,1,6,7,9,14,15,18,20,22,28], 
       [0,1,2,3,9,10,12,14,16,23,24], 
       [3,15,16,22,24,26,28,29], 
       [3,13,14,17,19,21,24,25,27], 
       [4,6,7,10,15,18,20,21,22,24], 
       [2,6,12,14,16,21,22,24,27,28,29], 
       [2,6,13,15,16,17,21,26,27], 
       [0,1,2,4,5,6,11,12,13,18,26], 
       [0,3,7,9,12,16,20,25,26,27], 
       [0,3,9,11,12,14,15,18,24,25,26], 
       [0,2,4,5,8,9,13,18,20,26,29], 
       [2,3,4,6,12,14,15,18,24,28], 
       [2,3,6,7,16,18,19,21,23,25,28], 
       [0,2,12,13,16,18,19,23,27], 
       [0,1,3,11,16,18,21,22,25,26,27], 
       [6,11,13,14,18,19,20,22,23,26], 
       [0,3,4,6,11,13,15,18,20,25,26], 
       [0,1,3,4,9,11,13,14,16,25,28], 
       [2,4,6,8,9,12,16,20,23,27], 
       [0,2,3,6,7,16,18,23,24,25], 
       [0,1,2,5,9,13,14,18,21,26,28], 
       [0,2,8,9,15,18,19,21,26,29], 
       [1,3,4,12,13,15,22,24,25,27], 
       [1,2,7,8,17,18,23,27,29], 
       [0,2,5,7,8,10,12,16,20,21,23], 
       [3,5,6,7,11,12,13,17,21,22,26], 
       [4,6,9,10,13,16,19,21,23], 
       [1,3,7,10,11,22,23,26,28,29], 
       [4,7,9,10,14,17,19,20,25,26], 
       [0,7,12,13,14,15,17,19,22], 
       [1,2,8,12,15,16,17,18,25,26,29], 
       [4,7,11,13,17,21,22,23,25,26,29], 
       [1,6,7,10,11,12,18,20,21,23,26], 
       [2,4,9,11,12,15,21,22,25,26,27,28], 
       [0,3,4,7,10,11,15,17,18,25,28], 
       [0,7,8,10,19,20,21,24,26,27], 
       [4,5,12,15,17,21,23,25,27,29], 
       [1,2,4,6,9,10,11,14,16,20,25], 
       [3,4,7,8,9,10,11,15,16,29], 
       [3,6,7,9,11,19,20,21,22,28], 
       [0,1,6,8,9,10,12,18,19,20,22], 
       [3,4,6,8,10,11,12,14,17,18,21], 
       [0,3,4,7,10,13,14,16,20,28,29], 
       [4,5,6,7,8,12,14,15,19,21,26,29], 
       [5,8,13,14,20,21,23,24,25,26,28], 
       [1,5,7,9,10,12,13,17,19,24], 
       [1,4,6,9,16,17,19,23,25,26], 
       [0,6,8,9,10,11,13,18], 
       [2,10,11,12,13,16,18,19,20,22,26], 
       [2,4,8,11,12,15,18,20,22,23,25,29]
     ], 
     "times": {
       "BestFusion": 0.06, 
       "FirstFit": 0.08, 
       "GeneticGroup": 88.87, 
       "GeneticStandard": 6.54, 
       "OverloadAndRemove": 1.8, 
       "OverloadAndRemovePresort": 1.84
     }
   }, 
   {
     "approximation": "GeneticGroup [2014-10-29 17:57:18]", 
     "avgMultiplicity": 6.23, 
     "capacity": 15, 
     "category": "gauss", 
     "lowerBound": 2, 
     "pageCount": 4, 
     "pages": [
       [1,3,5,13,14,15,16,18,19,20,21,25,27,28,29], 
       [2,3,6,8,9,11,14,15,16,18,21,24,26,27,28], 
       [0,2,3,5,6,7,11,12,22,23,25,26,27,28,29], 
       [0,1,4,7,8,10,11,12,13,15,17,19,22,24,27]
     ], 
     "paginations": [
       [24,64,25,48,52,6,26,9,28,31,21,49,15,16,11,23,5,37,59,7,12,68,57], 
       [19,33,61,29,51,69,67,0,13,40,18,8,30,45,56], 
       [44,3,63,10,27,55,39,46,14,2,42,50,1,53,35,66,47,20,17], 
       [41,54,58,32,60,43,38,4,65,34,36,22,62]
     ], 
     "properSymbolCount": 1, 
     "solvers": {
       "BestFusion": 5, 
       "FirstFit": 6, 
       "GeneticGroup": 4, 
       "GeneticStandard": 5, 
       "OverloadAndRemove": 5, 
       "OverloadAndRemovePresort": 5
     }, 
     "symbolCount": 30, 
     "symbols": [0,1,2,3,4,5,6,7,8,9,10,11,12,13,14,15,16,17,18,19,20,21,22,23,24,25,26,27,28,29], 
     "tileCount": 70, 
     "tileMaxSize": 5, 
     "tileMinSize": 2, 
     "tiles": [
       [3,11,15], 
       [12,27,28], 
       [0,25], 
       [2,12], 
       [1,17,24], 
       [15,16], 
       [3,19,21], 
       [5,14,21,28], 
       [6,14], 
       [15,19,29], 
       [2,25,27], 
       [13,20], 
       [5,25,28], 
       [2,16], 
       [5,11], 
       [15,18,29], 
       [14,20], 
       [11,25], 
       [9,16], 
       [8,18,24], 
       [5,26,29], 
       [18,28], 
       [8,13], 
       [13,28], 
       [15,25,27], 
       [18,27], 
       [16,28], 
       [5,6,29], 
       [1,13,21], 
       [3,11,14,24], 
       [3,6,11], 
       [1,20,25], 
       [4,12,24], 
       [2,8,9,21,26], 
       [4,8], 
       [25,26,28], 
       [7,15], 
       [5,16,18,25], 
       [1,7,11], 
       [6,22], 
       [6,9], 
       [0,10,12], 
       [6,27,29], 
       [4,22,27], 
       [22,26], 
       [2,3], 
       [5,22], 
       [23,28], 
       [16,29], 
       [1,14], 
       [0,3,7], 
       [2,6,8], 
       [13,16,19], 
       [22,25,28,29], 
       [7,13], 
       [7,12,23], 
       [3,26,28], 
       [5,27], 
       [1,19,24], 
       [14,29], 
       [10,11,12], 
       [8,15,27,28], 
       [13,24], 
       [6,7], 
       [1,13,18], 
       [1,10,15], 
       [0,22,29], 
       [9,11,21], 
       [5,28,29], 
       [8,24,26]
     ], 
     "times": {
       "BestFusion": 0.08, 
       "FirstFit": 0.05, 
       "GeneticGroup": 60.92, 
       "GeneticStandard": 5.33, 
       "OverloadAndRemove": 0.25, 
       "OverloadAndRemovePresort": 0.25
     }
   }, 
   {
     "approximation": "GeneticGroup [2014-10-29 17:57:18]", 
     "avgMultiplicity": 15.23, 
     "capacity": 15, 
     "category": "gauss", 
     "lowerBound": 2, 
     "pageCount": 15, 
     "pages": [
       [0,2,7,8,9,12,14,15,16,17,19,21,22,24,27], 
       [3,4,7,8,9,12,14,17,19,21,22,23,26,27,28], 
       [0,1,2,4,5,7,8,9,12,16,17,19,20,24,26], 
       [0,1,3,5,7,8,12,13,14,18,20,21,23,28,29], 
       [0,2,6,7,9,10,11,12,13,17,18,24,25,27,28], 
       [1,3,5,9,10,12,13,14,15,16,17,18,19,20,25], 
       [1,2,7,8,9,10,13,16,17,18,19,22,25,26,29], 
       [0,2,5,8,10,11,12,13,14,15,17,23,26,27,28], 
       [0,4,8,10,11,15,16,18,19,21,22,26,28,29], 
       [0,2,4,6,12,13,14,16,21,22,23,24,25,28,29], 
       [0,2,5,6,8,9,10,13,14,15,17,20,21,22,28], 
       [0,1,4,6,9,15,16,17,20,21,22,23,25,27,28], 
       [2,3,8,9,12,15,16,17,20,21,23,24,26,27,29], 
       [1,2,6,7,10,15,16,18,19,20,21,24,26,27,28], 
       [1,6,7,11,12,13,14,16,18,19,22,23,24,26]
     ], 
     "paginations": [
       [4,39,31,0,52,62], 
       [26,21,53,44,13], 
       [69,19,40,47,61], 
       [23,64,42,16,56], 
       [22,27,37,3], 
       [7,12,14,20,33], 
       [41,1,38,9,10,25], 
       [45,49,65], 
       [18,60,6,63], 
       [48,50,24,66,54], 
       [17,35,59,34,32], 
       [68,28,2,29], 
       [43,55,15,46,11], 
       [67,51,8,57,36], 
       [58,5,30]
     ], 
     "properSymbolCount": 0, 
     "solvers": {
       "BestFusion": 20, 
       "FirstFit": 22, 
       "GeneticGroup": 15, 
       "GeneticStandard": 20, 
       "OverloadAndRemove": 17, 
       "OverloadAndRemovePresort": 17
     }, 
     "symbolCount": 30, 
     "symbols": [0,1,2,3,4,5,6,7,8,9,10,11,12,13,14,15,16,17,18,19,20,21,22,23,24,25,26,27,28,29], 
     "tileCount": 70, 
     "tileMaxSize": 9, 
     "tileMinSize": 4, 
     "tiles": [
       [0,9,17,19,21], 
       [8,9,10,16,19,22,25,26], 
       [0,1,4,15,20,25,27], 
       [0,2,6,11,25], 
       [9,12,14,15,19,21,24], 
       [1,6,7,13,19,22,23], 
       [0,8,10,11,15,16,26,28], 
       [1,3,9,15,16,18], 
       [1,2,6,10,16,27], 
       [2,10,16,17,19,29], 
       [1,7,8,10,13,16,17,25], 
       [8,15,17,21,24,26], 
       [3,9,10,13,14,16,18,19], 
       [7,8,9,22,23,27], 
       [10,14,18,20,25], 
       [3,8,21,24], 
       [1,3,14,18,21,23,29], 
       [2,9,13,14,17,21,22,28], 
       [0,4,10,19,22,26,28], 
       [2,4,5,7,12,17,19], 
       [3,13,17,19,25], 
       [12,14,19,23,27,28], 
       [6,7,11,12,13,17,28], 
       [7,8,14,18,20,28], 
       [4,6,12,13,14,16,29], 
       [16,17,19,22,26,29], 
       [3,4,12,14,19,21,22,26], 
       [7,9,10,12,18,24,27], 
       [0,4,9,21,25], 
       [0,1,4,16,17,28], 
       [1,11,14,16,24,26], 
       [2,7,14,15,16,22], 
       [0,2,8,9,14,15,20], 
       [5,12,16,19,25], 
       [2,5,6,17,22], 
       [2,5,9,20,22,28], 
       [1,7,18,21,27], 
       [0,2,6,10,13,24,25], 
       [2,7,9,10,18,26,29], 
       [0,2,7,8,19,27], 
       [0,5,8,9,24], 
       [1,7,9,10,19,22,29], 
       [0,1,3,5,12,13,18], 
       [2,3,8,9,12,16,24], 
       [7,17,21,23,26,28], 
       [2,8,13,15,26,27,28], 
       [2,9,12,15,16,23,27,29], 
       [1,2,4,16,17,24], 
       [0,2,13,21,23,24,28], 
       [0,2,11,12,13,15,17], 
       [2,4,6,13,14,16,23,25], 
       [1,6,7,15,19,26,27], 
       [8,14,15,22,24], 
       [3,8,14,17,22,28], 
       [0,2,6,12,21,23,25,28,29], 
       [3,9,17,20,23,24,29], 
       [12,20,21,23,29], 
       [6,16,18,20,24,26,27,28], 
       [1,7,11,12,18,19,23], 
       [6,9,10,13,15,21,22], 
       [0,11,16,19,21,26,29], 
       [2,8,12,16,20,26], 
       [2,7,8,9,17,21], 
       [0,8,18,19,21,22], 
       [8,12,14,18,21,29], 
       [5,10,11,14,15,17,23], 
       [0,4,13,16,22,25,29], 
       [1,6,10,18,19,26], 
       [0,6,9,16,21,22,23,27], 
       [0,1,4,5,7,17,20,26]
     ], 
     "times": {
       "BestFusion": 0.06, 
       "FirstFit": 0.04, 
       "GeneticGroup": 67.21, 
       "GeneticStandard": 5.26, 
       "OverloadAndRemove": 0.9, 
       "OverloadAndRemovePresort": 0.81
     }
   }, 
   {
     "approximation": "GeneticGroup [2015-11-05 18:54:25]", 
     "avgMultiplicity": 23.67, 
     "capacity": 15, 
     "category": "gauss", 
     "lowerBound": 2, 
     "pageCount": 33, 
     "pages": [
       [2,3,5,13,17,18,20,21,22,23,25,26,27,29], 
       [0,1,3,4,7,8,9,14,15,17,19,21,24,26,28], 
       [1,2,4,5,6,7,8,9,10,12,19,21,23,28,29], 
       [0,1,3,7,8,9,10,14,18,19,20,22,23,26,28], 
       [5,6,7,8,9,10,11,12,14,15,16,18,21,22,23], 
       [2,3,4,6,8,9,10,11,13,16,17,18,20,21,26], 
       [4,5,6,7,8,10,12,13,15,17,19,20,22,24,25], 
       [1,4,5,6,9,10,16,17,18,19,20,21,26,27,29], 
       [0,2,3,7,8,10,11,15,17,18,20,22,23,27,29], 
       [0,2,8,9,11,12,13,14,15,17,19,20,22,27,29], 
       [0,1,2,3,5,7,8,9,13,14,15,20,22,25,28], 
       [0,1,4,7,10,11,12,15,16,18,19,21,23,28,29], 
       [2,4,5,6,7,8,9,11,14,15,17,20,26,27], 
       [1,10,13,14,15,16,17,21,24,25,26,27,28,29], 
       [0,1,4,5,6,8,10,11,12,13,14,22,24,28,29], 
       [1,3,4,7,8,11,14,15,17,18,20,21,23,25,29], 
       [0,2,3,4,6,7,8,9,15,21,22,24,26,27,29], 
       [0,2,6,7,8,9,13,14,16,17,18,24,25,28,29], 
       [0,1,2,4,5,9,10,12,13,20,21,22,23,26,27], 
       [4,5,6,7,8,11,14,15,16,17,22,24,25,26,29], 
       [0,1,3,5,6,8,10,12,15,18,19,20,21,24,25], 
       [0,1,2,5,11,12,15,18,20,22,24,25,26,28,29], 
       [0,2,3,6,7,11,13,16,18,21,22,23,24,25,29], 
       [0,1,4,5,6,7,8,9,12,13,14,17,25,27,28], 
       [4,6,9,11,12,15,16,17,20,22,24,25,26,28], 
       [2,4,6,8,9,11,13,16,17,19,25,26,27,28,29], 
       [3,4,5,9,10,12,13,14,15,21,22,23,25,26,29], 
       [1,3,5,6,8,9,10,12,13,14,16,18,19,25,27], 
       [0,2,3,6,7,11,12,14,15,16,19,22,23,27,28], 
       [3,5,6,7,12,13,14,15,16,18,19,24,27,29], 
       [1,2,4,9,12,13,14,16,18,19,21,24,25,27,28], 
       [1,2,5,6,9,13,14,15,16,18,22,23,26,27], 
       [0,1,3,4,7,8,11,13,16,17,20,21,22,26,28]
     ], 
     "paginations": [
       [64,13], 
       [38,14], 
       [11,16], 
       [4,49], 
       [6,50], 
       [65,52,46], 
       [26,58,29], 
       [60,17], 
       [21,51], 
       [61,33], 
       [69,30,67], 
       [45,66], 
       [48,20,57], 
       [36,18], 
       [19,3], 
       [15,44], 
       [23,55], 
       [31,39], 
       [27,34], 
       [28,53], 
       [10,37], 
       [47,63], 
       [56,54], 
       [68,2], 
       [1,22], 
       [25,40], 
       [9,8], 
       [12,24], 
       [32,5], 
       [42,43], 
       [7,35], 
       [41,59], 
       [0,62]
     ], 
     "properSymbolCount": 0, 
     "solvers": {
       "BestFusion": 36, 
       "FirstFit": 37, 
       "GeneticGroup": 33, 
       "GeneticStandard": 36, 
       "OverloadAndRemove": 43, 
       "OverloadAndRemovePresort": 42
     }, 
     "symbolCount": 30, 
     "symbols": [0,1,2,3,4,5,6,7,8,9,10,11,12,13,14,15,16,17,18,19,20,21,22,23,24,25,26,27,28,29], 
     "tileCount": 70, 
     "tileMaxSize": 13, 
     "tileMinSize": 8, 
     "tiles": [
       [0,1,3,4,7,8,11,16,17,21,28], 
       [4,6,15,16,20,22,24,26,28], 
       [1,5,6,9,12,14,17,25,27,28], 
       [0,1,5,6,8,12,13,24,28,29], 
       [0,1,3,9,10,14,19,20,23,26,28], 
       [0,2,3,6,7,14,16,22,23,28], 
       [6,7,8,10,14,15,16,21,22,23], 
       [2,4,9,12,13,16,18,19,24,27,28], 
       [3,5,9,10,12,13,14,23,25,29], 
       [4,9,12,13,14,15,21,22,23,26], 
       [1,3,5,6,8,10,18,20,21,25], 
       [1,2,5,6,7,9,10,12,21,23,28], 
       [1,3,6,8,9,10,13,14,16,18,19,27], 
       [2,13,17,18,21,22,23,27,29], 
       [0,1,3,7,8,9,14,15,17,19,21,26,28], 
       [1,3,14,15,17,18,20,21,25], 
       [1,4,5,7,8,9,10,12,19,28,29], 
       [1,4,5,6,10,16,17,18,19,27,29], 
       [1,10,13,14,15,21,24,26,27], 
       [0,4,5,6,10,11,13,14,22,28], 
       [4,6,7,8,9,11,14,17,20,27], 
       [0,2,3,8,15,18,20,22,27,29], 
       [4,9,11,12,15,16,17,20,22,25,26], 
       [0,2,3,7,8,15,21,26,27,29], 
       [1,3,5,6,8,12,14,18,19,25], 
       [2,6,8,9,13,17,19,26,27,28,29], 
       [5,6,12,13,15,17,19,20,22,24], 
       [0,2,4,5,10,12,13,20,21,23,27], 
       [4,5,7,8,11,14,15,17,22,25,29], 
       [4,6,10,13,19,20,22,25], 
       [2,5,8,9,14,20,22,25,28], 
       [2,6,7,9,14,16,17,18,25,29], 
       [0,6,7,11,12,15,16,19,23,27,28], 
       [0,2,9,11,13,14,15,17,19,20,29], 
       [1,4,5,9,10,12,13,20,21,22,23,26], 
       [1,2,4,9,13,14,18,21,24,25], 
       [14,15,16,17,21,25,27,28,29], 
       [0,1,6,8,12,15,19,20,21,24], 
       [0,1,4,7,8,14,17,19,21,24], 
       [0,2,7,8,9,13,14,16,24,25,28,29], 
       [4,6,8,9,11,16,17,25,28,29], 
       [1,2,5,6,13,14,15,16,18,23,27], 
       [3,5,12,14,15,16,18,19,24,27,29], 
       [3,6,7,13,15,18,19,24,27,29], 
       [3,4,7,8,11,20,23,25,29], 
       [0,4,10,12,15,18,19,21,23,28,29], 
       [2,3,8,9,11,13,16,18,21,26], 
       [1,2,5,11,15,20,22,24,26,28,29], 
       [2,5,6,7,8,9,17,20,26], 
       [7,8,9,10,18,19,22,23,26,28], 
       [5,6,7,8,9,11,12,15,16,18,22], 
       [7,10,11,15,17,18,20,22,23,29], 
       [3,4,6,8,9,13,16,17,20,26], 
       [4,5,6,8,11,16,17,24,26,29], 
       [0,3,7,16,18,21,22,23,24,25,29], 
       [0,4,6,8,9,21,22,24,26], 
       [0,2,6,11,13,16,22,23,24,29], 
       [2,4,6,7,8,14,15,17,26], 
       [5,7,8,10,15,17,19,20,22,24], 
       [1,2,9,13,14,15,18,22,23,26], 
       [1,4,9,10,17,20,21,26,27,29], 
       [0,2,8,9,12,19,20,22,27,29], 
       [3,7,8,13,16,20,21,22,26,28], 
       [0,1,11,12,18,20,22,24,25,26], 
       [2,3,5,17,20,22,25,26,27], 
       [2,6,8,10,11,16,17,21,26], 
       [1,7,11,12,15,16,18,19], 
       [0,3,7,9,13,14,15,20,25,28], 
       [0,1,4,7,8,12,13,14,25,27], 
       [0,1,5,7,8,15,20,25,28]
     ], 
     "times": {
       "BestFusion": 0.06, 
       "FirstFit": 0.05, 
       "GeneticGroup": 88.82, 
       "GeneticStandard": 6.33, 
       "OverloadAndRemove": 1.74, 
       "OverloadAndRemovePresort": 1.74
     }
   }
 ]