[
   {
     "approximation": "GeneticGroup [2014-10-29 19:24:10]", 
     "avgMultiplicity": 8.51, 
     "capacity": 15, 
     "category": "gauss", 
     "lowerBound": 3, 
     "pageCount": 7, 
     "pages": [
       [0,1,2,5,6,8,10,12,13,14,16,19,22,24,26], 
       [0,1,6,7,8,10,11,16,17,21,27,28,31,32,33], 
       [2,3,4,5,9,15,16,21,22,23,25,27,28,30,32], 
       [4,6,9,11,13,14,17,19,20,22,24,27,29,32,34], 
       [0,3,4,5,10,15,16,18,19,20,26,28,30,31,34], 
       [2,3,4,6,7,12,18,21,23,26,27,29,30,31,32], 
       [1,3,7,8,9,11,13,14,16,18,21,24,25,31,34]
     ], 
     "paginations": [
       [38,35,45,79,11,64,21,27,57,2,36,50,58,73,70,32,42,89,80,25], 
       [92,54,84,94,49,44,55,24,88,87,48,31,8,13,83,14,72,19,91,81,40], 
       [99,28,76,60,53,46,78,69,63,7,39,4,20,22,82], 
       [23,75,26,9,77,43,95,18,30,97], 
       [86,66,52,16,1,90,41,51,62,10,65,0,33], 
       [12,85,56,96,61,29,37,59,34,5,47], 
       [3,74,15,67,6,68,17,98,71,93]
     ], 
     "properSymbolCount": 0, 
     "solvers": {
       "BestFusion": 10, 
       "FirstFit": 12, 
       "GeneticGroup": 7, 
       "GeneticStandard": 10, 
       "OverloadAndRemove": 8, 
       "OverloadAndRemovePresort": 8
     }, 
     "symbolCount": 35, 
     "symbols": [0,1,2,3,4,5,6,7,8,9,10,11,12,13,14,15,16,17,18,19,20,21,22,23,24,25,26,27,28,29,30,31,32,33,34], 
     "tileCount": 100, 
     "tileMaxSize": 5, 
     "tileMinSize": 2, 
     "tiles": [
       [10,34], 
       [5,18], 
       [12,14,16,22], 
       [11,13,16,24], 
       [23,25], 
       [2,29,31], 
       [14,18,25,31], 
       [2,25], 
       [27,32], 
       [9,14,17,34], 
       [0,3,34], 
       [5,6], 
       [6,12,18,23], 
       [28,31], 
       [17,27,28], 
       [7,9,11], 
       [3,10,18,30], 
       [8,21,24,34], 
       [14,32], 
       [1,31], 
       [2,21,22,30], 
       [1,5,14], 
       [25,30,32], 
       [6,17,20,32], 
       [8,11,21,31], 
       [0,16], 
       [4,9,19,34], 
       [0,13], 
       [5,30], 
       [23,26], 
       [13,20], 
       [7,10], 
       [2,24], 
       [4,18,26], 
       [4,29,30], 
       [8,10,14], 
       [1,16,24], 
       [12,26,31], 
       [13,22], 
       [4,15,25], 
       [17,28,33], 
       [10,26,31], 
       [1,2,6,19], 
       [24,27,29], 
       [1,11,28], 
       [2,8,10,26], 
       [2,4,22,28], 
       [7,18,21], 
       [0,11,27], 
       [6,7,8,28], 
       [12,13,14], 
       [10,18,20], 
       [4,10,19], 
       [5,9,28], 
       [7,8,21], 
       [1,33], 
       [2,18,29], 
       [12,19,26], 
       [2,12], 
       [3,7,29,32], 
       [3,22], 
       [3,21,26], 
       [18,28,34], 
       [3,5,16,23,28], 
       [10,13], 
       [5,34], 
       [4,16,20], 
       [7,9,24], 
       [1,3,9,11], 
       [9,23], 
       [0,5,14,19], 
       [11,25], 
       [10,27,33], 
       [1,10,12], 
       [7,14], 
       [20,24,29,34], 
       [16,27,30], 
       [6,19,22,34], 
       [9,16,21,32], 
       [8,10,16,22], 
       [6,12,14], 
       [7,11,31], 
       [4,23,27,30], 
       [6,33], 
       [8,10,16,17], 
       [6,12,27], 
       [20,26], 
       [0,17], 
       [1,11,16,32], 
       [1,2,5], 
       [15,16,18], 
       [6,16,27], 
       [10,21,31,33], 
       [11,34], 
       [0,10], 
       [11,20], 
       [4,6,7,31], 
       [11,14,24], 
       [3,9,13], 
       [15,22,32]
     ], 
     "times": {
       "BestFusion": 0.11, 
       "FirstFit": 0.08, 
       "GeneticGroup": 74.28, 
       "GeneticStandard": 7.34, 
       "OverloadAndRemove": 0.53, 
       "OverloadAndRemovePresort": 0.71
     }
   }, 
   {
     "approximation": "GeneticGroup [2014-10-29 19:24:10]", 
     "avgMultiplicity": 18.8, 
     "capacity": 15, 
     "category": "gauss", 
     "lowerBound": 3, 
     "pageCount": 25, 
     "pages": [
       [0,3,4,6,7,12,13,14,16,18,23,24,27,28,31], 
       [1,3,5,9,11,15,16,18,19,21,23,25,27,29,30], 
       [2,6,8,10,12,13,15,17,22,23,26,27,29,30,31], 
       [4,7,9,11,14,15,16,18,21,22,23,29,32,33,34], 
       [0,2,3,4,5,6,8,10,11,17,18,22,23,31,32], 
       [0,1,3,5,9,10,11,16,17,20,21,26,28,29,30], 
       [0,3,4,6,10,13,14,15,18,21,24,25,29,30,33], 
       [0,3,5,10,15,17,18,19,20,22,26,27,31,33,34], 
       [0,1,2,3,7,11,12,15,16,17,21,27,30,31,34], 
       [2,5,8,9,11,12,15,16,22,25,28,30,31,32,33], 
       [4,7,8,10,11,13,15,16,18,19,23,24,25,27,33], 
       [0,1,3,5,6,7,9,16,21,22,23,30,31,32,33], 
       [0,1,2,6,9,10,11,12,18,24,25,26,28,30,31], 
       [0,2,5,8,9,12,13,15,17,18,20,21,29,32,33], 
       [1,4,6,7,8,13,14,18,19,20,29,30,31,32,34], 
       [5,6,10,11,14,16,20,21,22,26,30,32,33,34], 
       [0,1,3,5,7,8,12,13,14,17,18,23,26,28,34], 
       [2,4,5,6,8,10,12,13,14,17,19,25,28,30,31], 
       [0,1,2,5,17,19,20,21,23,24,25,26,28,32,34], 
       [0,4,6,9,13,14,16,19,23,24,25,26,28,32,33], 
       [1,2,6,7,8,12,16,19,20,22,24,28,31,32,33], 
       [2,7,11,12,15,17,19,20,21,22,23,24,26,27,30], 
       [0,1,4,10,13,15,16,20,21,22,26,27,28,29,31], 
       [4,5,6,8,13,15,16,18,19,20,21,24,28,32,34], 
       [1,5,7,16,19,30]
     ], 
     "paginations": [
       [60,35,23,67,88,81,39], 
       [98,85,19], 
       [26,69,11,49,55], 
       [7,37,45,71,86], 
       [16,70,62,51,32], 
       [92,47,10,90], 
       [87,9,5,63,41], 
       [59,79,96], 
       [34,99,31], 
       [58,0,46,4], 
       [20,64,14], 
       [76,56,91,97], 
       [77,74,12,29], 
       [15,66,44,53], 
       [2,36,8,93], 
       [48,13,21,94], 
       [52,78,40,65,22,27], 
       [84,72,6], 
       [82,73,25,33], 
       [42,1,17,68,18], 
       [83,54,24,50], 
       [57,30,89,43], 
       [75,28,3], 
       [95,38,61], 
       [80]
     ], 
     "properSymbolCount": 0, 
     "solvers": {
       "BestFusion": 31, 
       "FirstFit": 33, 
       "GeneticGroup": 25, 
       "GeneticStandard": 30, 
       "OverloadAndRemove": 26, 
       "OverloadAndRemovePresort": 26
     }, 
     "symbolCount": 35, 
     "symbols": [0,1,2,3,4,5,6,7,8,9,10,11,12,13,14,15,16,17,18,19,20,21,22,23,24,25,26,27,28,29,30,31,32,33,34], 
     "tileCount": 100, 
     "tileMaxSize": 8, 
     "tileMinSize": 5, 
     "tiles": [
       [5,12,15,25,28,30,32], 
       [4,6,19,23,26,28,33], 
       [7,13,20,30,31,32], 
       [0,13,15,20,21,28,31], 
       [8,11,28,31,32,33], 
       [3,6,14,25,29,33], 
       [2,10,17,19,28,30,31], 
       [11,14,15,21,22,23,34], 
       [1,6,7,14,18,19,31,34], 
       [3,6,10,18,21,24,25,33], 
       [0,1,3,16,20,28,30], 
       [2,6,10,12,13,22,23,29], 
       [0,2,18,24,28], 
       [10,11,14,16,30,34], 
       [7,11,19,24,27,33], 
       [2,5,8,12,13,15,20,33], 
       [0,2,3,17,23,31,32], 
       [0,13,24,25,26,28,33], 
       [0,16,28,32,33], 
       [5,18,21,23,25,27], 
       [8,13,18,19,23,27], 
       [10,16,20,21,26,34], 
       [0,3,8,23,26,34], 
       [3,6,13,24,27,31], 
       [12,16,19,20,22,28,33], 
       [1,17,20,23,24,25,28,34], 
       [2,6,8,17,22,29], 
       [3,8,12,13,23], 
       [0,4,10,26,27,29,31], 
       [1,11,24,25,26,28,31], 
       [2,11,15,17,20,22,30], 
       [0,1,2,12,21,27,31], 
       [0,3,4,6,8,22,31], 
       [0,1,17,21,24,25], 
       [3,15,16,17,30,31,34], 
       [0,4,6,12,13,14,28], 
       [6,8,13,20,30,31,32], 
       [9,11,14,18,23,29], 
       [5,6,15,24,28,32], 
       [6,16,18,24,27,31], 
       [1,7,8,18,26,34], 
       [13,21,24,25,29], 
       [4,9,14,16,25,28,33], 
       [7,12,15,24,26], 
       [13,17,20,29,33], 
       [4,7,9,16,21,32], 
       [2,9,11,16,25,31,33], 
       [0,5,9,11,21,29,30], 
       [5,20,21,22,32], 
       [8,22,23,26,29,30,31], 
       [1,6,7,16,24,33], 
       [4,5,11,17,18,22,31], 
       [1,5,13,17,18,23,34], 
       [0,5,9,17,18,32,33], 
       [1,2,8,12,16,19,31,32], 
       [2,8,12,15,26,31], 
       [3,5,7,9,16,33], 
       [7,12,19,21,23,26,27], 
       [11,12,16,22,25,30,32], 
       [3,5,10,19,22,31,33,34], 
       [6,14,18,24,28,31], 
       [5,13,16,19,21,24], 
       [3,4,5,10,11,23], 
       [0,3,6,24,29,30], 
       [4,10,11,15,16,23,25,33], 
       [1,5,13,17,18,28], 
       [2,9,17,21,29,33], 
       [4,7,12,18,24], 
       [4,6,13,14,19,28,32], 
       [6,8,10,15,17,27], 
       [6,8,10,11,18,23,31], 
       [9,15,18,21,22,23,32], 
       [2,6,8,13,14,19,25], 
       [1,17,19,21,26,28], 
       [0,9,10,11,18,26,30], 
       [1,4,15,16,22,26,28], 
       [0,6,16,21,23,30,33], 
       [1,2,6,12,24,25,31], 
       [1,3,5,7,12,14,18,26], 
       [0,10,17,18,22,27,33], 
       [1,5,7,16,19,30], 
       [7,12,13,16,23,24], 
       [1,2,5,20,26,32], 
       [19,22,24,28,31], 
       [4,5,10,12,14,25,30], 
       [1,3,9,19,23,25,29,30], 
       [4,9,11,16,29,33], 
       [4,13,14,15,21,24,30,33], 
       [3,4,7,13,16,27,28], 
       [17,22,24,26,27,30], 
       [5,10,11,17,20,21,26], 
       [0,3,6,9,16,22,31], 
       [3,5,10,16,17,26,28], 
       [4,7,19,29,30,31], 
       [6,21,22,26,30,32,33,34], 
       [4,8,16,18,20,34], 
       [5,10,15,18,19,20,26], 
       [1,3,16,21,30,32], 
       [11,15,16,18,21,25,30], 
       [1,7,11,15,16,30,31]
     ], 
     "times": {
       "BestFusion": 0.07, 
       "FirstFit": 0.05, 
       "GeneticGroup": 90.58, 
       "GeneticStandard": 7.47, 
       "OverloadAndRemove": 1.82, 
       "OverloadAndRemovePresort": 1.73
     }
   }, 
   {
     "approximation": "GeneticGroup [2014-10-29 19:24:10]", 
     "avgMultiplicity": 8.14, 
     "capacity": 15, 
     "category": "gauss", 
     "lowerBound": 3, 
     "pageCount": 7, 
     "pages": [
       [0,4,5,7,9,10,11,13,14,16,17,26,30,32,33], 
       [5,7,8,10,12,14,15,18,20,21,26,27,29,30,31], 
       [0,1,2,4,7,8,13,20,22,23,28,29,32,33,34], 
       [1,2,3,4,6,10,11,15,18,19,22,25,30,33,34], 
       [0,3,9,10,12,13,17,19,23,25,26,28,30,31,32], 
       [3,6,7,9,14,16,19,20,21,24,25,27,29,30,31], 
       [3,8,12,16,18,21,23,27,28,31,33,34]
     ], 
     "paginations": [
       [96,36,82,19,58,5,29,91,21,90,54,31,43,3,33,13,77], 
       [46,45,48,15,44,14,27,75,16,94,67,81,80], 
       [2,56,92,98,79,4,84,59,26,30,1,23,62,74,22,69,38,66,9], 
       [83,86,25,34,53,87,68,18,95,20,41,60,10,7,76], 
       [37,12,64,24,72,49,65,85,61,42,6,51,93,28,50], 
       [71,40,70,8,89,73,57,17,32,78,63,11,35,0,97,99], 
       [55,88,47,39,52]
     ], 
     "properSymbolCount": 0, 
     "solvers": {
       "BestFusion": 9, 
       "FirstFit": 11, 
       "GeneticGroup": 7, 
       "GeneticStandard": 10, 
       "OverloadAndRemove": 8, 
       "OverloadAndRemovePresort": 8
     }, 
     "symbolCount": 35, 
     "symbols": [0,1,2,3,4,5,6,7,8,9,10,11,12,13,14,15,16,17,18,19,20,21,22,23,24,25,26,27,28,29,30,31,32,33,34], 
     "tileCount": 100, 
     "tileMaxSize": 6, 
     "tileMinSize": 2, 
     "tiles": [
       [7,19], 
       [0,8,29], 
       [7,13,29], 
       [11,30], 
       [2,28], 
       [7,30,33], 
       [0,31], 
       [10,25], 
       [6,19,31], 
       [0,1,13], 
       [10,34], 
       [3,9,16], 
       [13,19,23,26], 
       [10,30], 
       [12,29,30], 
       [12,14,21,31], 
       [5,7,12], 
       [7,24,29], 
       [2,15], 
       [0,16,17,30], 
       [2,10], 
       [7,9,17], 
       [13,20], 
       [4,13,33,34], 
       [3,28,32], 
       [4,22,25], 
       [0,20], 
       [10,20], 
       [23,25], 
       [4,17], 
       [7,23,34], 
       [5,7,30], 
       [7,14,25], 
       [10,11,33], 
       [3,11,18,33], 
       [6,24,31], 
       [26,33], 
       [3,12,30], 
       [1,28,32], 
       [3,8,12,21,28], 
       [24,30], 
       [11,19], 
       [3,26,28,30], 
       [7,32,33], 
       [7,8,31], 
       [15,21,26,29], 
       [8,26,27], 
       [28,31,33], 
       [7,8,20,27], 
       [3,13,17], 
       [9,19], 
       [9,28], 
       [12,34], 
       [4,11,22], 
       [4,14,26], 
       [16,18,31,34], 
       [0,1,33], 
       [14,24], 
       [0,14], 
       [8,13,29], 
       [3,6,18], 
       [10,17,31,32], 
       [4,7,22], 
       [9,29], 
       [0,9,10,12,13,32], 
       [9,17,25], 
       [4,20], 
       [30,31], 
       [18,22,25], 
       [2,23], 
       [16,24,31], 
       [3,24], 
       [17,26,28], 
       [6,20,21], 
       [0,28,34], 
       [8,15,18], 
       [19,25], 
       [13,30], 
       [9,20,27,31], 
       [2,4,29,33], 
       [20,29,31], 
       [21,27,30], 
       [4,5,10,13,16], 
       [10,15,22], 
       [1,23], 
       [25,26], 
       [19,30,34], 
       [1,11,18], 
       [12,23,27], 
       [6,20,30], 
       [5,11,14], 
       [5,9,32], 
       [20,23], 
       [17,19], 
       [18,21], 
       [1,4,6], 
       [14,17,32], 
       [25,27,31], 
       [4,28], 
       [3,7,27,30]
     ], 
     "times": {
       "BestFusion": 0.1, 
       "FirstFit": 0.07, 
       "GeneticGroup": 77.14, 
       "GeneticStandard": 7.17, 
       "OverloadAndRemove": 0.72, 
       "OverloadAndRemovePresort": 0.61
     }
   }, 
   {
     "approximation": "GeneticGroup [2014-10-29 19:24:10]", 
     "avgMultiplicity": 18.63, 
     "capacity": 15, 
     "category": "gauss", 
     "lowerBound": 3, 
     "pageCount": 24, 
     "pages": [
       [1,6,11,12,13,16,17,21,23,24,27,28,32,33,34], 
       [0,5,8,9,10,14,17,19,21,22,23,25,28,29,31], 
       [1,2,8,9,11,16,19,21,23,24,25,28,32,33,34], 
       [3,4,5,7,8,9,10,12,15,19,20,22,25,30,34], 
       [0,2,4,6,10,11,12,13,15,16,21,23,27,30,32], 
       [1,5,6,10,14,15,17,18,20,23,24,25,26,27,32], 
       [3,4,5,7,8,10,13,14,15,16,18,24,26,28,30], 
       [1,7,9,10,11,12,14,15,16,18,21,25,28,29,32], 
       [0,1,4,6,7,8,9,12,16,18,20,21,25,26,28], 
       [0,1,4,5,7,8,9,11,19,20,22,23,29,31,32], 
       [1,3,8,12,13,14,15,16,18,19,20,25,31,32,33], 
       [1,2,3,5,10,11,12,15,17,18,22,23,27,29,31], 
       [0,1,2,3,6,10,11,14,16,17,25,27,29,32,34], 
       [1,2,8,11,14,17,19,20,23,25,26,27,29,31,33], 
       [0,1,3,4,5,6,9,14,17,18,19,22,29,31,32], 
       [0,1,6,8,9,15,16,18,22,24,25,30,31,34], 
       [2,4,7,8,10,15,16,17,19,20,22,26,28,32,33], 
       [0,5,9,10,11,13,14,19,22,23,24,26,27,28,33], 
       [2,4,6,8,13,14,21,23,27,29,30,31,32,33,34], 
       [0,5,6,7,9,10,16,17,19,20,23,24,28,31,33], 
       [3,5,7,9,11,13,14,17,20,24,29,30,31,33], 
       [0,1,4,10,11,13,16,17,18,19,21,22,23,24,25], 
       [0,1,2,3,4,7,13,15,16,17,26,30,33,34], 
       [0,1,4,12,18,20,21,25,26,28,29,30,32,33,34]
     ], 
     "paginations": [
       [58,38,71,80,18], 
       [85,74,55,52], 
       [36,73,32,81,35], 
       [46,41,56,77], 
       [4,83,25,37,95], 
       [15,63,42,49,89], 
       [6,16,53,93,0], 
       [8,43,19,94,79,1], 
       [21,24,7], 
       [48,51,5,12,99], 
       [65,59,26,84], 
       [76,60,9,3], 
       [47,72,29,50,67], 
       [62,45,96], 
       [39,33,98,90], 
       [2,86], 
       [69,20,66,82], 
       [40,31,70,57], 
       [23,44,97,88,30], 
       [13,34,64], 
       [10,17,14], 
       [27,78,68,92], 
       [91,11,87,61], 
       [22,28,54,75]
     ], 
     "properSymbolCount": 0, 
     "solvers": {
       "BestFusion": 32, 
       "FirstFit": 32, 
       "GeneticGroup": 24, 
       "GeneticStandard": 30, 
       "OverloadAndRemove": 27, 
       "OverloadAndRemovePresort": 26
     }, 
     "symbolCount": 35, 
     "symbols": [0,1,2,3,4,5,6,7,8,9,10,11,12,13,14,15,16,17,18,19,20,21,22,23,24,25,26,27,28,29,30,31,32,33,34], 
     "tileCount": 100, 
     "tileMaxSize": 9, 
     "tileMinSize": 4, 
     "tiles": [
       [7,10,13,15,16,18,26], 
       [1,9,10,15,28,32], 
       [0,9,15,16,18,24,30,31], 
       [1,11,18,27,29,31], 
       [6,12,16,27,30], 
       [7,8,11,23,31], 
       [3,4,8,13,14,15,18,24], 
       [0,8,9,18,20,25,26,28], 
       [9,10,12,16,18,21], 
       [5,11,12,17,18,23,29], 
       [3,5,9,17,20,29,30], 
       [1,2,13,15,16,26,30,33], 
       [0,1,4,5,11,20,23,29], 
       [7,16,17,20,28,31], 
       [5,7,13,14,24,31,33], 
       [6,10,20,24,26], 
       [3,5,7,13,24,28], 
       [7,11,13,24,29,30], 
       [1,6,11,17,27,28,34], 
       [1,7,11,14,21,25], 
       [2,15,19,26,28,32,33], 
       [1,4,6,12,26], 
       [1,20,21,26,29,30,32,33], 
       [2,6,8,13,21,27,34], 
       [7,9,16,20,21,25,28], 
       [0,13,16,32], 
       [1,8,12,13,15,16,32], 
       [0,1,10,13,16,24], 
       [0,4,12,25,26,28,33], 
       [0,1,2,27,32,34], 
       [2,4,8,13,29,30,32], 
       [0,5,13,14,19,23,26], 
       [9,11,16,24,25,32], 
       [1,14,17,29,31,32], 
       [5,9,10,17,20,23,33], 
       [1,2,8,9,11,16,28], 
       [2,11,19,23,24,25,33], 
       [4,10,11,13,27,30,32], 
       [1,6,16,23,27,28,34], 
       [0,1,5,17,18,19,29], 
       [0,9,10,11,26,28,33], 
       [3,4,5,12,15,30], 
       [10,14,15,17,24,27,32], 
       [1,9,10,15,16,29], 
       [2,21,30,31,32,33,34], 
       [2,8,20,23,25,26,27,33], 
       [8,10,19,20,22,34], 
       [0,3,11,16,17,27,29], 
       [1,4,7,19,31], 
       [1,10,18,23,26,32], 
       [0,1,2,3,11,14,32], 
       [4,5,9,22,29], 
       [0,5,8,10,23,25,29], 
       [3,5,7,14,24,28,30], 
       [1,18,20,21,28,34], 
       [5,8,9,10,19,23,31], 
       [5,7,8,9,12,15,20,25,30], 
       [10,14,22,23,27,28], 
       [1,13,16,24,33,34], 
       [3,18,19,20,25,31,32], 
       [5,11,12,15,22,23,27,31], 
       [2,4,7,13,26], 
       [1,2,19,23,25,29,31,33], 
       [1,5,10,15,20,25,26], 
       [0,6,7,9,19,24,31], 
       [12,16,19,31,32,33], 
       [4,10,19,26,32], 
       [1,3,6,14,25,27], 
       [1,4,10,21,22,24], 
       [2,7,8,16,22,26,33], 
       [0,9,10,22,24,33], 
       [16,21,23,24,27,28,32], 
       [1,3,6,10,14,34], 
       [8,11,19,28,33,34], 
       [0,9,17,21,22,28,29], 
       [12,28,29,30,32,33], 
       [2,3,10,12,18,22,23,31], 
       [3,5,7,10,19], 
       [0,11,18,19,21,22,23], 
       [7,14,15,16,21,32], 
       [12,13,21,23,27,33], 
       [16,19,21,24,25,33,34], 
       [2,7,17,20,26,28], 
       [2,10,11,12,16,21,23,30], 
       [12,13,14,15,16,19,31], 
       [5,9,14,25,28,31], 
       [1,6,8,15,22,25,31,34], 
       [0,7,13,17,26,34], 
       [2,8,21,23,27,29,31], 
       [1,6,14,17,26,32], 
       [3,4,6,17,19,22,29], 
       [3,4,17,33,34], 
       [10,16,17,18,24,25], 
       [8,10,14,15,26], 
       [7,18,25,32], 
       [0,2,6,11,12,15,23], 
       [8,11,14,17,20,27], 
       [2,4,14,21,29,31,34], 
       [1,3,5,9,18], 
       [4,7,9,19,20,22,31,32]
     ], 
     "times": {
       "BestFusion": 0.07, 
       "FirstFit": 0.05, 
       "GeneticGroup": 91.35, 
       "GeneticStandard": 7.62, 
       "OverloadAndRemove": 1.72, 
       "OverloadAndRemovePresort": 1.77
     }
   }, 
   {
     "approximation": "OverloadAndRemovePresort [2014-10-28 13:19:41]", 
     "avgMultiplicity": 8.49, 
     "capacity": 15, 
     "category": "gauss", 
     "lowerBound": 3, 
     "pageCount": 8, 
     "pages": [
       [5,6,7,8,10,11,12,13,14,18,19,22,23,27,28], 
       [0,1,3,8,13,19,21,24,26,29,30,31,32,33,34], 
       [1,2,4,6,7,10,12,17,18,21,22,25,27,33,34], 
       [2,4,11,16,17,20,21,22,23,24,28,29,30,33,34], 
       [0,1,2,3,4,7,8,9,10,11,15,27,28,29,32], 
       [3,5,10,13,14,17,18,20,25,26,29,30,32,33,34], 
       [0,4,5,6,13,15,17,18,19,24,25,28,30,31,32], 
       [2,5,6,9,12,16,18,23,26,33]
     ], 
     "paginations": [
       [38,3,58,14,23,35,39,56,62,31,67,12,82,4,19,79], 
       [0,15,47,51,57,66,98,5,75,87,13,9,22,18,94], 
       [26,46,78,89,7,17,25,33,36,73,40,61,64,69,34,27], 
       [10,28,92,93,41,50,63,74,80,83,96,81,48], 
       [43,20,30,90,59,76,11,52,1,44,49,45,65], 
       [37,53,84,55,72,2,71,54,21,60], 
       [99,6,42,68,86,97,70,95,24,77], 
       [32,8,16,88,91,29,85]
     ], 
     "properSymbolCount": 0, 
     "solvers": {
       "BestFusion": 10, 
       "FirstFit": 11, 
       "GeneticGroup": 8, 
       "GeneticStandard": 10, 
       "OverloadAndRemove": 9, 
       "OverloadAndRemovePresort": 8
     }, 
     "symbolCount": 35, 
     "symbols": [0,1,2,3,4,5,6,7,8,9,10,11,12,13,14,15,16,17,18,19,20,21,22,23,24,25,26,27,28,29,30,31,32,33,34], 
     "tileCount": 100, 
     "tileMaxSize": 5, 
     "tileMinSize": 2, 
     "tiles": [
       [4,23,30], 
       [1,15], 
       [11,20,21,28], 
       [5,29], 
       [0,21,32,33], 
       [1,2,18,33], 
       [1,9,27], 
       [7,13,14,18,27], 
       [0,17,30], 
       [13,24,31], 
       [11,20,34], 
       [0,29], 
       [12,16], 
       [10,20,34], 
       [5,8,10], 
       [2,3,9,27], 
       [21,24,30], 
       [5,14,32,33], 
       [3,24,26,34], 
       [1,21,27], 
       [22,24,30], 
       [16,33], 
       [15,19,30], 
       [2,15], 
       [18,21], 
       [19,21], 
       [5,11], 
       [29,31,32], 
       [9,23,26,33], 
       [33,34], 
       [6,15,17,30], 
       [13,15,28,30], 
       [2,11,32], 
       [5,10,19,28], 
       [18,26], 
       [13,24,25], 
       [3,7,10,11], 
       [14,29], 
       [3,33], 
       [26,29,31], 
       [5,16], 
       [1,10,22], 
       [11,17,20,23], 
       [2,12], 
       [10,22,27], 
       [8,13,14], 
       [3,10,29], 
       [17,22,34], 
       [2,11,16,20], 
       [25,30], 
       [6,31], 
       [2,23,26], 
       [1,4,12,22], 
       [0,8,15], 
       [4,16,28], 
       [5,13,22], 
       [7,8,15], 
       [25,32], 
       [4,34], 
       [9,29], 
       [2,6,21,25], 
       [20,22,29], 
       [11,13], 
       [2,11,24], 
       [1,13,24,33], 
       [2,16,18], 
       [2,6,18,22], 
       [8,13,19,26], 
       [4,24,28], 
       [19,29,34], 
       [0,30,34], 
       [0,7,28], 
       [12,17,21], 
       [25,33], 
       [5,15,17], 
       [5,18,28], 
       [6,9], 
       [3,10,17,30], 
       [6,14,19], 
       [4,18,19,32], 
       [4,19,25], 
       [14,20], 
       [14,17,18], 
       [5,8,23], 
       [11,21,24], 
       [1,22,25,27], 
       [1,4,21], 
       [6,12,19,23], 
       [5,12], 
       [5,10,19,27], 
       [12,21,22,33], 
       [13,21], 
       [15,29], 
       [9,12], 
       [2,7,22], 
       [20,29,30,33], 
       [4,7,28], 
       [3,13,20], 
       [11,19], 
       [8,28]
     ], 
     "times": {
       "BestFusion": 0.1, 
       "FirstFit": 0.06, 
       "GeneticGroup": 71.93, 
       "GeneticStandard": 7.57, 
       "OverloadAndRemove": 0.54, 
       "OverloadAndRemovePresort": 0.5
     }
   }, 
   {
     "approximation": "OverloadAndRemovePresort [2014-10-28 15:06:13]", 
     "avgMultiplicity": 18.26, 
     "capacity": 15, 
     "category": "gauss", 
     "lowerBound": 3, 
     "pageCount": 24, 
     "pages": [
       [0,1,2,6,11,14,15,17,20,21,23,24,26,31,34], 
       [1,2,8,9,10,17,21,22,26,27,28,29,31,33,34], 
       [3,5,9,10,11,13,14,15,20,23,24,25,28,30,34], 
       [1,2,3,7,10,12,13,14,18,19,20,25,27,33], 
       [0,1,6,7,9,11,12,17,19,22,25,26,27,32], 
       [2,5,6,7,8,13,14,17,19,23,26,28,30,31,32], 
       [3,10,13,14,16,17,19,22,23,24,25,27,30,31,33], 
       [0,1,2,6,8,9,11,12,13,14,15,19,22,26,31], 
       [1,2,4,5,11,12,13,15,21,22,26,27,30,33,34], 
       [0,1,3,13,16,18,20,21,24,26,28,29,30,31], 
       [0,1,2,6,12,15,16,17,22,23,27,28,30,33], 
       [0,3,7,8,9,11,15,19,21,24,26,28,33,34], 
       [0,2,3,6,7,9,18,20,21,22,27,29,30,32], 
       [0,2,7,8,9,10,13,14,15,17,19,20,25,29,34], 
       [5,6,7,8,11,13,14,19,21,22,25,28,32,33,34], 
       [2,3,4,11,15,17,18,21,23,25,29,31,32,33,34], 
       [0,4,8,9,10,13,16,17,20,21,22,26,27,29,32], 
       [1,2,3,4,6,9,12,14,15,17,20,27,29,32], 
       [0,5,6,7,11,14,15,16,17,18,21,23,24,31,32], 
       [0,2,4,5,6,7,9,10,12,13,14,18,27,28], 
       [3,4,6,8,9,11,12,13,16,17,19,27,28,31,34], 
       [0,2,5,6,12,13,19,20,21,25,28,29,30,32,33], 
       [3,5,9,10,11,12,13,15,18,21,26,32,33,34], 
       [2,11,15,17,20,22,23,24,25]
     ], 
     "paginations": [
       [2,3,15,76,14,19], 
       [4,10,18,78,96], 
       [83,32,22,57,74,26], 
       [97,94,13,95], 
       [66,88,63,77], 
       [73,82,44,79,81], 
       [29,55,7,40,54,56], 
       [67,49,84,1,31], 
       [80,50,85,9,48], 
       [34,28,23,11,51], 
       [89,8,20,6], 
       [33,65,86,17], 
       [27,12,5,90], 
       [25,52,93,47,53], 
       [71,62,42,46], 
       [87,41,60,37], 
       [45,39,24,16], 
       [69,43,0], 
       [92,21,99,68], 
       [70,98,59], 
       [58,36,61,35], 
       [91,75,30], 
       [64,38], 
       [72]
     ], 
     "properSymbolCount": 0, 
     "solvers": {
       "BestFusion": 29, 
       "FirstFit": 31, 
       "GeneticGroup": 24, 
       "GeneticStandard": 29, 
       "OverloadAndRemove": 25, 
       "OverloadAndRemovePresort": 24
     }, 
     "symbolCount": 35, 
     "symbols": [0,1,2,3,4,5,6,7,8,9,10,11,12,13,14,15,16,17,18,19,20,21,22,23,24,25,26,27,28,29,30,31,32,33,34], 
     "tileCount": 100, 
     "tileMaxSize": 9, 
     "tileMinSize": 4, 
     "tiles": [
       [3,9,12,14,17,20], 
       [1,8,13,14,15,26], 
       [0,1,2,6,11,15,17,24], 
       [2,15,17,23,24,34], 
       [10,26,27,28,29,31,33], 
       [3,7,21,30,32], 
       [1,16,17,23,27,28,30], 
       [3,19,22,24,25], 
       [0,1,6,15,17,27,33], 
       [1,2,5,15,27], 
       [2,8,9,26,27,29,33], 
       [0,1,3,18,20,31], 
       [0,3,6,9,20,21,30], 
       [2,7,10,13,20,25,33], 
       [2,15,26,31,34], 
       [0,6,14,15,23,26], 
       [9,16,20,21,26,27,29], 
       [0,9,24,26,28,34], 
       [8,17,21,27,29,33,34], 
       [15,17,21,24], 
       [6,12,16,17,22,23,33], 
       [5,6,7,15,17,18,32], 
       [3,24,28,30,34], 
       [0,1,13,16,18,21,29], 
       [0,4,8,21,22,26], 
       [2,7,9,10,15,19,25,34], 
       [3,9,14,20,25,34], 
       [2,18,20,21,27,30], 
       [0,1,21,24,29], 
       [3,13,16,22,25,27], 
       [2,13,19,20,21,29,32,33], 
       [1,9,12,14,31], 
       [10,14,23,24,25,30], 
       [7,9,15,19,24,26,33], 
       [0,3,16,26,28,29,30], 
       [3,6,8,9,27,31], 
       [4,8,11,16,17,19,34], 
       [4,17,18,21,23,34], 
       [5,9,13,18,21,33,34], 
       [4,13,17,20,26,29,32], 
       [3,14,19,22,25,30,31], 
       [2,3,11,15,25,31,33], 
       [5,6,19,22,28], 
       [2,3,6,12,15,27,29,32], 
       [2,5,6,8,28,30], 
       [8,10,13,17,21,26,27,32], 
       [7,8,13,21,22], 
       [2,8,9,14,25,29], 
       [12,13,22,33,34], 
       [0,8,9,11,13,19], 
       [11,12,21,22,26,30,34], 
       [0,13,18,24,30], 
       [15,17,19,20,25,34], 
       [0,2,7,14,15,29], 
       [13,17,22,23,25,27,31], 
       [3,13,16,25,31], 
       [10,17,22,25,31,33], 
       [5,11,15,28,34], 
       [12,13,16,17,19,28], 
       [2,4,6,7,9,13,27], 
       [2,15,23,29,32,34], 
       [3,4,8,11,16], 
       [8,11,14,25,28,33], 
       [0,6,7,9,11,12,17,27], 
       [3,5,10,11,12,15,26,32], 
       [3,7,15,21,26,28,33], 
       [0,1,17,19,26,27], 
       [1,8,9,11,12,13,22], 
       [0,11,14,18,23,32], 
       [1,4,6,14,20,29,32], 
       [0,4,5,7,10,14,28], 
       [11,14,19,22,25,32,34], 
       [2,11,15,17,20,22,23,24,25], 
       [8,14,19,23,28,30], 
       [10,11,23,30], 
       [0,2,6,12,20,25,28], 
       [0,6,14,15,20,34], 
       [7,11,17,22,26,27,32], 
       [1,8,9,10,17,26,28], 
       [5,6,7,26,28,30], 
       [1,4,11,15,21,26,27,34], 
       [6,7,8,13,19,26,28], 
       [2,14,17,19,28,30,31,32], 
       [3,5,13,14,15,25,30], 
       [1,2,6,8,9,13,19], 
       [1,2,11,21,27,30,33], 
       [8,11,19,24,26,33,34], 
       [3,11,15,18,21,29,31], 
       [7,11,17,19,25,26], 
       [0,2,6,16,17,22], 
       [0,3,7,18,22,29,30], 
       [0,5,20,25,30,32], 
       [5,7,17,18,24,31], 
       [8,13,15,17,25], 
       [3,7,18,27,33], 
       [1,2,7,12,13,14,20], 
       [2,10,17,22,33], 
       [2,7,14,18,19,20], 
       [0,4,9,12,13,14,18], 
       [7,14,16,17,21,24,32]
     ], 
     "times": {
       "BestFusion": 0.07, 
       "FirstFit": 0.05, 
       "GeneticGroup": 93.77, 
       "GeneticStandard": 7.49, 
       "OverloadAndRemove": 1.7, 
       "OverloadAndRemovePresort": 1.62
     }
   }
 ]