[
   {
     "approximation": "OverloadAndRemovePresort [2014-10-28 13:27:28]", 
     "avgMultiplicity": 5.18, 
     "capacity": 15, 
     "category": "gauss", 
     "lowerBound": 4, 
     "pageCount": 9, 
     "pages": [
       [1,4,8,11,13,16,28,29,30,33,34,36,37,40,48], 
       [4,6,9,10,12,26,27,30,34,38,41,43,46,48,49], 
       [2,7,11,15,19,21,24,30,35,37,40,42,44,45,47], 
       [0,6,8,12,14,18,20,23,25,29,30,33,34,35,43], 
       [1,3,12,14,16,23,25,30,32,38,39,42,43,45,46], 
       [9,10,16,20,21,22,26,30,33,36,39,40,41,42,44], 
       [4,7,12,15,18,19,22,24,28,31,36,37,38,43,48], 
       [0,2,3,5,7,9,12,13,17,24,40,44,47,49], 
       [2,8,26,27,29,34,39,45]
     ], 
     "paginations": [
       [64,73,9,47,76,80,81,85,66,7,39,69], 
       [18,12,14,25,43,46,60,34,45,53,56,71,89,38], 
       [74,0,5,13,19,49,70,88,11,72,86,84,32], 
       [59,8,50,55,77,33,1,10,24,42,21], 
       [6,35,28,30,17,62,63,52,57,68,3,26], 
       [2,58,82,67,22,37,41,61,29,78], 
       [27,87,65,54,48,83,36,79], 
       [23,44,51,75,31,40,4], 
       [20,16,15]
     ], 
     "properSymbolCount": 2, 
     "solvers": {
       "BestFusion": 10, 
       "FirstFit": 12, 
       "GeneticGroup": 9, 
       "GeneticStandard": 12, 
       "OverloadAndRemove": 9, 
       "OverloadAndRemovePresort": 9
     }, 
     "symbolCount": 50, 
     "symbols": [0,1,2,3,4,5,6,7,8,9,10,11,12,13,14,15,16,17,18,19,20,21,22,23,24,25,26,27,28,29,30,31,32,33,34,35,36,37,38,39,40,41,42,43,44,45,46,47,48,49], 
     "tileCount": 90, 
     "tileMaxSize": 6, 
     "tileMinSize": 2, 
     "tiles": [
       [7,9,12,13], 
       [4,11,29], 
       [16,30,34], 
       [2,21,37,45], 
       [43,49], 
       [5,24,40,44], 
       [30,35,43], 
       [32,42], 
       [0,14], 
       [19,22,38], 
       [10,40,42], 
       [12,24,37,38], 
       [12,26], 
       [15,21,24], 
       [6,27,34], 
       [18,37], 
       [32,38], 
       [0,8,33], 
       [26,27,49], 
       [30,32,43], 
       [15,19,42], 
       [7,21,35], 
       [11,19,24,45], 
       [2,39,45], 
       [14,16], 
       [4,16,34,37], 
       [12,41,46], 
       [27,30,49], 
       [4,28,34], 
       [25,29,35], 
       [7,47,49], 
       [16,22,40], 
       [0,20,33,35], 
       [30,38], 
       [15,19,22,43], 
       [7,11,21], 
       [26,34,45], 
       [28,37], 
       [2,13], 
       [18,23,33,35], 
       [9,33], 
       [2,3], 
       [44,47], 
       [9,10,20,21,26], 
       [10,27], 
       [25,42], 
       [0,34], 
       [4,22,38], 
       [15,40], 
       [1,29,34], 
       [0,17,47,49], 
       [1,8,40], 
       [11,19,30], 
       [25,32,45], 
       [8,36,37], 
       [36,41], 
       [20,44], 
       [9,16,30], 
       [6,29,35], 
       [2,8,27,29], 
       [11,37,47], 
       [4,19,36], 
       [19,37,44], 
       [1,30,33], 
       [7,48], 
       [9,10,46], 
       [4,11,28,33], 
       [10,34,41,49], 
       [3,12,38,39], 
       [21,22,39,41,42], 
       [4,27], 
       [10,16], 
       [1,3,32], 
       [23,38,43], 
       [16,44], 
       [28,31], 
       [34,46,48], 
       [41,43], 
       [19,40,45], 
       [14,30], 
       [25,46], 
       [21,30], 
       [1,25], 
       [3,5,7], 
       [0,12,18], 
       [33,34,40], 
       [1,8,13,34,37,48], 
       [16,39], 
       [27,38], 
       [8,43]
     ], 
     "times": {
       "BestFusion": 0.39, 
       "FirstFit": 0.08, 
       "GeneticGroup": 57.37, 
       "GeneticStandard": 5.63, 
       "OverloadAndRemove": 0.64, 
       "OverloadAndRemovePresort": 1.39
     }
   }, 
   {
     "approximation": "GeneticGroup [2014-10-30 09:36:17]", 
     "avgMultiplicity": 11.68, 
     "capacity": 15, 
     "category": "gauss", 
     "lowerBound": 4, 
     "pageCount": 27, 
     "pages": [
       [1,8,9,13,16,17,19,22,23,25,27,30,39,43,44], 
       [3,4,5,16,17,18,20,22,23,26,27,33,43,47,48], 
       [0,2,7,9,10,11,13,16,18,23,32,36,44,45,48], 
       [0,1,5,8,9,11,13,14,19,22,24,33,35,43,44], 
       [0,3,8,12,15,16,20,21,22,30,35,36,37,38,42], 
       [8,9,14,16,18,27,28,29,31,32,33,40,42,43,49], 
       [3,7,13,16,17,21,23,28,29,33,40,42,45,49], 
       [0,2,7,10,11,13,25,26,27,28,30,32,35,47,49], 
       [0,1,2,3,8,14,21,25,26,28,31,32,34,46,47], 
       [2,10,15,16,18,21,23,29,32,36,38,40,41,43,46], 
       [1,2,5,7,15,17,18,20,24,25,28,32,34,43], 
       [0,11,12,13,14,21,24,27,28,30,31,33,44,46,47], 
       [0,2,4,5,6,8,15,17,19,28,31,37,40,41,48], 
       [4,7,15,16,18,22,24,25,27,29,30,35,36,44,46], 
       [10,15,17,19,21,30,31,34,37,39,42,44,45,47,49], 
       [1,3,9,18,20,21,22,23,28,31,32,33,34,41,44], 
       [1,2,5,6,12,13,16,29,30,31,34,35,39,43,47], 
       [3,4,8,9,16,21,27,28,29,33,34,36,41,46,48], 
       [1,3,5,7,10,15,22,23,24,25,35,37,43,46,47], 
       [0,8,9,11,13,14,15,24,26,28,34,38,40,45,46], 
       [0,8,11,22,23,26,31,32,33,36,37,39,40,44,49], 
       [1,6,11,12,19,24,27,29,31,32,40,41,45,48,49], 
       [2,6,10,14,28,29,32,36,37,41,44,45,46,48,49], 
       [1,4,5,8,21,25,26,31,37,38,39,44,45,48,49], 
       [1,2,8,10,11,19,20,21,22,31,38,43,45,46,47], 
       [2,5,8,13,21,24,26,27,29,35,39,41,43,45], 
       [0,4,6,8,10,16,20,23,25,29,30,34,35,37,42]
     ], 
     "paginations": [
       [21,41], 
       [29,28,34], 
       [15,53,12,86,4], 
       [87,24,26,65], 
       [36,7,59], 
       [66,9,42], 
       [84,73,37], 
       [61,88,79,8], 
       [50,55,0], 
       [25,74,18,68], 
       [76,54,49], 
       [69,6,14], 
       [85,11,35], 
       [72,32,83,58], 
       [19,27,57], 
       [70,17,78], 
       [40,13,51,45,3], 
       [10,30,2], 
       [47,23,43,1], 
       [64,39,89], 
       [22,33,60], 
       [75,44,71], 
       [38,20,16], 
       [77,80,48], 
       [67,82,62], 
       [63,5,52,81], 
       [46,56,31]
     ], 
     "properSymbolCount": 0, 
     "solvers": {
       "BestFusion": 32, 
       "FirstFit": 34, 
       "GeneticGroup": 27, 
       "GeneticStandard": 32, 
       "OverloadAndRemove": 28, 
       "OverloadAndRemovePresort": 28
     }, 
     "symbolCount": 50, 
     "symbols": [0,1,2,3,4,5,6,7,8,9,10,11,12,13,14,15,16,17,18,19,20,21,22,23,24,25,26,27,28,29,30,31,32,33,34,35,36,37,38,39,40,41,42,43,44,45,46,47,48,49], 
     "tileCount": 90, 
     "tileMaxSize": 9, 
     "tileMinSize": 4, 
     "tiles": [
       [1,3,8,14,25,31,46], 
       [5,10,15,22,24,35], 
       [3,4,16,21,27,46], 
       [2,5,12,29,34,35,47], 
       [0,9,32,36,45,48], 
       [2,21,24,27,29,45], 
       [12,13,14,27,28,31,46,47], 
       [0,8,16,21,22,36], 
       [7,10,13,27,30,35,47], 
       [14,16,27,28,31,33,49], 
       [3,8,28,29,33,34,48], 
       [2,6,8,15,17,37], 
       [9,13,16,18,44,45,48], 
       [2,6,16,30,34,47], 
       [13,21,30,33,44,46], 
       [0,7,9,10,11,16], 
       [14,29,36,41,48,49], 
       [1,3,20,21,23,32,33,34], 
       [2,15,16,23,32,38], 
       [10,19,34,37,42,44], 
       [2,28,37,45,46], 
       [1,8,13,16,25,39,43,44], 
       [11,23,31,32,33,37,39], 
       [1,7,10,15,23,37,46,47], 
       [8,14,22,35,44], 
       [2,10,18,29,32,41,43], 
       [0,1,9,14,22,43], 
       [10,15,21,31,39,42,49], 
       [3,4,5,16,17,26,33,48], 
       [5,18,33,43,48], 
       [9,29,33,36,41], 
       [0,4,23,29,30,42], 
       [4,7,18,27,29,44], 
       [0,22,32,33,36,37,39,44,49], 
       [16,20,22,23,27,43,47], 
       [0,2,4,17,31,41,48], 
       [3,12,15,20,37,42], 
       [7,17,21,28,33,45], 
       [6,10,32,37,44,48], 
       [13,14,15,34,38,40,45,46], 
       [12,13,30,31,34,43], 
       [1,9,17,19,22,23,27,30,43], 
       [8,9,14,18,27,32,42], 
       [3,7,22,35,43,47], 
       [1,19,27,32,40,45,48,49], 
       [6,13,30,31,34,39], 
       [0,4,8,10,25,35], 
       [1,5,10,23,25,47], 
       [1,5,21,26,31,44,49], 
       [15,17,18,20,25,34], 
       [0,2,21,28,32,34,47], 
       [1,6,12,16,29,35,39], 
       [2,5,13,21,26,35,45], 
       [2,7,16,18,36,45], 
       [1,2,5,7,18,43], 
       [2,3,26,28,32,47], 
       [6,16,20,29,34,35,37], 
       [15,17,19,30,39,45,47], 
       [22,24,27,29,35,46], 
       [0,12,30,35,36,38], 
       [0,8,23,26,31,32,40], 
       [0,7,25,28], 
       [8,10,20,22,43,45,46,47], 
       [5,26,27,35,39,41], 
       [8,9,11,15,24,28,34], 
       [5,9,11,22,24,33,44], 
       [8,18,29,32,40,42,43], 
       [19,21,22,38,47], 
       [10,32,36,46], 
       [0,11,24,27,31,44], 
       [3,18,22,23,33,44], 
       [6,11,19,24,29,40], 
       [16,24,35,36,44,46], 
       [3,16,21,29,40,42], 
       [15,16,18,21,32,36,40,41], 
       [6,12,24,29,31,41,45,49], 
       [17,24,25,28,32,34], 
       [21,25,26,31,38,39,45,48], 
       [9,20,22,28,31,32,41], 
       [0,2,10,11,26,28,32], 
       [1,4,8,21,37,38,39,44], 
       [2,8,13,26,39,43], 
       [1,2,11,31,43], 
       [4,15,24,25,30,35], 
       [7,13,23,28,42,49], 
       [5,8,15,17,19,28,40], 
       [7,16,23,36,44], 
       [9,11,13,19,24,44], 
       [2,11,25,27,30,47,49], 
       [0,9,14,26,28]
     ], 
     "times": {
       "BestFusion": 0.07, 
       "FirstFit": 0.06, 
       "GeneticGroup": 78.41, 
       "GeneticStandard": 6.88, 
       "OverloadAndRemove": 1.65, 
       "OverloadAndRemovePresort": 1.65
     }
   }, 
   {
     "approximation": "OverloadAndRemove [2014-10-28 13:27:28]", 
     "avgMultiplicity": 5.16, 
     "capacity": 15, 
     "category": "gauss", 
     "lowerBound": 4, 
     "pageCount": 9, 
     "pages": [
       [1,4,6,11,13,17,20,22,23,28,29,33,41,42,47], 
       [0,3,7,9,11,16,20,26,28,34,38,39,44,45,46], 
       [2,3,7,9,11,17,24,30,31,32,35,36,40,43,48], 
       [8,9,11,12,13,17,19,25,27,32,36,38,43,46,48], 
       [8,15,16,17,18,22,25,27,32,40,42,43,44,45,47], 
       [2,8,12,16,19,24,28,30,33,34,36,40,43,44,49], 
       [4,14,15,18,19,21,22,23,31,33,34,39,43,44,45], 
       [1,2,6,13,15,21,23,26,29,34,36,39,44,48], 
       [5,10,11,17,20,24,32,35,37,41,45,46,48]
     ], 
     "paginations": [
       [0,9,14,24,34,40,70,83,84,74,6], 
       [1,20,33,63,71,78,48,53,76,88,25,11,67,16], 
       [2,12,57,72,86,36,22,43,28,56,87,10,46,18], 
       [3,7,17,27,35,37,52,68,81,85,4], 
       [29,47,30,61,64,51,65], 
       [5,49,42,38,54,69,75,15,23], 
       [13,19,21,26,31,41,45,50,55,80,82], 
       [8,62,66,39,58,60], 
       [44,89,32,59,77,79,73]
     ], 
     "properSymbolCount": 2, 
     "solvers": {
       "BestFusion": 10, 
       "FirstFit": 13, 
       "GeneticGroup": 9, 
       "GeneticStandard": 11, 
       "OverloadAndRemove": 9, 
       "OverloadAndRemovePresort": 9
     }, 
     "symbolCount": 50, 
     "symbols": [0,1,2,3,4,5,6,7,8,9,10,11,12,13,14,15,16,17,18,19,20,21,22,23,24,25,26,27,28,29,30,31,32,33,34,35,36,37,38,39,40,41,42,43,44,45,46,47,48,49], 
     "tileCount": 90, 
     "tileMaxSize": 5, 
     "tileMinSize": 2, 
     "tiles": [
       [4,18,22], 
       [10,11,45], 
       [35,40], 
       [20,22,23,28,29], 
       [2,26,29,48], 
       [2,12,40,43], 
       [17,24,37], 
       [9,11,16], 
       [16,30,33,34], 
       [13,32,46], 
       [6,28,47], 
       [17,25], 
       [3,40], 
       [18,19,33,39], 
       [17,30], 
       [35,36,48], 
       [4,11,17], 
       [35,45,46], 
       [21,44], 
       [12,28,33,36], 
       [25,48], 
       [7,32,35], 
       [30,43], 
       [17,38,48], 
       [19,24], 
       [18,21,43], 
       [8,24,33,34], 
       [4,15,21], 
       [22,40,42,43], 
       [5,10,41,48], 
       [14,22,34], 
       [3,38], 
       [11,13,25,38], 
       [7,11], 
       [9,12,13], 
       [9,45], 
       [18,31,39,44,45], 
       [17,27,45], 
       [24,36], 
       [16,45], 
       [27,43], 
       [7,9,20,28,39], 
       [4,23,39], 
       [8,25,43], 
       [15,25,27], 
       [38,46], 
       [19,25,36], 
       [32,42], 
       [7,39,46], 
       [2,31], 
       [13,39], 
       [10,37], 
       [22,28,29,47], 
       [20,32,37], 
       [19,31], 
       [34,43], 
       [1,33,47], 
       [12,24], 
       [37,41], 
       [7,9,31], 
       [13,34], 
       [21,45], 
       [30,31], 
       [34,44,45], 
       [36,43], 
       [16,17,18,47], 
       [0,28,44], 
       [1,23,44,48], 
       [4,33], 
       [2,6], 
       [0,9,34], 
       [11,22,41], 
       [13,41,42], 
       [26,38], 
       [13,15,21,36], 
       [11,12,13,25,46], 
       [16,38,39], 
       [11,31], 
       [4,11,42,47], 
       [12,49], 
       [28,38], 
       [14,21], 
       [8,18,32,44], 
       [13,38,48], 
       [7,24,30], 
       [13,17,29,47], 
       [3,35], 
       [25,44], 
       [19,43,44], 
       [33,41,47]
     ], 
     "times": {
       "BestFusion": 0.1, 
       "FirstFit": 0.04, 
       "GeneticGroup": 60.96, 
       "GeneticStandard": 5.52, 
       "OverloadAndRemove": 0.52, 
       "OverloadAndRemovePresort": 0.36
     }
   }, 
   {
     "approximation": "GeneticGroup [2014-10-30 09:36:17]", 
     "avgMultiplicity": 11.76, 
     "capacity": 15, 
     "category": "gauss", 
     "lowerBound": 4, 
     "pageCount": 27, 
     "pages": [
       [0,7,9,11,12,15,18,23,24,26,28,29,34,44], 
       [1,4,9,22,24,26,27,29,35,39,43,44,45,46,48], 
       [2,3,5,8,11,13,14,17,18,21,29,30,45,46,48], 
       [0,4,7,8,11,16,19,21,26,30,35,36,46,47,49], 
       [1,7,9,14,20,22,27,29,31,34,35,37,38,42,49], 
       [3,9,10,15,19,20,21,22,25,26,32,36,41,43,44], 
       [10,11,14,15,16,21,25,28,34,39,40,43,46,47,49], 
       [2,3,7,11,13,18,24,32,35,37,39,42,45,46,48], 
       [0,3,5,8,9,17,20,28,29,35,38,39,44,46,47], 
       [5,8,11,14,18,19,21,26,27,33,35,40,45,47], 
       [0,7,11,14,19,20,23,30,31,34,36,40,41,42,48], 
       [5,6,7,8,12,17,19,32,34,36,39,40,41,46,47], 
       [6,9,15,16,22,25,26,27,33,37,38,42,43,44,46], 
       [2,6,10,11,16,17,26,28,29,30,34,38,39,48,49], 
       [3,5,9,12,13,19,20,25,31,32,33,34,42,44,49], 
       [0,2,6,7,15,16,20,21,26,28,31,39,41,44,46], 
       [1,8,16,17,19,21,22,26,27,33,38,39,41,42,43], 
       [1,3,4,6,12,13,19,22,23,24,36,39,40,43,44], 
       [9,10,17,18,24,25,28,32,34,37,39,43,44,45,49], 
       [6,7,12,15,17,19,28,32,36,39,43,44,45,47,48], 
       [0,2,4,10,12,14,17,22,24,25,34,37,43,48,49], 
       [0,2,5,9,13,18,19,20,21,29,40,41,45], 
       [1,4,5,6,9,12,15,20,23,24,28,29,37,42,43], 
       [1,2,4,6,7,8,9,21,22,28,29,37,41,44,49], 
       [2,4,6,14,15,17,18,19,23,27,32,33,38,39,41], 
       [0,1,4,5,6,10,18,20,22,24,45,46,47], 
       [3,7,10,11,12,14,22,23,24,31,32,34,36,38,41]
     ], 
     "paginations": [
       [10,52,45], 
       [53,44,51,82], 
       [66,41,31,6], 
       [32,81,64,29], 
       [40,76,83], 
       [0,78,26,33], 
       [36,67,80], 
       [60,56,12], 
       [89,28,62,7], 
       [23,19], 
       [18,22,2], 
       [49,17,21], 
       [65,74,38], 
       [4,46,39], 
       [20,43,61,8], 
       [24,57,58,30], 
       [77,34,13,54], 
       [84,14,87,11], 
       [63,48,47], 
       [3,85,71,5], 
       [55,37,73,35], 
       [15,42], 
       [68,72,16,70], 
       [50,88,1], 
       [59,86,69], 
       [9,27], 
       [25,75,79]
     ], 
     "properSymbolCount": 0, 
     "solvers": {
       "BestFusion": 32, 
       "FirstFit": 35, 
       "GeneticGroup": 27, 
       "GeneticStandard": 32, 
       "OverloadAndRemove": 29, 
       "OverloadAndRemovePresort": 29
     }, 
     "symbolCount": 50, 
     "symbols": [0,1,2,3,4,5,6,7,8,9,10,11,12,13,14,15,16,17,18,19,20,21,22,23,24,25,26,27,28,29,30,31,32,33,34,35,36,37,38,39,40,41,42,43,44,45,46,47,48,49], 
     "tileCount": 90, 
     "tileMaxSize": 9, 
     "tileMinSize": 4, 
     "tiles": [
       [3,10,19,25,36,44], 
       [2,6,22,37,41,44,49], 
       [14,20,30,34,36,42], 
       [6,7,28,39,44,45,47], 
       [2,6,10,11,29,30,39,48], 
       [12,17,32,36,43,48], 
       [8,11,17,29,45], 
       [3,5,8,9,20,38,47], 
       [3,20,34,42,44,49], 
       [0,4,5,10,18,45,46,47], 
       [0,7,9,12,24,26,34], 
       [3,4,13,19,24,44], 
       [3,11,13,35,39,42,45,46,48], 
       [1,16,21,26,33,39], 
       [1,13,22,23,24,36], 
       [0,2,13,18,20,40,41], 
       [6,12,23,28,29,43], 
       [5,8,12,32,39,40,41,47], 
       [0,7,30,31,41,48], 
       [5,8,14,18,27,35,40,45], 
       [5,9,20,25,31], 
       [5,6,17,19,36,41,46], 
       [11,19,23,31,40,42], 
       [5,11,19,21,26,33,35,47], 
       [0,6,7,15,16,21,39], 
       [3,10,11,22,34,41], 
       [9,20,21,26,36,41], 
       [1,6,20,22,24], 
       [0,3,17,20,28,39,47], 
       [0,4,7,8,11,16], 
       [7,16,20,26,41], 
       [2,5,13,14,17,18,30], 
       [7,8,21,26,30,35,46], 
       [9,19,21,22,25,26,32], 
       [1,8,19,33,41,43], 
       [10,12,17,22,25], 
       [14,15,16,21,34,39,47], 
       [0,4,14,22,24,25,43], 
       [6,25,27,33,43,46], 
       [6,10,17,26,38,39,49], 
       [9,29,31,34,35,37,42], 
       [2,11,13,18,21,48], 
       [5,9,19,20,21,29,45], 
       [12,13,25,32,33,34,44,49], 
       [9,22,43,44,45,48], 
       [0,9,15,23,34], 
       [2,10,16,26,28,34,38,49], 
       [9,10,17,28,32,34], 
       [18,24,25,39,43,44], 
       [5,7,8,12,34,36,41], 
       [2,4,6,7,9,22,49], 
       [1,9,22,26,29,39,48], 
       [7,11,12,18,26,28,29,44], 
       [24,26,27,29,39,46], 
       [8,17,19,38,39,41,42], 
       [0,2,12,17,34,37,48], 
       [2,18,32,35,37,45,46,48], 
       [15,20,21,31,41,44], 
       [0,2,6,20,28,44,46], 
       [4,14,17,19,23,27], 
       [7,13,18,24,37,45], 
       [5,9,13,19,31,49], 
       [5,20,35,39,46], 
       [9,24,32,37,43,45,49], 
       [0,8,19,46,47], 
       [15,16,22,33,38,42,44], 
       [3,5,8,11,46,48], 
       [10,15,21,40,49], 
       [1,4,5,12,23,24,42], 
       [15,17,23,33,39,41], 
       [1,15,20,23,24,29,43], 
       [15,19,28,32,36,39,43], 
       [4,9,24,28,29,37], 
       [4,10,12,22,43,49], 
       [9,16,26,37,42,43], 
       [3,7,10,12,14,32,34,38], 
       [9,22,27,35,37,49], 
       [8,16,17,22,27,38], 
       [3,10,15,36,41,43], 
       [12,22,23,24,31,36,38], 
       [11,21,25,28,40,43,46], 
       [0,8,16,35,36,49], 
       [4,24,35,46], 
       [1,7,14,20,27,31,34,38], 
       [1,4,13,36,40,44], 
       [17,32,36,44,45], 
       [2,6,15,18,27,32,38], 
       [1,6,12,19,24,39,40,43], 
       [1,2,7,8,9,21,28,29], 
       [0,9,17,28,29,38,44]
     ], 
     "times": {
       "BestFusion": 0.08, 
       "FirstFit": 0.06, 
       "GeneticGroup": 87.6, 
       "GeneticStandard": 6.53, 
       "OverloadAndRemove": 1.78, 
       "OverloadAndRemovePresort": 1.75
     }
   }, 
   {
     "approximation": "OverloadAndRemove [2014-10-28 13:27:28]", 
     "avgMultiplicity": 5.2, 
     "capacity": 15, 
     "category": "gauss", 
     "lowerBound": 4, 
     "pageCount": 9, 
     "pages": [
       [0,4,8,11,12,15,20,25,29,31,35,36,38,39,47], 
       [0,9,13,16,17,29,30,31,32,33,36,41,42,44,47], 
       [1,5,9,17,19,20,23,25,32,34,35,36,37,43,49], 
       [1,2,7,8,17,19,27,32,34,40,42,43,45,46,48], 
       [3,4,6,7,12,14,21,23,33,34,41,43,46,47,49], 
       [5,8,10,12,13,16,18,22,27,29,37,40,42,44,48], 
       [0,2,3,9,10,15,18,22,24,26,29,31,38,46,49], 
       [10,14,15,17,20,23,25,28,29,30,37,38,39,40,48], 
       [2,4,6,7,11,12,17,19,26,28,30,31,35,40,41]
     ], 
     "paginations": [
       [16,32,37,52,69,74,77,87,88,71,29,3,2,9], 
       [1,17,86,65,82,21,56,81,15], 
       [55,73,39,33,47,45,72,75,53,60,64], 
       [4,27,28,48,49,51,54,58,59,66,67,79,89,7], 
       [8,11,13,18,20,34,41,42,61,78,80,85,46], 
       [25,38,43,14,35,31,70], 
       [5,10,0,83,24,44,76,63], 
       [40,84,57,23,36,26,62,19,22], 
       [6,12,50,68,30]
     ], 
     "properSymbolCount": 0, 
     "solvers": {
       "BestFusion": 11, 
       "FirstFit": 13, 
       "GeneticGroup": 9, 
       "GeneticStandard": 12, 
       "OverloadAndRemove": 9, 
       "OverloadAndRemovePresort": 10
     }, 
     "symbolCount": 50, 
     "symbols": [0,1,2,3,4,5,6,7,8,9,10,11,12,13,14,15,16,17,18,19,20,21,22,23,24,25,26,27,28,29,30,31,32,33,34,35,36,37,38,39,40,41,42,43,44,45,46,47,48,49], 
     "tileCount": 90, 
     "tileMaxSize": 5, 
     "tileMinSize": 2, 
     "tiles": [
       [31,35], 
       [19,40], 
       [9,23,36], 
       [19,27,42], 
       [7,11,26,35,40], 
       [5,10,13], 
       [20,35,39], 
       [12,38], 
       [37,39,48], 
       [12,49], 
       [34,37], 
       [13,31,32,36,42], 
       [1,45], 
       [10,25,40], 
       [24,26], 
       [40,48], 
       [12,20,47], 
       [2,18,24,38], 
       [21,46], 
       [11,25,39], 
       [35,36,43], 
       [17,28], 
       [3,6,47], 
       [1,23,43], 
       [15,31,49], 
       [21,49], 
       [6,12,21], 
       [23,28,30,40], 
       [15,28,37,48], 
       [44,47], 
       [17,32,42,47], 
       [17,32,40], 
       [12,33,41], 
       [4,19,30], 
       [13,18,48], 
       [0,33,47], 
       [12,14], 
       [10,25,38,48], 
       [17,41,42], 
       [9,30,41], 
       [13,29,33,41], 
       [7,21,41], 
       [1,20,36], 
       [2,8,19,42], 
       [9,18], 
       [2,28,41], 
       [20,28,29,37], 
       [20,23,37,48], 
       [0,3,15,22,49], 
       [16,47], 
       [1,5,49], 
       [6,17,19], 
       [12,35], 
       [8,15,39], 
       [6,23], 
       [8,18,37,42], 
       [11,29,38], 
       [14,46], 
       [0,9,10,29], 
       [11,15], 
       [27,40], 
       [12,16,22,48], 
       [1,8], 
       [0,30,41], 
       [15,24], 
       [0,35], 
       [17,37,49], 
       [10,16,27], 
       [4,20,36], 
       [8,45,46], 
       [40,43], 
       [32,46], 
       [7,8,19,45], 
       [4,6], 
       [1,5,25,32], 
       [4,39], 
       [4,23,34], 
       [1,34], 
       [7,34,40], 
       [7,27,32], 
       [5,20], 
       [14,15,30], 
       [7,12,28,31], 
       [4,38], 
       [18,46], 
       [20,25,38], 
       [40,44], 
       [22,29], 
       [3,21,34,43], 
       [9,19,20,32]
     ], 
     "times": {
       "BestFusion": 0.11, 
       "FirstFit": 0.05, 
       "GeneticGroup": 68.04, 
       "GeneticStandard": 5.4, 
       "OverloadAndRemove": 0.36, 
       "OverloadAndRemovePresort": 0.44
     }
   }, 
   {
     "approximation": "GeneticGroup [2014-10-30 09:36:17]", 
     "avgMultiplicity": 11.9, 
     "capacity": 15, 
     "category": "gauss", 
     "lowerBound": 4, 
     "pageCount": 27, 
     "pages": [
       [1,7,9,11,13,21,27,28,30,31,34,35,41,42,44], 
       [7,11,14,15,17,18,19,21,28,34,36,37,39,42,43], 
       [1,2,5,9,10,14,15,16,23,26,29,35,43,47,49], 
       [4,6,9,10,13,14,15,24,27,31,32,33,42,46,48], 
       [1,4,6,8,17,20,22,24,29,30,39,42,45,48,49], 
       [0,1,5,7,11,13,19,21,23,32,34,35,37,41,45], 
       [1,4,5,10,12,13,15,18,20,28,31,32,34,40,43], 
       [4,5,6,10,12,15,16,17,18,24,34,37,40,41,44], 
       [1,6,8,9,11,15,16,18,20,30,35,38,39,46,48], 
       [0,3,8,13,15,17,23,25,27,30,31,35,37,38,40], 
       [6,8,9,11,13,20,24,27,30,33,34,37,39,42,45], 
       [2,4,8,9,15,19,21,26,32,36,37,39,40,46,49], 
       [1,2,4,7,13,16,18,26,27,28,35,36,37,38,40], 
       [0,4,5,10,11,14,20,21,25,29,32,36,38,39,41], 
       [1,3,5,13,17,22,25,29,39,41,43,44,46,47,48], 
       [0,1,3,15,22,26,27,31,32,36,38,40,43,44,47], 
       [4,5,11,13,14,27,28,30,32,33,34,37,40,44,45], 
       [3,4,7,16,17,23,25,30,31,33,38,39,46,48,49], 
       [1,8,9,17,19,20,22,23,27,32,33,40,41,42,47], 
       [5,6,7,8,14,20,25,26,29,30,34,35,37,49], 
       [2,10,11,16,18,20,23,26,27,32,39,41,46,47], 
       [1,5,9,10,11,19,23,24,28,29,36,38,43,45,49], 
       [0,2,8,11,12,13,17,20,25,26,29,32,41,42,43], 
       [2,3,12,14,20,21,24,25,28,38,40,43,44,45,48], 
       [0,8,9,31,37,38,40,41,42,43,47], 
       [1,4,5,14,15,20,23,24,26,27,33,36,45,47,48], 
       [1,3,4,9,12,18,23,25,27,29,33,34,36,39,48]
     ], 
     "paginations": [
       [55,21,67,71], 
       [13,83,87], 
       [82,16,14], 
       [77,47,5,60,33], 
       [59,35,62,24], 
       [9,0,61], 
       [26,73,18], 
       [44,86,15], 
       [1,22,48], 
       [51,69,39,63], 
       [74,28,2,34], 
       [66,79,65], 
       [56,31,3], 
       [11,57,50,72], 
       [58,54,43], 
       [32,7,4,53], 
       [85,10,88], 
       [17,41,8], 
       [29,75,78], 
       [40,64,45,89], 
       [81,12,76], 
       [42,37,27], 
       [30,84,68], 
       [23,38,36,20], 
       [46,52], 
       [80,6,25], 
       [70,49,19]
     ], 
     "properSymbolCount": 0, 
     "solvers": {
       "BestFusion": 32, 
       "FirstFit": 35, 
       "GeneticGroup": 27, 
       "GeneticStandard": 33, 
       "OverloadAndRemove": 27, 
       "OverloadAndRemovePresort": 27
     }, 
     "symbolCount": 50, 
     "symbols": [0,1,2,3,4,5,6,7,8,9,10,11,12,13,14,15,16,17,18,19,20,21,22,23,24,25,26,27,28,29,30,31,32,33,34,35,36,37,38,39,40,41,42,43,44,45,46,47,48,49], 
     "tileCount": 90, 
     "tileMaxSize": 9, 
     "tileMinSize": 4, 
     "tiles": [
       [0,1,7,11,13,34,35,41], 
       [6,8,9,18,30,39,46], 
       [6,8,11,13,20,39], 
       [7,13,36,37,40], 
       [0,27,36,38,43,44], 
       [4,10,15,33,48], 
       [1,4,5,20,24,27,45,47,48], 
       [3,15,22,31,43,47], 
       [17,30,46,49], 
       [0,11,13,19,23,32,45], 
       [11,13,14,32,40,44,45], 
       [0,11,14,20,29,32,36], 
       [2,10,16,32,39,41], 
       [7,11,15,17,28,36,39], 
       [9,10,14,29,43,47], 
       [6,12,15,18,37,41], 
       [1,5,9,14,23,26,47,49], 
       [7,23,30,31,39,48,49], 
       [5,10,15,18,20,34], 
       [4,9,23,25,27,29,36,39], 
       [3,12,20,21,43], 
       [1,27,34,35,42], 
       [6,11,15,16,20,35,48], 
       [2,20,21,28,40,44,48], 
       [6,22,29,30,42,49], 
       [14,15,23,24,36], 
       [1,4,10,12,13,28,31], 
       [5,9,11,19,23,28,49], 
       [9,20,24,27,33,34,42], 
       [1,17,19,27,33,42], 
       [0,13,17,20,26,32,42], 
       [1,2,18,26,27,28,35,38], 
       [22,26,32,38,40,43], 
       [6,9,10,14,31,42], 
       [6,9,24,37,39,42,45], 
       [1,4,8,17,20,22,45], 
       [2,14,24,38,43,45,48], 
       [1,5,23,29,36,38,45], 
       [20,21,24,25,43,44], 
       [0,3,15,17,23,35,37], 
       [5,6,14,26,30,34,37], 
       [3,4,16,25,31,33,38,49], 
       [5,10,19,24,43,45,49], 
       [17,22,25,29,44,47], 
       [5,6,10,17,24,34,44], 
       [6,8,29,34,35], 
       [0,8,9,37,40,42,47], 
       [4,6,13,14,24,32,33], 
       [1,6,15,16,20,30,38], 
       [1,3,9,12,18,48], 
       [0,4,5,29,38,39,41], 
       [3,25,35,37,38,40], 
       [8,9,31,37,38,40,41,43], 
       [0,1,3,40,44], 
       [1,13,22,29,39,43,46], 
       [1,7,21,27,30,31,41], 
       [4,7,16,26,28,36,37], 
       [0,4,10,14,39], 
       [3,5,39,41,43,44,48], 
       [17,20,24,30,39,42,48,49], 
       [6,14,15,33,46,48], 
       [1,5,7,19,21,23,32,37], 
       [1,6,17,24,39,48], 
       [3,13,17,23,30,31,35,37], 
       [6,7,20,25,34,49], 
       [2,8,15,21,36,37], 
       [2,9,19,37,39,40,46], 
       [7,9,11,27,28,35,41,44], 
       [0,2,11,20,29,41,43], 
       [8,13,15,17,27,37,40], 
       [1,3,18,23,29,33,34], 
       [7,11,13,27,34], 
       [10,21,25,32,36], 
       [15,18,28,32,34,40,43], 
       [13,20,30,33,37,39], 
       [9,17,20,22,40,41,47], 
       [18,20,27,47], 
       [10,15,24,27,31,48], 
       [8,20,23,32,40,47], 
       [4,8,15,26,32,49], 
       [1,15,23,26,33,36,48], 
       [10,11,23,26,27,39,46,47], 
       [2,15,16,26,35,43,47], 
       [14,19,21,34,37,42,43], 
       [2,8,12,17,25,32,41], 
       [4,14,28,32,33,34,37,44], 
       [4,10,12,16,18,40,41], 
       [11,15,17,18,19,21,36], 
       [5,11,27,28,30,32,37], 
       [7,8,26,29,34,37,49]
     ], 
     "times": {
       "BestFusion": 0.08, 
       "FirstFit": 0.05, 
       "GeneticGroup": 87.66, 
       "GeneticStandard": 6.64, 
       "OverloadAndRemove": 1.72, 
       "OverloadAndRemovePresort": 1.72
     }
   }
 ]