[
   {
     "approximation": "GeneticStandard [2016-03-27 19:48:58]", 
     "avgMultiplicity": 4.95, 
     "capacity": 15, 
     "category": "gauss", 
     "lowerBound": 2, 
     "pageCount": 2, 
     "pages": [
       [0,1,2,3,4,5,6,7,8,13,14,15,16,18,19], 
       [1,3,4,6,7,8,9,10,11,12,13,15,16,17,18]
     ], 
     "paginations": [
       [0,1,3,4,5,6,9,12,13,15,16,17,18,19,20,23,24,29,31,32,33], 
       [2,7,8,10,11,14,21,22,25,26,27,28,30,34]
     ], 
     "properSymbolCount": 0, 
     "solvers": {
       "BestFusion": 3, 
       "FirstFit": 3, 
       "GeneticGroup": 3, 
       "GeneticStandard": 2, 
       "OverloadAndRemove": 3, 
       "OverloadAndRemovePresort": 3
     }, 
     "symbolCount": 20, 
     "symbols": [0,1,2,3,4,5,6,7,8,9,10,11,12,13,14,15,16,17,18,19], 
     "tileCount": 35, 
     "tileMaxSize": 4, 
     "tileMinSize": 2, 
     "tiles": [
       [6,7,19], 
       [3,5,6], 
       [6,13,17], 
       [0,1,7], 
       [2,6,19], 
       [8,19], 
       [1,6,15,19], 
       [1,12], 
       [7,9,11,12], 
       [18,19], 
       [4,9], 
       [1,9], 
       [8,13,14], 
       [8,18], 
       [1,7,10,13], 
       [0,1,5,19], 
       [0,2,18], 
       [0,3,15], 
       [0,4,13], 
       [0,6,16,18], 
       [5,14,15], 
       [4,17], 
       [12,13], 
       [15,18], 
       [5,14,16], 
       [11,16], 
       [3,8,12,17], 
       [8,9,15], 
       [6,17,18], 
       [2,5,15,16], 
       [3,7,8,11], 
       [14,19], 
       [4,7], 
       [4,5], 
       [10,12]
     ], 
     "times": {
       "BestFusion": 0.03, 
       "FirstFit": 0.04, 
       "GeneticGroup": 18.34, 
       "GeneticStandard": 2.95, 
       "OverloadAndRemove": 0.08, 
       "OverloadAndRemovePresort": 0.05
     }
   }, 
   {
     "approximation": "GeneticGroup [2014-10-29 11:41:34]", 
     "avgMultiplicity": 11.35, 
     "capacity": 15, 
     "category": "gauss", 
     "lowerBound": 2, 
     "pageCount": 5, 
     "pages": [
       [0,2,3,4,5,7,8,9,10,11,12,14,16,18,19], 
       [0,1,2,4,5,7,8,9,10,12,13,15,16,17,19], 
       [0,1,2,5,6,7,8,10,11,13,14,15,16,18,19], 
       [0,1,2,3,6,9,10,12,13,14,15,16,17,18,19], 
       [0,1,3,4,5,6,10,11,12,14,16,17,18]
     ], 
     "paginations": [
       [22,25,9,12,30,6,16,18,10], 
       [21,20,17,34,29,24,32,1,7], 
       [0,19,4,31,2,26,5,33], 
       [3,23,14,11,27], 
       [8,15,28,13]
     ], 
     "properSymbolCount": 0, 
     "solvers": {
       "BestFusion": 7, 
       "FirstFit": 7, 
       "GeneticGroup": 5, 
       "GeneticStandard": 6, 
       "OverloadAndRemove": 6, 
       "OverloadAndRemovePresort": 6
     }, 
     "symbolCount": 20, 
     "symbols": [0,1,2,3,4,5,6,7,8,9,10,11,12,13,14,15,16,17,18,19], 
     "tileCount": 35, 
     "tileMaxSize": 9, 
     "tileMinSize": 4, 
     "tiles": [
       [6,8,15,18], 
       [0,4,7,10,12,13], 
       [1,2,7,11,15,16,18,19], 
       [1,2,3,9,10,12,14,15,16], 
       [1,2,5,6,8,13,14,19], 
       [2,8,11,13,14,18,19], 
       [0,2,5,9,11,18,19], 
       [5,8,9,10,12,13,15], 
       [1,6,10,11,12,14], 
       [2,8,12,14,16,19], 
       [2,5,8,12,16,19], 
       [0,6,9,13,14,17], 
       [0,2,3,4,14,19], 
       [0,1,3,5,14], 
       [1,2,9,14,17,18,19], 
       [0,5,6,11,12,16], 
       [7,8,9,10,11,12,16,18], 
       [0,2,7,8,12,13,15], 
       [0,7,9,11,14,19], 
       [5,6,11,13,15,18], 
       [1,4,12,13,15,17,19], 
       [1,4,7,8,12,15], 
       [3,4,7,10,18], 
       [1,2,3,9,10,13,16,18], 
       [2,4,8,9,15,19], 
       [3,5,8,10,14,18,19], 
       [0,2,6,7,15,16,19], 
       [1,3,15,16,18,19], 
       [4,6,10,17,18], 
       [0,1,4,5,12,15,17,19], 
       [0,4,5,7,11,18], 
       [1,5,6,7,10,11,14,16,19], 
       [5,7,9,15,16,17], 
       [1,13,15,18,19], 
       [2,4,9,12,17]
     ], 
     "times": {
       "BestFusion": 0.03, 
       "FirstFit": 0.03, 
       "GeneticGroup": 38.88, 
       "GeneticStandard": 2.86, 
       "OverloadAndRemove": 0.17, 
       "OverloadAndRemovePresort": 0.18
     }
   }, 
   {
     "approximation": "GeneticGroup [2015-11-05 15:09:39]", 
     "avgMultiplicity": 18.65, 
     "capacity": 15, 
     "category": "gauss", 
     "lowerBound": 2, 
     "pageCount": 13, 
     "pages": [
       [0,1,2,5,6,7,8,9,10,11,12,14,16,17,18], 
       [0,1,2,3,4,5,6,8,9,10,11,12,13,16,19], 
       [0,2,3,5,6,7,9,10,11,12,13,15,16,17,18], 
       [0,2,3,4,5,6,7,8,9,10,14,16,17,18,19], 
       [1,2,3,4,6,7,8,9,12,13,14,15,16,17,19], 
       [0,2,3,4,5,6,8,10,11,12,13,14,15,17,18], 
       [0,1,3,4,6,7,8,9,11,12,13,14,15,16,18], 
       [1,2,3,5,6,7,8,9,10,11,12,13,14,15], 
       [0,1,2,3,4,5,6,7,8,10,12,14,15,16,18], 
       [0,4,7,8,9,10,11,12,13,14,15,16,17,18,19], 
       [1,4,6,7,8,9,10,11,12,14,15,16,17,18,19], 
       [0,1,3,4,5,6,8,9,11,14,15,16,17,19], 
       [0,1,2,5,6,7,8,9,11,12,13,16,17,18,19]
     ], 
     "paginations": [
       [16,24,21], 
       [1,6,28], 
       [29,0,14,33], 
       [31,18,32], 
       [8,26,12], 
       [13,19], 
       [2,25,3,4,5], 
       [17,9], 
       [27,22], 
       [20,15], 
       [30,23], 
       [7,11], 
       [34,10]
     ], 
     "properSymbolCount": 0, 
     "solvers": {
       "BestFusion": 15, 
       "FirstFit": 15, 
       "GeneticGroup": 13, 
       "GeneticStandard": 14, 
       "OverloadAndRemove": 14, 
       "OverloadAndRemovePresort": 17
     }, 
     "symbolCount": 20, 
     "symbols": [0,1,2,3,4,5,6,7,8,9,10,11,12,13,14,15,16,17,18,19], 
     "tileCount": 35, 
     "tileMaxSize": 13, 
     "tileMinSize": 9, 
     "tiles": [
       [0,2,5,7,9,10,11,13,16,17,18], 
       [0,2,4,5,6,8,9,10,11,13,19], 
       [3,4,6,8,9,11,13,14,15,16,18], 
       [0,1,4,6,7,8,9,11,18], 
       [0,1,7,8,9,11,12,14,15,18], 
       [1,3,7,8,9,12,13,15,16,18], 
       [0,1,2,4,5,8,9,10,13,16], 
       [0,1,4,5,6,8,9,14,15,16,17,19], 
       [3,6,7,8,12,13,15,16,17], 
       [2,3,6,8,9,10,12,13,14,15], 
       [0,2,5,6,8,9,11,13,17,18,19], 
       [0,1,3,4,6,8,11,14,16,19], 
       [1,2,3,4,6,7,14,15,16,17], 
       [0,2,5,6,8,11,12,13,14,15,18], 
       [0,2,3,6,7,10,11,12,13,15,16], 
       [4,7,8,10,11,13,15,16,17,18], 
       [0,1,6,7,9,10,11,12,14,17,18], 
       [1,2,3,5,7,9,10,11,12,14,15], 
       [2,3,4,5,7,10,14,16,17,18], 
       [3,4,5,8,10,11,12,13,14,15,17], 
       [0,7,8,9,10,12,13,14,15,17,19], 
       [0,1,2,7,8,9,10,11,14,18], 
       [0,2,3,4,8,12,14,15,16,18], 
       [1,6,7,8,9,10,12,14,15,16,17,18,19], 
       [1,5,6,7,8,11,12,14,16,17], 
       [0,1,3,6,8,9,11,13,15,18], 
       [1,2,3,4,6,8,9,12,13,15,17,19], 
       [0,1,2,3,4,5,6,7,10,15,16,18], 
       [0,1,2,3,4,6,11,12,13,16,19], 
       [0,3,5,6,7,9,10,12,13,18], 
       [1,4,6,7,8,11,12,14,15,17,18,19], 
       [2,4,6,9,10,14,16,17,18,19], 
       [0,2,4,5,7,8,14,16,17,18,19], 
       [3,5,6,7,9,11,12,13,15,17], 
       [0,1,2,6,7,8,12,13,16,17,18,19]
     ], 
     "times": {
       "BestFusion": 0.03, 
       "FirstFit": 0.03, 
       "GeneticGroup": 42.81, 
       "GeneticStandard": 3.16, 
       "OverloadAndRemove": 0.37, 
       "OverloadAndRemovePresort": 0.37
     }
   }, 
   {
     "approximation": "FirstFit [2014-10-28 13:06:08]", 
     "avgMultiplicity": 5.6, 
     "capacity": 15, 
     "category": "gauss", 
     "lowerBound": 2, 
     "pageCount": 3, 
     "pages": [
       [0,1,2,3,5,8,9,10,12,13,14,15,16,18,19], 
       [0,1,2,3,4,5,6,7,8,10,12,13,14,15,17], 
       [1,2,3,6,7,8,9,11,14,15,16,18,19]
     ], 
     "paginations": [
       [0,1,2,3,4,5,9,14,15,16,18,21,22,26,29,34], 
       [6,7,8,10,11,12,13,24,31], 
       [17,19,20,23,25,27,28,30,32,33]
     ], 
     "properSymbolCount": 0, 
     "solvers": {
       "BestFusion": 3, 
       "FirstFit": 3, 
       "GeneticGroup": 3, 
       "GeneticStandard": 3, 
       "OverloadAndRemove": 3, 
       "OverloadAndRemovePresort": 3
     }, 
     "symbolCount": 20, 
     "symbols": [0,1,2,3,4,5,6,7,8,9,10,11,12,13,14,15,16,17,18,19], 
     "tileCount": 35, 
     "tileMaxSize": 6, 
     "tileMinSize": 2, 
     "tiles": [
       [0,16], 
       [2,4,15], 
       [3,5,6,13], 
       [4,12,14], 
       [1,11], 
       [1,2,8,10,14,18], 
       [2,6,7,8,12,17], 
       [6,15,16], 
       [0,5,13], 
       [16,18,19], 
       [5,12], 
       [4,7,17], 
       [6,9,14], 
       [7,10,12,14], 
       [10,14,15,19], 
       [12,13,14], 
       [2,7,19], 
       [6,18], 
       [3,11], 
       [6,11,14], 
       [2,6,19], 
       [12,18,19], 
       [0,1,5,10], 
       [2,9], 
       [13,17], 
       [0,8,10,15,18,19], 
       [0,1,18], 
       [5,13,18], 
       [0,1,7,13], 
       [1,3,15,16], 
       [7,11,14,15], 
       [4,12,13], 
       [9,19], 
       [9,18], 
       [6,8,19]
     ], 
     "times": {
       "BestFusion": 0.04, 
       "FirstFit": 0.03, 
       "GeneticGroup": 21.83, 
       "GeneticStandard": 2.85, 
       "OverloadAndRemove": 0.06, 
       "OverloadAndRemovePresort": 0.09
     }
   }, 
   {
     "approximation": "OverloadAndRemovePresort [2014-10-28 13:40:13]", 
     "avgMultiplicity": 11.1, 
     "capacity": 15, 
     "category": "gauss", 
     "lowerBound": 2, 
     "pageCount": 5, 
     "pages": [
       [1,2,3,5,7,9,10,11,12,14,15,16,17,18,19], 
       [0,1,2,3,4,5,6,8,9,11,12,13,14,15,16], 
       [1,2,4,5,6,7,8,9,10,12,13,15,16,17,19], 
       [0,3,5,6,7,9,10,11,12,13,14,16,17,18,19], 
       [0,2,4,5,7,8,10,11,12,13,14,16,17,18,19]
     ], 
     "paginations": [
       [4,17,21,25,9,20,22,27,31,15,18,0], 
       [10,13,8,33,12,29], 
       [5,16,24,32,2,34,3,6], 
       [26,30,23,19,7,28], 
       [14,1,11]
     ], 
     "properSymbolCount": 0, 
     "solvers": {
       "BestFusion": 7, 
       "FirstFit": 6, 
       "GeneticGroup": 5, 
       "GeneticStandard": 5, 
       "OverloadAndRemove": 6, 
       "OverloadAndRemovePresort": 5
     }, 
     "symbolCount": 20, 
     "symbols": [0,1,2,3,4,5,6,7,8,9,10,11,12,13,14,15,16,17,18,19], 
     "tileCount": 35, 
     "tileMaxSize": 8, 
     "tileMinSize": 4, 
     "tiles": [
       [2,7,9,11,14,17,18], 
       [0,10,12,16], 
       [1,4,6,7,9,10], 
       [2,5,9,13,17], 
       [1,2,9,11,12,17,18], 
       [4,6,10,12,13,15,16,19], 
       [5,6,7,16,17], 
       [3,5,12,13,18,19], 
       [1,3,4,5,6,12,15,16], 
       [1,7,10,14,15,18], 
       [0,3,6,9,13,14,15], 
       [0,2,4,5,7,13,14,16], 
       [2,3,5,6,8,12], 
       [0,1,5,8,9,14,15], 
       [8,10,11,16,17,18,19], 
       [2,5,11,12,17], 
       [1,4,6,9,10,13,17], 
       [2,9,11,12,14,15,17], 
       [1,2,3,9,19], 
       [10,11,13,18,19], 
       [2,7,11,14,16,19], 
       [7,10,11,14,15,16,18], 
       [10,11,12,14,15,18], 
       [3,7,9,10,11,13], 
       [4,5,7,8,13,17,19], 
       [1,3,10,11,12,15,17], 
       [0,5,7,10,12,14], 
       [10,11,12,15,16,17], 
       [0,5,12,16,19], 
       [1,2,5,8,11,12,14], 
       [0,6,7,9,11,17], 
       [3,10,11,12,18,19], 
       [2,6,9,10,12,13,19], 
       [2,3,6,8,9,11,12,16], 
       [2,5,6,10,13,19]
     ], 
     "times": {
       "BestFusion": 0.03, 
       "FirstFit": 0.03, 
       "GeneticGroup": 33.83, 
       "GeneticStandard": 2.98, 
       "OverloadAndRemove": 0.18, 
       "OverloadAndRemovePresort": 0.16
     }
   }, 
   {
     "approximation": "GeneticGroup [2015-11-05 15:09:39]", 
     "avgMultiplicity": 18.7, 
     "capacity": 15, 
     "category": "gauss", 
     "lowerBound": 2, 
     "pageCount": 12, 
     "pages": [
       [0,1,2,3,7,8,9,11,12,14,15,16,17,18,19], 
       [0,1,2,3,4,5,6,8,9,11,12,13,14,17,19], 
       [0,1,3,5,7,8,9,10,11,13,14,15,16,17,19], 
       [0,2,3,4,5,6,7,10,11,12,13,15,16,18,19], 
       [0,2,4,5,6,7,8,9,10,12,14,16,17,18,19], 
       [1,2,3,5,6,8,9,10,11,12,13,14,15,16,17], 
       [0,1,4,5,6,7,8,10,11,13,14,15,16,17,18], 
       [2,4,5,6,8,9,11,12,13,14,15,16,17,18,19], 
       [0,3,4,6,7,8,9,10,12,13,14,15,16,18,19], 
       [0,1,3,5,7,8,9,10,11,12,13,14,15,17,18], 
       [0,1,2,3,4,5,7,8,12,13,14,16,17,18,19], 
       [0,1,2,5,6,7,9,10,11,12,13,16,17,18,19]
     ], 
     "paginations": [
       [4,29,14], 
       [18,15,1], 
       [33,24], 
       [20,10,5,3], 
       [8,26,30], 
       [9,2,11,32], 
       [31,23,0], 
       [19,6,34], 
       [16,28], 
       [12,7,25], 
       [17,21,27], 
       [13,22]
     ], 
     "properSymbolCount": 0, 
     "solvers": {
       "BestFusion": 15, 
       "FirstFit": 16, 
       "GeneticGroup": 12, 
       "GeneticStandard": 14, 
       "OverloadAndRemove": 14, 
       "OverloadAndRemovePresort": 16
     }, 
     "symbolCount": 20, 
     "symbols": [0,1,2,3,4,5,6,7,8,9,10,11,12,13,14,15,16,17,18,19], 
     "tileCount": 35, 
     "tileMaxSize": 12, 
     "tileMinSize": 8, 
     "tiles": [
       [0,1,4,6,10,13,15,16,17,18], 
       [0,2,3,5,6,8,9,11,13,17,19], 
       [1,2,8,10,11,12,13,14,15,16,17], 
       [0,2,3,4,6,10,11,12,15,18,19], 
       [0,1,3,9,11,12,14,15,16,17,19], 
       [0,2,7,10,11,12,15,16], 
       [2,8,9,12,13,14,15,16,17,18], 
       [0,3,7,8,9,10,14,15,17,18], 
       [2,4,5,6,7,8,9,10,12,17,18,19], 
       [1,2,6,8,12,13,14,15,16,17], 
       [0,2,4,5,7,10,12,15,16,18], 
       [2,3,5,6,9,10,12,14,15,16,17], 
       [1,3,5,7,9,10,11,12,13,14,18], 
       [0,1,2,6,9,11,12,13,17,18], 
       [0,1,2,3,8,9,11,12,15,18,19], 
       [1,2,3,4,5,11,12,13,17,19], 
       [0,3,4,6,7,9,12,13,14,15,16], 
       [1,2,3,4,5,8,14,16,17,18,19], 
       [0,1,2,3,4,5,6,8,11,13,14], 
       [2,4,5,6,8,9,11,13,15,18,19], 
       [0,3,4,5,6,10,12,13,15,16,19], 
       [2,3,5,7,8,12,13,16,17,18,19], 
       [1,2,5,7,10,11,12,16,17,19], 
       [1,4,5,6,8,10,11,13,14,15,17], 
       [1,3,5,8,10,11,13,14,15,16,17,19], 
       [0,1,7,8,10,11,12,13,14,15], 
       [2,4,5,6,7,8,9,10,12,14,17], 
       [0,3,5,7,13,14,16,18,19], 
       [0,3,6,8,9,10,12,14,16,18,19], 
       [0,1,2,3,7,8,11,12,14,17,18,19], 
       [0,2,4,6,7,8,10,12,14,16,18], 
       [1,5,6,7,8,10,11,14,16,17,18], 
       [1,2,3,8,9,12,13,14,15,16,17], 
       [0,1,3,5,7,9,10,11,14,17,19], 
       [2,5,6,9,12,13,14,15,17,18,19]
     ], 
     "times": {
       "BestFusion": 0.03, 
       "FirstFit": 0.02, 
       "GeneticGroup": 44.27, 
       "GeneticStandard": 3.15, 
       "OverloadAndRemove": 0.37, 
       "OverloadAndRemovePresort": 0.35
     }
   }
 ]