[
   {
     "approximation": "OverloadAndRemovePresort [2014-10-28 15:32:50]", 
     "avgMultiplicity": 3.75, 
     "capacity": 15, 
     "category": "gauss", 
     "lowerBound": 5, 
     "pageCount": 11, 
     "pages": [
       [0,1,5,9,11,21,22,29,30,33,40,49,54,71,73], 
       [3,4,9,16,18,22,26,36,37,43,51,54,59,69,73], 
       [0,5,23,31,33,36,39,42,47,49,50,52,56,60,63], 
       [0,2,7,12,24,26,30,34,36,43,55,63,64,65,66], 
       [1,3,7,8,14,31,38,39,40,45,51,57,59,61,62], 
       [2,3,6,11,15,17,31,32,33,41,48,53,61,67,69], 
       [6,8,25,26,29,32,33,34,41,44,48,49,52,53,62], 
       [13,20,27,29,31,36,46,48,52,54,57,59,64,69,71], 
       [10,11,19,21,24,28,35,45,46,50,54,56,62,65,67], 
       [2,3,4,7,13,28,30,39,42,44,47,57,58,66,70], 
       [4,5,11,12,15,27,37,39,49,68,71,72,74]
     ], 
     "paginations": [
       [16,31,79,27,74,83,44,48,54,63], 
       [67,91,97,57,72,77,85,6,23], 
       [20,26,30,87,4,12,42,98,96,2], 
       [18,90,15,36,38,60,95,7,52,81,8,13], 
       [35,22,56,86,41,78,28,24,64,32], 
       [1,49,29,0,59,89,34,50,61,17], 
       [53,71,82,80,3,39,92,33,69,76], 
       [37,73,65,66,55,75,46,93,11,88], 
       [14,40,10,70,99,62], 
       [68,5,9,51,45,47], 
       [19,25,21,84,94,58,43]
     ], 
     "properSymbolCount": 6, 
     "solvers": {
       "BestFusion": 12, 
       "FirstFit": 16, 
       "GeneticGroup": 11, 
       "GeneticStandard": 15, 
       "OverloadAndRemove": 12, 
       "OverloadAndRemovePresort": 11
     }, 
     "symbolCount": 75, 
     "symbols": [0,1,2,3,4,5,6,7,8,9,10,11,12,13,14,15,16,17,18,19,20,21,22,23,24,25,26,27,28,29,30,31,32,33,34,35,36,37,38,39,40,41,42,43,44,45,46,47,48,49,50,51,52,53,54,55,56,57,58,59,60,61,62,63,64,65,66,67,68,69,70,71,72,73,74], 
     "tileCount": 100, 
     "tileMaxSize": 5, 
     "tileMinSize": 2, 
     "tiles": [
       [3,15,33,69], 
       [6,67], 
       [23,36], 
       [25,32,44], 
       [49,52], 
       [13,42], 
       [3,59], 
       [2,43], 
       [0,26], 
       [42,44,47,66], 
       [11,28], 
       [46,71], 
       [5,56], 
       [7,36], 
       [10,19,56], 
       [24,30], 
       [1,9,21,22,54], 
       [32,53], 
       [12,24,55], 
       [27,68,74], 
       [39,47,52,56], 
       [4,49,68], 
       [14,38], 
       [4,22], 
       [39,57,62], 
       [5,68], 
       [42,49,56,60], 
       [0,54,73], 
       [3,7,45,57], 
       [2,3,33,67], 
       [47,52,63], 
       [5,21,33,54], 
       [8,61], 
       [25,33,52], 
       [2,11,48,67], 
       [38,40,51], 
       [2,12], 
       [27,31], 
       [30,64], 
       [8,32,49], 
       [10,21,46], 
       [1,59], 
       [50,52], 
       [12,37,72], 
       [11,71], 
       [4,7,39,70], 
       [27,52,64], 
       [3,4,28,30], 
       [30,54], 
       [41,67], 
       [6,15,17], 
       [2,4,70], 
       [2,26], 
       [32,48], 
       [5,49], 
       [27,36,54,57], 
       [1,51], 
       [22,26,43], 
       [37,71], 
       [61,67,69], 
       [24,63], 
       [17,31], 
       [45,54,65,67], 
       [21,29], 
       [3,14], 
       [29,46,57,69], 
       [20,27,57,64], 
       [16,54,69,73], 
       [42,57,58], 
       [26,33,62], 
       [35,50], 
       [25,53], 
       [16,26,36], 
       [27,29], 
       [22,40,49], 
       [13,57,59], 
       [29,41], 
       [37,59,69], 
       [31,45,59], 
       [0,22,49,71], 
       [32,34,41,49], 
       [34,63,66], 
       [6,25], 
       [11,21,73], 
       [5,15,72], 
       [3,51,69], 
       [8,38], 
       [23,47,60], 
       [13,48], 
       [3,17,67], 
       [7,12,66], 
       [9,43,69,73], 
       [25,33,62], 
       [13,64,71], 
       [11,15,39,74], 
       [64,65,66], 
       [0,33,47,50], 
       [16,18,22,69], 
       [31,47], 
       [24,62,65]
     ], 
     "times": {
       "BestFusion": 0.14, 
       "FirstFit": 0.06, 
       "GeneticGroup": 63.92, 
       "GeneticStandard": 6.28, 
       "OverloadAndRemove": 0.42, 
       "OverloadAndRemovePresort": 0.39
     }
   }, 
   {
     "approximation": "GeneticGroup [2014-10-30 23:20:21]", 
     "avgMultiplicity": 8.79, 
     "capacity": 15, 
     "category": "gauss", 
     "lowerBound": 5, 
     "pageCount": 34, 
     "pages": [
       [4,7,18,21,24,28,29,45,49,54,56,57,60,61,73], 
       [8,11,14,15,25,28,29,42,50,54,57,60,63,65], 
       [1,8,10,34,36,37,46,52,53,58,65,68,71,74], 
       [0,2,10,11,15,16,21,30,31,34,36,37,40,42,73], 
       [3,5,10,13,18,20,31,32,33,36,46,55,61,63,71], 
       [2,19,21,33,35,37,39,47,52,56,59,64,66,68,74], 
       [0,2,8,14,25,26,28,30,32,33,45,49,57,62,63], 
       [5,7,9,11,18,24,31,38,49,54,56,63,66,69,71], 
       [12,13,17,22,41,46,47,49,51,59,62,67,71,72,74], 
       [5,22,23,26,27,33,35,41,42,49,52,55,57,58,73], 
       [1,11,14,20,21,22,34,35,36,38,47,59,61,65,69], 
       [1,2,10,20,27,29,38,41,45,47,55,57,66,70,73], 
       [4,19,26,27,29,34,47,48,49,55,56,58,67,72,73], 
       [2,4,8,15,16,18,42,43,44,47,49,58,62,70,71], 
       [13,19,25,26,33,35,36,37,38,40,56,61,68,69,72], 
       [7,12,13,15,25,28,31,32,44,46,53,55,56,64,74], 
       [0,15,21,24,25,26,35,40,43,46,53,58,66,73,74], 
       [4,7,8,13,15,16,19,34,44,45,53,55,56,65,73], 
       [2,5,11,15,25,37,38,43,45,48,49,51,60,68,69], 
       [3,10,16,17,25,27,33,35,38,52,54,57,63,64,72], 
       [5,10,20,21,23,27,29,40,53,61,64,68,72], 
       [2,3,4,9,22,30,31,34,48,54,57,62,64,65,66], 
       [2,5,8,12,16,17,18,26,31,51,54,66,68,69,73], 
       [4,8,9,10,12,20,23,36,39,51,52,66,69,72,74], 
       [5,12,16,27,29,30,36,39,42,44,52,59,68,70,74], 
       [1,7,10,13,17,25,26,27,41,62,68,69,70,74], 
       [1,12,16,22,24,32,39,40,41,42,46,48,54,64,66], 
       [5,13,16,20,25,29,37,43,55,56,67,68,70,71,72], 
       [1,3,6,9,13,14,26,37,38,53,58,62,63,65], 
       [3,6,10,15,20,31,36,44,48,50,51,59,62,65,71], 
       [2,7,13,17,20,21,30,32,38,39,48,51,65,68,73], 
       [1,4,9,16,24,35,37,38,39,41,50,54,58,67,72], 
       [6,9,14,17,25,33,37,40,43,45,52,53,61,62,72], 
       [2,3,5,10,12,30,43,44,60,64,67,73]
     ], 
     "paginations": [
       [37,54,34,42], 
       [2,44,20], 
       [21,64,31], 
       [6,41,38], 
       [81,9,39], 
       [46,0,82,58], 
       [26,5,66], 
       [63,15,97], 
       [18,92,59], 
       [77,51,52,7], 
       [25,19,79], 
       [91,33,48], 
       [24,10,36], 
       [73,22], 
       [62,23,12], 
       [28,88,72], 
       [35,45,32,57], 
       [17,67,61], 
       [87,53,56,55], 
       [43,78,94], 
       [75,90], 
       [16,49,76], 
       [30,74], 
       [8,68], 
       [4,84,11], 
       [89,86,65], 
       [29,98,3], 
       [80,40,13], 
       [47,1,83], 
       [14,60,27], 
       [50,99,96], 
       [95,70], 
       [71,85], 
       [93,69]
     ], 
     "properSymbolCount": 0, 
     "solvers": {
       "BestFusion": 40, 
       "FirstFit": 41, 
       "GeneticGroup": 34, 
       "GeneticStandard": 40, 
       "OverloadAndRemove": 35, 
       "OverloadAndRemovePresort": 36
     }, 
     "symbolCount": 75, 
     "symbols": [0,1,2,3,4,5,6,7,8,9,10,11,12,13,14,15,16,17,18,19,20,21,22,23,24,25,26,27,28,29,30,31,32,33,34,35,36,37,38,39,40,41,42,43,44,45,46,47,48,49,50,51,52,53,54,55,56,57,58,59,60,61,62,63,64,65,66,67,68,69,70,71,72,73,74], 
     "tileCount": 100, 
     "tileMaxSize": 9, 
     "tileMinSize": 5, 
     "tiles": [
       [19,21,35,52,64,68], 
       [3,6,9,14,58,63,65], 
       [8,11,15,28,42,60,65], 
       [24,32,42,48,54,66], 
       [5,12,29,42,44,68,74], 
       [0,8,26,45,57,62,63], 
       [0,10,30,31,40,42], 
       [5,22,52,55,57,58,73], 
       [4,8,9,20,23,52,72,74], 
       [3,20,33,55,61,71], 
       [26,29,47,49,55,56,58,67,73], 
       [16,30,36,52,59,68], 
       [19,25,33,37,38,56,72], 
       [16,20,37,43,67,68,70], 
       [3,10,15,36,44,48,50,51], 
       [5,11,31,56,69,71], 
       [3,31,48,54,57,65], 
       [7,8,13,15,34,56], 
       [12,47,49,59,62,74], 
       [11,22,35,36,38,59,65], 
       [25,42,54,57,60,63], 
       [36,37,46,52,65,71,74], 
       [2,8,15,16,18,49,70,71], 
       [13,26,36,40,61,72], 
       [4,19,27,34,48,72,73], 
       [14,22,35,36,61,69], 
       [0,14,25,28,32,33,62], 
       [6,20,44,50,59,62,65], 
       [15,25,31,44,56,74], 
       [12,22,32,40,41,48,64], 
       [5,8,17,26,51,54,69,73], 
       [1,34,36,46,53,71], 
       [21,24,35,53,58,66], 
       [1,10,20,29,41,47,55], 
       [7,18,24,57,60], 
       [0,15,25,26,40,58,74], 
       [4,26,49,58,73], 
       [4,29,45,60,73], 
       [11,16,21,37,40], 
       [5,10,13,18,31,36,55], 
       [29,37,56,70,71], 
       [0,2,15,34,36,37,73], 
       [4,21,28,45,49,54,56,73], 
       [3,17,25,27,33,54,72], 
       [14,25,29,50,54,57], 
       [24,43,46,53,58,73], 
       [2,21,37,39,47,59,74], 
       [1,13,37,53,58,62,65], 
       [2,29,55,57,70,73], 
       [2,3,9,30,31,64,65,66], 
       [7,32,65,68,73], 
       [33,42,49,52,55,73], 
       [5,23,27,33,41,49,57], 
       [2,5,11,15,43,51,69], 
       [7,28,57,61,73], 
       [25,37,38,43,49,68,69], 
       [15,37,38,45,48,60], 
       [15,24,26,40,43,46], 
       [2,33,52,56,59,66], 
       [17,22,51,59,67,71,74], 
       [15,31,51,59,71], 
       [15,16,19,44,45,56,73], 
       [35,36,37,61,68,69,72], 
       [9,18,24,56,63,66], 
       [8,10,52,53,58,65,68], 
       [10,26,27,62,69,70], 
       [2,25,28,30,32,49,63], 
       [4,8,13,19,53,55,65], 
       [10,12,20,23,36,39,51,66,69], 
       [3,5,12,30,43,67], 
       [1,9,38,39,50,58,67], 
       [14,17,33,40,52,53,62,72], 
       [7,12,13,25,28,46,64], 
       [4,42,43,44,47,58,62,71], 
       [2,8,12,16,17,18,31,66,68], 
       [5,10,23,27,40,64,72], 
       [4,9,22,30,31,34,62], 
       [23,26,33,35,49], 
       [3,16,17,35,38,57,63], 
       [1,20,21,34,38,47,65], 
       [5,13,25,37,55,67,72], 
       [3,32,33,36,46,63], 
       [2,21,35,47,52,68], 
       [9,13,26,38,63], 
       [5,12,27,30,39,70], 
       [6,9,25,37,43,45,61,62], 
       [1,7,13,17,25,69], 
       [2,38,43,51,60], 
       [13,15,25,32,46,53,55], 
       [1,10,27,41,62,68,74], 
       [20,21,23,29,53,61,68], 
       [27,38,41,45,47,66,73], 
       [13,41,46,47,51,72], 
       [2,3,10,44,60,64,73], 
       [10,25,27,52,64], 
       [4,16,24,35,37,39,41,54,72], 
       [2,17,20,30,32,39,51,73], 
       [7,38,49,54,69,71], 
       [1,16,24,39,46], 
       [13,21,32,38,48]
     ], 
     "times": {
       "BestFusion": 0.07, 
       "FirstFit": 0.05, 
       "GeneticGroup": 90.64, 
       "GeneticStandard": 7.26, 
       "OverloadAndRemove": 2.19, 
       "OverloadAndRemovePresort": 2.23
     }
   }, 
   {
     "approximation": "GeneticGroup [2014-10-30 23:20:21]", 
     "avgMultiplicity": 3.84, 
     "capacity": 15, 
     "category": "gauss", 
     "lowerBound": 5, 
     "pageCount": 11, 
     "pages": [
       [5,8,16,19,22,26,27,28,30,36,37,41,62,65,74], 
       [5,7,13,17,33,37,49,50,53,54,55,64,65,67,71], 
       [0,6,8,17,23,24,25,29,47,48,53,64,65,73,74], 
       [4,6,7,27,31,36,37,41,48,51,54,58,63,69,71], 
       [9,12,28,32,34,39,41,43,47,49,54,60,68,72,74], 
       [1,2,9,13,31,38,39,43,47,52,55,56,62,70,72], 
       [1,2,3,4,8,13,20,21,29,30,40,42,43,60,67], 
       [6,10,12,22,27,31,39,42,46,56,58,60,63,66,73], 
       [3,14,15,28,29,36,39,41,45,51,54,57,59,61,64], 
       [4,19,23,30,33,35,38,44,52,58,61,62,65,68,71], 
       [2,11,16,18,20,24,32,42,43,46,51,54,57,59,60]
     ], 
     "paginations": [
       [87,31,66,57,71,23,97], 
       [36,38,90,34,82,79,28,20,52,46], 
       [59,51,94,78,93,76,2,73,65,7], 
       [55,8,74,40,24,26,21,5,92], 
       [25,30,44,16,17,10,11], 
       [63,6,99,27,29,64,1,4,95,85,9], 
       [3,45,84,68,61,81,22,19,13,32,89,12,62], 
       [50,47,14,35,42,75,43,70], 
       [37,69,15,33,86,80,91,39], 
       [72,41,88,58,77,54,0,98,96], 
       [67,18,53,48,83,49,60,56]
     ], 
     "properSymbolCount": 11, 
     "solvers": {
       "BestFusion": 12, 
       "FirstFit": 16, 
       "GeneticGroup": 11, 
       "GeneticStandard": 15, 
       "OverloadAndRemove": 12, 
       "OverloadAndRemovePresort": 12
     }, 
     "symbolCount": 75, 
     "symbols": [0,1,2,3,4,5,6,7,8,9,10,11,12,13,14,15,16,17,18,19,20,21,22,23,24,25,26,27,28,29,30,31,32,33,34,35,36,37,38,39,40,41,42,43,44,45,46,47,48,49,50,51,52,53,54,55,56,57,58,59,60,61,62,63,64,65,66,67,68,69,70,71,72,73,74], 
     "tileCount": 100, 
     "tileMaxSize": 5, 
     "tileMinSize": 2, 
     "tiles": [
       [19,38,62], 
       [1,31,39], 
       [23,25,73], 
       [13,20,67], 
       [38,70], 
       [4,41], 
       [31,38,55], 
       [24,25,64], 
       [48,51,54,58,63], 
       [13,52], 
       [12,28,41,43], 
       [28,32,39,74], 
       [42,60], 
       [3,4,60], 
       [27,63,73], 
       [15,36,51], 
       [9,47,60], 
       [39,41,47,68], 
       [2,20,24,54], 
       [13,60], 
       [7,33,54], 
       [7,63], 
       [13,30,67], 
       [16,27,41,62], 
       [7,27], 
       [12,34,74], 
       [4,48], 
       [2,9,43,62], 
       [5,7], 
       [2,47,56], 
       [43,54,72], 
       [19,22,36,37], 
       [29,43,60], 
       [14,28,61,64], 
       [13,53], 
       [22,46,60,66], 
       [5,17,37], 
       [3,57], 
       [13,33,50], 
       [3,41,45,61], 
       [31,36], 
       [44,58,61], 
       [6,42,46,63], 
       [42,56,73], 
       [41,49,74], 
       [30,40,60], 
       [37,67], 
       [6,10,12,42], 
       [16,59], 
       [20,46,51], 
       [12,58,66], 
       [17,74], 
       [55,71], 
       [24,57], 
       [35,61,65], 
       [36,41,69,71], 
       [24,42], 
       [5,28,65,74], 
       [33,52,65], 
       [6,29], 
       [32,46,51], 
       [1,40], 
       [8,21,43,67], 
       [2,39], 
       [13,47], 
       [17,29,64,73], 
       [16,22,26,65], 
       [11,18], 
       [21,60], 
       [29,57,59], 
       [22,46,56], 
       [8,30,41,62], 
       [30,35], 
       [0,17,48], 
       [4,27,31,37,54], 
       [31,39,42,56], 
       [47,73], 
       [4,62,71], 
       [6,53,73], 
       [37,49], 
       [3,39,51,54], 
       [2,8,21], 
       [17,55,65], 
       [43,51,60], 
       [3,13], 
       [52,72], 
       [29,36,61], 
       [37,74], 
       [19,23,65], 
       [4,42,43], 
       [54,64,71], 
       [3,14], 
       [6,71], 
       [8,48,65], 
       [6,73,74], 
       [1,9], 
       [30,68], 
       [28,36], 
       [23,52], 
       [43,47,70]
     ], 
     "times": {
       "BestFusion": 0.1, 
       "FirstFit": 0.04, 
       "GeneticGroup": 65.04, 
       "GeneticStandard": 5.75, 
       "OverloadAndRemove": 0.41, 
       "OverloadAndRemovePresort": 0.43
     }
   }, 
   {
     "approximation": "GeneticGroup [2014-10-30 23:20:21]", 
     "avgMultiplicity": 8.52, 
     "capacity": 15, 
     "category": "gauss", 
     "lowerBound": 5, 
     "pageCount": 33, 
     "pages": [
       [2,24,26,37,44,48,51,52,53,56,58,61,62,65,67], 
       [11,15,28,36,37,39,43,51,56,57,63,66,67], 
       [0,1,13,22,27,28,29,34,36,39,45,55,61,64,68], 
       [3,5,7,13,21,23,29,30,32,50,55,58,60,65,71], 
       [10,24,32,34,35,36,40,43,46,55,58,59,69,70,73], 
       [0,3,4,6,9,19,25,31,33,49,53,59,62,73,74], 
       [1,2,5,10,20,23,27,36,50,54,62,64,67,70,72], 
       [8,17,18,19,21,29,36,37,44,54,57,59,60,65,71], 
       [1,2,19,26,27,29,30,33,37,38,49,60,62,68], 
       [1,9,10,12,13,23,31,34,39,40,50,52,68,69,71], 
       [1,19,22,28,41,45,46,47,48,49,51,55,58,72,74], 
       [4,17,20,23,25,32,35,36,44,47,53,54,64,67,69], 
       [0,9,15,16,17,20,22,26,27,32,43,51,58,63,66], 
       [0,3,5,13,18,28,29,44,45,48,58,62,64,73,74], 
       [3,4,10,17,22,23,26,29,52,53,57,62,64,66,74], 
       [0,9,22,29,34,44,49,50,51,56,59,60,63,65,67], 
       [1,3,5,6,9,21,22,24,25,28,37,47,51,52,60], 
       [11,12,16,17,26,27,29,30,31,33,35,37,40,71,74], 
       [0,3,19,31,34,36,42,43,49,55,60,61,69,70,71], 
       [1,15,18,21,22,23,35,52,56,65,67,69,71,73], 
       [0,11,13,19,33,35,37,43,44,54,61,62,64,70,71], 
       [8,23,32,37,40,42,43,44,48,61,62,63,72,74], 
       [13,15,21,27,28,34,37,40,48,50,51,52,61,64,73], 
       [3,4,18,22,32,39,42,43,45,48,52,56,60,67,69], 
       [6,7,8,10,13,17,18,27,30,33,34,50,66,68,74], 
       [5,8,13,14,22,23,26,40,42,47,48,51,58,69,74], 
       [1,6,10,13,16,17,18,40,44,51,53,55,65,67,70], 
       [7,14,22,23,26,29,34,35,37,44,50,53,56,60,68], 
       [9,13,26,28,32,38,42,43,50,52,54,60,63,64,73], 
       [0,6,13,14,15,20,26,27,47,54,56,57,64,71,73], 
       [2,5,27,29,30,37,40,42,46,55,61,62,65,68,70], 
       [4,11,12,14,19,20,21,22,23,28,31,58,59,61,69], 
       [2,7,18,20,25,30,33,35,45,66,69,72,73,74]
     ], 
     "paginations": [
       [13,35,51], 
       [66,37], 
       [44,58,24], 
       [17,29,15], 
       [97,46,45], 
       [31,8,5,94], 
       [42,70], 
       [82,62,40], 
       [11,7], 
       [23,43,22], 
       [95,57,85,3], 
       [19,48,78], 
       [69,27,50], 
       [84,47,52,99], 
       [26,86,83], 
       [33,60,65], 
       [77,25,80], 
       [28,76,75], 
       [53,87,67], 
       [0,63], 
       [9,34,12], 
       [81,74,71], 
       [2,73,36], 
       [93,55,20], 
       [10,96,30], 
       [79,1,6], 
       [91,39,90], 
       [92,98,56], 
       [4,21,54,32], 
       [59,88,72,64], 
       [61,14,89], 
       [38,18,49], 
       [16,68,41]
     ], 
     "properSymbolCount": 0, 
     "solvers": {
       "BestFusion": 38, 
       "FirstFit": 40, 
       "GeneticGroup": 33, 
       "GeneticStandard": 38, 
       "OverloadAndRemove": 33, 
       "OverloadAndRemovePresort": 33
     }, 
     "symbolCount": 75, 
     "symbols": [0,1,2,3,4,5,6,7,8,9,10,11,12,13,14,15,16,17,18,19,20,21,22,23,24,25,26,27,28,29,30,31,32,33,34,35,36,37,38,39,40,41,42,43,44,45,46,47,48,49,50,51,52,53,54,55,56,57,58,59,60,61,62,63,64,65,66,67,68,69,70,71,72,73,74], 
     "tileCount": 100, 
     "tileMaxSize": 9, 
     "tileMinSize": 4, 
     "tiles": [
       [1,15,21,35,69,71,73], 
       [5,8,22,23,26,42,48], 
       [21,40,48,50,51,52,61], 
       [19,41,49,55,58], 
       [28,32,50,52,54,64], 
       [0,19,31,49,62,74], 
       [26,42,47,51,58], 
       [1,19,26,27,33,37,38,62], 
       [3,6,25,62,74], 
       [11,13,19,33,54,61,62], 
       [7,13,17,27,30,33,68], 
       [1,2,29,30,49,60,68], 
       [0,35,43,44,54], 
       [2,26,37,48,61,65], 
       [5,27,29,30,37,42,65], 
       [7,21,29,30,50,55], 
       [30,45,66,69,73,74], 
       [5,23,29,32,50,58,71], 
       [4,19,20,28,31,59,69], 
       [17,20,23,35,44,54], 
       [22,39,42,45,67,69], 
       [9,13,26,38,42,54,73], 
       [10,39,40,68,71], 
       [1,9,31,34,50,52,69], 
       [0,1,22,27,29,39,55], 
       [1,21,24,28,37,52], 
       [17,23,29,53,57,64], 
       [9,15,20,32,43,58], 
       [12,17,33,35,40,74], 
       [3,13,32,50,55,60,65], 
       [6,7,8,17,18,50,66], 
       [4,25,31,33,74], 
       [13,38,54,63], 
       [34,49,51,59,63,67], 
       [13,35,37,64,70,71], 
       [2,24,26,44,51,53,56,62], 
       [15,21,27,34,37,64,73], 
       [43,51,56,57,63,66,67], 
       [21,23,31,58,59,61], 
       [6,17,18,51,53], 
       [21,29,36,37,44,54,57,71], 
       [2,7,18,20,33], 
       [2,5,10,20,27,36,50,62,64], 
       [9,12,13,23,39,69], 
       [13,28,36,39,55,68], 
       [24,32,34,35,46,73], 
       [10,24,36,40,43,58], 
       [5,28,44,74], 
       [4,36,47,53,64,67,69], 
       [11,12,14,21,22,58], 
       [9,16,17,26,51,58,63], 
       [37,48,52,58,67], 
       [0,5,29,48,58,62,73], 
       [0,3,34,55,60,70,71], 
       [43,50,52,54,60,73], 
       [4,18,39,52,56,60,69], 
       [26,34,35,44,56,60,68], 
       [22,28,46,47,48,51,58], 
       [1,22,28,34,45,55,61,64], 
       [14,15,26,27,47,56], 
       [0,29,50,60,63,65], 
       [2,5,37,46,55,62,70], 
       [8,44,54,59,65,71], 
       [18,21,22,23,52,56,65,67], 
       [14,26,57,64,73], 
       [0,9,22,44,56,67], 
       [11,15,28,36,37,39,66], 
       [19,31,34,36,42,43], 
       [25,35,45,72,74], 
       [0,9,22,26,27,66], 
       [1,2,23,27,36,54,67,70,72], 
       [40,42,44,61,63,72,74], 
       [6,13,14,54,71], 
       [13,15,27,28,40,73], 
       [8,32,37,40,42,43,62], 
       [16,17,26,27,30,31,40], 
       [11,12,29,30,37,40,71], 
       [3,6,21,25,37,51,60], 
       [20,25,32,36,54,64], 
       [13,14,26,40,58,69,74], 
       [1,5,9,22,37,47,52,60], 
       [8,23,40,48,61,63], 
       [8,17,18,19,57,60,65], 
       [17,22,23,26,62,64,66], 
       [3,13,44,45,62,73], 
       [19,41,48,51,55,72], 
       [3,4,10,17,52,74], 
       [34,36,43,49,61,69,71], 
       [0,13,20,54], 
       [5,40,46,61,62,68], 
       [1,10,40,44,55,65,67], 
       [1,13,16,18,53,65,70], 
       [14,22,29,35,50,53], 
       [3,32,43,45,48,56,67], 
       [9,33,49,53,59,73], 
       [1,45,46,49,72,74], 
       [6,7,8,10,34,50,74], 
       [10,40,43,55,59,69,70,73], 
       [7,14,23,34,37,60], 
       [5,13,18,48,64]
     ], 
     "times": {
       "BestFusion": 0.09, 
       "FirstFit": 0.05, 
       "GeneticGroup": 99.05, 
       "GeneticStandard": 7.1, 
       "OverloadAndRemove": 2.38, 
       "OverloadAndRemovePresort": 2.27
     }
   }, 
   {
     "approximation": "OverloadAndRemovePresort [2014-10-28 14:20:42]", 
     "avgMultiplicity": 3.64, 
     "capacity": 15, 
     "category": "gauss", 
     "lowerBound": 5, 
     "pageCount": 11, 
     "pages": [
       [2,3,12,16,19,25,45,48,58,63,64,67,69,71,73], 
       [5,9,10,23,30,39,50,55,62,64,65,67,71,72,74], 
       [1,6,8,16,21,22,25,28,31,33,35,56,57,59,64], 
       [5,7,9,15,16,23,26,28,39,40,41,46,47,54,74], 
       [5,7,17,18,25,27,38,42,43,44,49,55,56,64,69], 
       [3,10,11,17,20,27,28,36,41,49,56,60,67,68,73], 
       [0,24,25,26,29,33,35,38,40,45,46,47,54,57,63], 
       [8,13,14,15,18,21,31,33,50,52,53,61,70,72,73], 
       [5,11,20,24,30,34,44,46,50,52,58,66,68,71], 
       [1,3,4,11,12,16,22,37,38,42,47,48,62,70,73], 
       [10,12,14,21,32,45,46,48,51,52,66,67,74]
     ], 
     "paginations": [
       [40,71,79,75,84,43,52,60,81], 
       [73,10,50,33,47,3,9,55,51], 
       [14,39,85,32,36,57,64,69,99,15,4,19,74], 
       [93,96,30,31,80,91,56,65,94], 
       [37,38,78,90,92,12,76,29], 
       [70,18,28,41,46,59,63,67,95,97,61,86,1,5,42], 
       [11,34,0,22,53,62,16,17,87], 
       [20,68,72,98,13,26,48,77,21,8], 
       [35,23,82,45,27,88], 
       [54,6,44,7,83,49], 
       [58,66,24,2,89,25]
     ], 
     "properSymbolCount": 4, 
     "solvers": {
       "BestFusion": 12, 
       "FirstFit": 15, 
       "GeneticGroup": 11, 
       "GeneticStandard": 15, 
       "OverloadAndRemove": 11, 
       "OverloadAndRemovePresort": 11
     }, 
     "symbolCount": 75, 
     "symbols": [0,1,2,3,4,5,6,7,8,9,10,11,12,13,14,15,16,17,18,19,20,21,22,23,24,25,26,27,28,29,30,31,32,33,34,35,36,37,38,39,40,41,42,43,44,45,46,47,48,49,50,51,52,53,54,55,56,57,58,59,60,61,62,63,64,65,66,67,68,69,70,71,72,73,74], 
     "tileCount": 100, 
     "tileMaxSize": 5, 
     "tileMinSize": 2, 
     "tiles": [
       [24,40,47,63], 
       [3,20], 
       [10,14,51], 
       [5,64], 
       [33,35], 
       [17,28], 
       [37,47,62], 
       [1,4,16,38], 
       [18,21,70,72], 
       [55,65], 
       [30,39,65,72], 
       [24,54], 
       [18,43,56,64], 
       [8,14,50], 
       [1,25,28], 
       [8,64], 
       [26,45], 
       [33,38,63], 
       [10,36], 
       [59,64], 
       [13,53], 
       [15,70,73], 
       [0,63], 
       [11,34,58], 
       [45,67,74], 
       [10,21,66], 
       [53,70], 
       [30,44,46], 
       [68,73], 
       [27,55], 
       [40,41,74], 
       [26,28,40], 
       [1,64], 
       [10,23,65], 
       [24,35,57], 
       [20,34], 
       [16,33], 
       [7,43,69], 
       [7,17,69], 
       [6,25,33], 
       [2,3,12,19], 
       [10,27], 
       [3,49], 
       [12,69], 
       [11,12,16], 
       [30,50,68], 
       [10,60], 
       [5,62,72], 
       [18,61,70], 
       [38,48,73], 
       [23,50,72,74], 
       [9,23], 
       [19,73], 
       [57,63], 
       [12,37,42,62], 
       [5,9], 
       [39,54], 
       [22,64], 
       [32,46,67], 
       [17,73], 
       [16,19], 
       [11,20,56], 
       [26,29,46,63], 
       [20,36], 
       [57,64], 
       [5,40], 
       [10,12,14,32,52], 
       [41,73], 
       [31,53], 
       [21,64], 
       [36,56,73], 
       [12,19,58,71], 
       [8,13], 
       [5,39,67,71,72], 
       [35,56,59], 
       [12,25,67], 
       [5,18,42,44], 
       [50,52], 
       [49,69], 
       [12,19,48,63], 
       [7,23,41], 
       [19,64], 
       [66,71], 
       [1,3,16,22,70], 
       [2,25,45], 
       [1,6,31], 
       [17,41,67], 
       [25,29], 
       [5,24,52,68], 
       [48,52,74], 
       [38,43], 
       [9,39,46], 
       [7,18,25], 
       [15,39,40,46], 
       [9,47], 
       [56,68], 
       [15,16,23,40], 
       [36,60], 
       [13,33], 
       [31,33]
     ], 
     "times": {
       "BestFusion": 0.14, 
       "FirstFit": 0.05, 
       "GeneticGroup": 69.29, 
       "GeneticStandard": 5.67, 
       "OverloadAndRemove": 0.38, 
       "OverloadAndRemovePresort": 0.4
     }
   }, 
   {
     "approximation": "GeneticGroup [2014-10-30 23:20:21]", 
     "avgMultiplicity": 8.8, 
     "capacity": 15, 
     "category": "gauss", 
     "lowerBound": 5, 
     "pageCount": 36, 
     "pages": [
       [3,6,7,15,21,22,24,27,52,53,55,56,61,68,73], 
       [1,3,8,14,17,29,30,31,33,37,45,47,50,55,73], 
       [2,11,12,14,15,17,22,24,33,39,40,53,54,63,74], 
       [3,4,6,11,20,30,33,34,44,47,59,60,61,65], 
       [6,13,15,17,19,20,25,28,31,35,48,54,64,70,71], 
       [17,22,23,28,32,35,38,50,51,58,61,62,65,67], 
       [0,2,16,25,30,31,35,36,37,39,55,66,69,71], 
       [1,11,18,40,42,44,45,52,60,61,62,67,72,73], 
       [1,5,14,24,28,31,32,39,48,51,62,64,65,72,73], 
       [1,6,7,11,17,23,26,28,43,44,54,55,63,65,66], 
       [3,13,14,15,25,44,46,49,53,56,65,66,74], 
       [2,4,8,10,31,35,40,45,48,50,55,61,62,72,74], 
       [15,19,21,24,25,26,33,36,38,39,43,44,54,64,70], 
       [11,13,18,24,25,27,34,35,40,46,51,52,55,57,63], 
       [1,8,11,14,16,20,31,36,38,41,44,47,52,59,72], 
       [4,8,10,25,26,32,35,37,38,39,56,62,63,68,70], 
       [5,8,13,21,23,24,25,31,38,45,48,55,56,62,73], 
       [10,11,16,17,22,23,25,34,41,45,48,52,62,68], 
       [1,3,8,15,26,28,33,34,39,41,52,53,54,64,73], 
       [0,4,21,24,32,36,39,43,50,51,52,53,54,69,70], 
       [1,22,24,26,27,36,47,48,50,53,58,61,62,66,67], 
       [0,1,2,3,12,13,17,19,34,52,61,64,67,71,73], 
       [7,14,21,22,29,30,32,38,42,44,49,60,66,73], 
       [0,11,13,14,15,16,20,22,24,36,37,38,40,66,67], 
       [1,5,11,15,26,28,30,37,42,44,50,55,64,65,74], 
       [4,8,11,15,19,25,27,31,36,39,41,46,49,50,57], 
       [5,6,12,28,29,36,41,44,47,49,50,53,57,60,73], 
       [1,6,10,13,20,22,35,37,42,49,56,59,62,71,72], 
       [4,7,10,16,26,30,31,38,40,44,55,56,60,65,67], 
       [3,6,9,16,26,29,34,36,42,46,51,57,58,69,70], 
       [1,3,4,10,12,21,26,38,51,54,57,61,66,68,70], 
       [0,5,6,10,14,16,31,43,47,51,59,61,65,68,74], 
       [2,9,18,20,21,30,40,43,49,55,60,63,67,71,72], 
       [5,8,29,32,34,48,52,54,57,59,60,61,63,65,66], 
       [2,3,5,12,20,28,33,39,41,45,51,58,67,68,72], 
       [11,17,20,29,35,52,55,56,62,74]
     ], 
     "paginations": [
       [52,75,53], 
       [66,77,45], 
       [5,48,33], 
       [60,13], 
       [43,36,90], 
       [14,47,93], 
       [46,23], 
       [62,98], 
       [44,20,85], 
       [95,25,27,38], 
       [61,96], 
       [63,31,57], 
       [17,26,78], 
       [56,71,72], 
       [11,67,3], 
       [92,74,76], 
       [50,42,69], 
       [40,51], 
       [58,41,1], 
       [94,19,10], 
       [2,64,49], 
       [18,82,70], 
       [0,4,68], 
       [39,21], 
       [89,28,29], 
       [80,22,7], 
       [59,83,34], 
       [84,35,9], 
       [54,86,97], 
       [16,12], 
       [8,87,73], 
       [30,55], 
       [99,79,6], 
       [81,32,65], 
       [91,37,15], 
       [88,24]
     ], 
     "properSymbolCount": 0, 
     "solvers": {
       "BestFusion": 40, 
       "FirstFit": 42, 
       "GeneticGroup": 36, 
       "GeneticStandard": 41, 
       "OverloadAndRemove": 36, 
       "OverloadAndRemovePresort": 38
     }, 
     "symbolCount": 75, 
     "symbols": [0,1,2,3,4,5,6,7,8,9,10,11,12,13,14,15,16,17,18,19,20,21,22,23,24,25,26,27,28,29,30,31,32,33,34,35,36,37,38,39,40,41,42,43,44,45,46,47,48,49,50,51,52,53,54,55,56,57,58,59,60,61,62,63,64,65,66,67,68,69,70,71,72,73,74], 
     "tileCount": 100, 
     "tileMaxSize": 9, 
     "tileMinSize": 4, 
     "tiles": [
       [7,21,30,49,60,73], 
       [1,3,28,53,54,73], 
       [48,58,61,62,66], 
       [11,16,38,41,72], 
       [22,29,30,32,38,44,49], 
       [11,12,15,24,40,54,63], 
       [2,18,20,21,71], 
       [25,27,31,39,41,49,50,57], 
       [1,3,10,12,61,70], 
       [1,13,20,22,37,59,72], 
       [0,4,21,39,53,54], 
       [1,8,20,31,44,47,52,72], 
       [3,9,26,29,34,42,46,70], 
       [3,20,33,47,59,60,65], 
       [17,28,35,38,50,58,61,67], 
       [2,3,33,51,58,68], 
       [6,16,26,36,51,57,58,69], 
       [24,26,36,43,44,54,70], 
       [0,3,13,17,34,67,73], 
       [21,32,36,52,69,70], 
       [24,31,32,51,64,72], 
       [13,15,16,24,37,40,67], 
       [4,8,19,36,46,50], 
       [0,2,16,30,35,39,69,71], 
       [17,52,55,56,62,74], 
       [7,11,23,26,28,55,65], 
       [15,21,25,33,64,70], 
       [1,6,11,17,54,66], 
       [1,5,15,28,37,42,44,55,65], 
       [11,28,37,50,64,74], 
       [5,6,10,14,16,65,74], 
       [4,10,31,45,48,50,61], 
       [8,48,57,60,63,65], 
       [2,14,22,24,39], 
       [36,41,47,60,73], 
       [6,37,42,49,59,62,72], 
       [6,15,17,20,25,35], 
       [5,12,28,45,67,68,72], 
       [1,6,7,26,28,66], 
       [0,11,14,20,22,36,38,66], 
       [11,16,17,22,23,25,52,62], 
       [15,26,28,41,52,54,64,73], 
       [5,25,38,45,48,56], 
       [15,20,31,48,54,64,70], 
       [1,5,14,31,32,39,62], 
       [3,31,33,45,47,55], 
       [25,30,31,36,37,55,66], 
       [22,35,38,62,65], 
       [14,17,22,33,53,74], 
       [22,24,26,27,47,53,58], 
       [13,21,23,31,38,45,55], 
       [10,11,34,41,45,48,52,68], 
       [3,7,24,52,55,73], 
       [6,15,21,22,53,56,61,68], 
       [4,16,26,30,31,60], 
       [0,31,43,47,51,59,61,68,74], 
       [13,27,34,46,51,52], 
       [8,50,55,61,74], 
       [3,8,33,34,39,53], 
       [5,28,29,36,44,47,50,53], 
       [4,6,11,30,34,44,61], 
       [3,15,44,46,53,56,65,74], 
       [1,11,18,60,61,62,67,72], 
       [2,4,8,35,40,45,62,72], 
       [1,27,36,48,50,61,67], 
       [5,29,52,54,61,63,66], 
       [1,3,8,14,17,29,47], 
       [11,14,16,36,44,52,59], 
       [14,21,32,42,44,60,66], 
       [8,23,24,38,56,62,73], 
       [3,19,52,61,64,71,73], 
       [11,13,18,25,27,40,57], 
       [11,24,25,34,35,55,63], 
       [21,26,38,51,54,57,68], 
       [10,26,32,35,38,68], 
       [3,6,7,27,52,55], 
       [8,10,37,62,63,70], 
       [3,30,33,37,47,50,73], 
       [19,33,36,38,39,43,44], 
       [9,21,43,55,60,63,71], 
       [4,11,15,27], 
       [32,34,48,54,59,61], 
       [1,2,12,34,64], 
       [6,12,47,49,57,60], 
       [6,10,35,56,59,71], 
       [24,28,48,65,73], 
       [4,10,40,44,55,65], 
       [3,4,10,38,66,70], 
       [11,20,29,35,55,56], 
       [15,26,28,30,42], 
       [13,19,28,31,48,71], 
       [2,20,39,41,45,67], 
       [4,25,26,38,39,56,62], 
       [23,32,51,58,65,67], 
       [0,24,39,43,50,51], 
       [6,26,28,43,44,63], 
       [3,13,14,25,44,49,56,66], 
       [4,7,38,56,67], 
       [11,40,42,44,45,52,67,73], 
       [2,21,30,40,49,67,72]
     ], 
     "times": {
       "BestFusion": 0.07, 
       "FirstFit": 0.05, 
       "GeneticGroup": 98.42, 
       "GeneticStandard": 7.4, 
       "OverloadAndRemove": 2.61, 
       "OverloadAndRemovePresort": 2.62
     }
   }
 ]