[
   {
     "approximation": "BestFusion [2014-10-28 13:48:59]", 
     "avgMultiplicity": 5.8, 
     "capacity": 15, 
     "category": "gauss", 
     "lowerBound": 2, 
     "pageCount": 5, 
     "pages": [
       [0,4,12,14,15,16,17,19,21,23,24,25,27,28,29], 
       [0,4,6,8,9,10,11,13,15,17,18,21,22,27,29], 
       [0,1,2,3,4,5,7,9,12,14,18,19,20,25,29], 
       [2,5,8,9,11,12,13,16,19,20,21,22,23,26,29], 
       [3,5,6,8,12,13,15,17,18,20,22,23,25,26,28]
     ], 
     "paginations": [
       [0,1,3,5,9,10,11,12,14,20,26,39,63], 
       [2,6,7,8,13,15,16,17,18,19,24,30,32,33,61,38], 
       [4,27,45,47,51,53,58,64,41,43,28], 
       [21,35,44,46,48,52,54,56,59,62,23,42], 
       [22,25,29,31,34,36,37,40,49,50,55,57,60]
     ], 
     "properSymbolCount": 0, 
     "solvers": {
       "BestFusion": 5, 
       "FirstFit": 7, 
       "GeneticGroup": 5, 
       "GeneticStandard": 5, 
       "OverloadAndRemove": 5, 
       "OverloadAndRemovePresort": 5
     }, 
     "symbolCount": 30, 
     "symbols": [0,1,2,3,4,5,6,7,8,9,10,11,12,13,14,15,16,17,18,19,20,21,22,23,24,25,26,27,28,29], 
     "tileCount": 65, 
     "tileMaxSize": 4, 
     "tileMinSize": 2, 
     "tiles": [
       [17,24,28], 
       [21,25,28], 
       [18,22], 
       [12,23,25], 
       [1,14], 
       [19,21,28,29], 
       [0,10,18], 
       [11,22], 
       [4,9,18], 
       [4,15,16,28], 
       [4,23], 
       [19,23], 
       [0,15], 
       [10,22,27], 
       [14,25,27,29], 
       [9,17], 
       [4,17,18], 
       [8,15,18,29], 
       [9,18,21], 
       [6,21,29], 
       [19,24,27], 
       [2,11,23], 
       [6,20,26], 
       [5,12,26], 
       [13,21], 
       [6,17,25], 
       [0,25,27], 
       [9,12,14], 
       [2,19], 
       [15,20,28], 
       [17,22], 
       [6,23], 
       [4,13], 
       [8,27], 
       [13,28], 
       [2,9,29], 
       [8,13,18,20], 
       [12,15,22], 
       [6,13], 
       [14,16], 
       [3,12,17], 
       [3,7], 
       [13,23], 
       [0,20], 
       [2,20,26], 
       [1,7,9], 
       [11,12,16,23], 
       [0,7,18], 
       [16,26], 
       [18,28], 
       [3,22], 
       [5,7], 
       [2,5,21], 
       [9,14,29], 
       [19,22,29], 
       [5,15], 
       [11,20], 
       [3,23], 
       [3,4,14], 
       [13,16], 
       [15,18,23], 
       [4,10,11,17], 
       [8,11,16], 
       [12,21], 
       [2,7,25]
     ], 
     "times": {
       "BestFusion": 0.06, 
       "FirstFit": 0.06, 
       "GeneticGroup": 51.49, 
       "GeneticStandard": 4.92, 
       "OverloadAndRemove": 0.21, 
       "OverloadAndRemovePresort": 0.23
     }
   }, 
   {
     "approximation": "GeneticGroup [2014-10-29 17:44:26]", 
     "avgMultiplicity": 14.17, 
     "capacity": 15, 
     "category": "gauss", 
     "lowerBound": 2, 
     "pageCount": 14, 
     "pages": [
       [0,3,5,7,10,12,15,17,18,19,21,22,24,26,28], 
       [2,4,6,11,12,15,17,19,20,21,22,24,25,28,29], 
       [2,4,5,7,9,11,12,13,14,15,16,18,23,25,29], 
       [0,2,3,4,5,7,8,9,12,13,18,19,22,23,28], 
       [0,3,4,5,9,11,14,17,20,21,23,24,26,27,29], 
       [0,1,2,4,6,7,8,9,13,16,17,18,20,23,25], 
       [0,3,4,5,6,7,8,12,15,16,18,22,24,25,26], 
       [0,3,5,10,11,13,14,17,19,22,25,26,27,28,29], 
       [0,1,3,5,6,7,9,10,12,16,18,19,27,28,29], 
       [0,1,2,3,5,6,10,11,12,13,14,20,22,25,29], 
       [0,1,4,5,6,8,10,13,14,15,19,20,21,24,28], 
       [0,1,6,9,10,12,14,15,18,20,23,25,26,28,29], 
       [1,2,4,5,6,9,10,12,13,15,17,19,23,24,29], 
       [16,23,28,29]
     ], 
     "paginations": [
       [45,23,58,1,8,34], 
       [11,63,15,3], 
       [52,0,14,42,36,29], 
       [18,61,59,37,55,20], 
       [38,17,12,6], 
       [62,46,9,30], 
       [47,31,51,49,27], 
       [5,21,26,48,41,19], 
       [33,25,53,22], 
       [4,13,60,43,24], 
       [40,64,56,39,16,2], 
       [57,28,10,35,32], 
       [44,54,50], 
       [7]
     ], 
     "properSymbolCount": 0, 
     "solvers": {
       "BestFusion": 19, 
       "FirstFit": 19, 
       "GeneticGroup": 14, 
       "GeneticStandard": 17, 
       "OverloadAndRemove": 15, 
       "OverloadAndRemovePresort": 16
     }, 
     "symbolCount": 30, 
     "symbols": [0,1,2,3,4,5,6,7,8,9,10,11,12,13,14,15,16,17,18,19,20,21,22,23,24,25,26,27,28,29], 
     "tileCount": 65, 
     "tileMaxSize": 9, 
     "tileMinSize": 4, 
     "tiles": [
       [2,7,9,13,29], 
       [0,3,7,19,24,28], 
       [0,1,10,19,24,28], 
       [2,6,15,17,20,21,24,28], 
       [1,2,3,6,10,14,20], 
       [5,11,13,17,27,28,29], 
       [3,4,5,14,21,23], 
       [16,23,28,29], 
       [0,3,12,17,19,22,26], 
       [1,4,16,20,23,25], 
       [1,6,9,20,25,28,29], 
       [11,12,15,19,21,25,29], 
       [0,4,5,11,14,24,26,29], 
       [1,3,5,6,10,13], 
       [4,5,15,25,29], 
       [4,11,15,20,22], 
       [0,1,4,19,21,24], 
       [0,4,9,11,17,21,23], 
       [0,3,4,7,18,23], 
       [0,10,11,14,22,27], 
       [3,7,8,12,22,23], 
       [5,10,13,14,26], 
       [0,9,10,12,19], 
       [3,7,12,15,24], 
       [0,2,3,6,12,20,29], 
       [0,6,7,10,12,16,18,27,29], 
       [3,5,10,13,14,19,22,25], 
       [4,5,8,12,25], 
       [0,6,12,14,18,26,28], 
       [2,4,7,12,15,18], 
       [0,1,2,7,9,13,20,23], 
       [0,5,15,16,25], 
       [0,1,10,15,18,23,26], 
       [1,3,5,6,7,9,12,28], 
       [0,12,15,19,21,26,28], 
       [0,12,14,15,25,26,29], 
       [5,7,11,13,14,15,16,23,25], 
       [4,7,9,12,19,22], 
       [0,4,9,14,20,21,26,27], 
       [4,5,6,8,13,20,28], 
       [5,8,14,20,24,28], 
       [5,10,13,14,22,27], 
       [2,4,5,7,11,12,23,25], 
       [1,2,3,12,20,22,25], 
       [6,12,13,17,19,29], 
       [5,10,18,19,24], 
       [0,2,7,9,18,20,25], 
       [3,5,7,8,24,25,26], 
       [0,5,10,19,27,29], 
       [0,3,6,12,16,18,22], 
       [2,5,6,9,10,12,15,23,29], 
       [5,6,15,16,18,22,24], 
       [9,11,12,13,18,23,29], 
       [0,1,16,19,27,28], 
       [1,4,6,9,13,24], 
       [0,3,7,18,19,22,23], 
       [0,4,5,8,10,19], 
       [0,9,20,23,25,28,29], 
       [3,5,7,15,19,21,22,26], 
       [2,3,8,12,19,23], 
       [0,2,5,6,11,14], 
       [2,4,5,9,12,13,28], 
       [0,6,8,16,17,20], 
       [2,4,22,24,25,29], 
       [6,8,15,19,20,24]
     ], 
     "times": {
       "BestFusion": 0.05, 
       "FirstFit": 0.04, 
       "GeneticGroup": 63.33, 
       "GeneticStandard": 5.13, 
       "OverloadAndRemove": 0.75, 
       "OverloadAndRemovePresort": 0.7
     }
   }, 
   {
     "approximation": "GeneticGroup [2014-10-29 17:44:26]", 
     "avgMultiplicity": 22.4, 
     "capacity": 15, 
     "category": "gauss", 
     "lowerBound": 2, 
     "pageCount": 32, 
     "pages": [
       [0,1,2,7,8,12,13,16,18,19,20,23,24,26,29], 
       [1,3,4,5,6,7,8,10,11,15,16,17,24,27,28], 
       [1,5,6,8,10,12,13,14,18,20,21,24,25,27,29], 
       [3,4,7,8,9,10,11,13,16,18,24,25,26,28,29], 
       [1,2,5,7,10,11,14,15,20,21,24,25,26,27,29], 
       [1,3,4,7,8,9,10,13,14,21,24,25], 
       [0,1,4,6,10,11,14,16,19,21,23,25,27,28,29], 
       [1,3,5,9,12,15,16,17,20,23,24,25,26,27,28], 
       [0,1,2,4,6,9,12,13,14,15,17,24,27,29], 
       [0,3,7,9,10,11,14,15,16,18,19,20,22,23,25], 
       [0,1,2,4,6,17,18,19,20,22,24,26,27,28,29], 
       [0,1,2,4,5,7,9,10,12,14,15,21,23,26,29], 
       [4,5,6,7,12,13,15,16,17,19,23,25,27,28,29], 
       [0,2,4,6,7,8,11,13,14,15,16,17,19,26,28], 
       [0,1,7,8,9,12,15,16,22,23,24,26,27,28,29], 
       [2,3,7,9,10,12,13,18,19,21,24,25,27,28,29], 
       [0,2,3,5,7,8,12,13,14,19,21,22,23,26,27], 
       [0,3,6,9,11,12,16,17,18,20,21,22,23,26,28], 
       [0,1,5,6,8,9,11,13,14,21,23,24,25,26,28], 
       [2,3,6,7,8,10,11,12,14,19,20,22,23,25,28], 
       [1,2,4,5,6,8,10,11,20,23,24,25,26,27,29], 
       [1,2,4,5,7,11,12,13,16,18,20,21,26,27,29], 
       [1,5,6,8,13,15,16,19,20,21,25,26,27,28,29], 
       [2,4,6,9,10,12,14,15,16,20,21,23,25,26,29], 
       [0,1,2,5,8,9,10,11,13,18,19,21,24,25,28], 
       [0,2,6,7,8,9,13,14,16,17,19,20,21,22,29], 
       [0,1,2,3,7,8,9,11,16,18,19,20,21,26,29], 
       [0,1,3,10,11,12,13,14,17,21,22,23,26,28,29], 
       [2,4,5,6,11,13,15,16,17,19,20,21,23,24,28], 
       [0,1,3,8,9,11,12,15,19,21,24,25,27,28,29], 
       [0,1,2,8,9,12,15,16,17,22,23,24,25,27,29], 
       [1,10,14,16,19,20,22,24,29]
     ], 
     "paginations": [
       [35,32,22], 
       [50,6], 
       [19,12,7], 
       [30,9], 
       [34,44], 
       [43], 
       [63,8], 
       [10,49], 
       [18,52], 
       [57,47], 
       [26,1], 
       [58,53], 
       [45,20], 
       [54,59], 
       [37,0], 
       [28,21], 
       [27,39], 
       [42,2], 
       [23,60], 
       [16,17], 
       [40,41], 
       [25,51], 
       [4,11], 
       [31,48], 
       [5,61], 
       [3,13], 
       [33,46,24], 
       [14,36], 
       [55,38], 
       [64,62], 
       [15,29], 
       [56]
     ], 
     "properSymbolCount": 0, 
     "solvers": {
       "BestFusion": 35, 
       "FirstFit": 38, 
       "GeneticGroup": 32, 
       "GeneticStandard": 33, 
       "OverloadAndRemove": 38, 
       "OverloadAndRemovePresort": 37
     }, 
     "symbolCount": 30, 
     "symbols": [0,1,2,3,4,5,6,7,8,9,10,11,12,13,14,15,16,17,18,19,20,21,22,23,24,25,26,27,28,29], 
     "tileCount": 65, 
     "tileMaxSize": 12, 
     "tileMinSize": 9, 
     "tiles": [
       [0,1,7,9,12,22,23,26,28,29], 
       [1,2,17,18,19,20,22,24,26,27,28], 
       [6,9,11,17,18,21,22,23,26,28], 
       [0,2,7,8,9,13,16,19,20,22,29], 
       [1,8,13,15,16,19,21,25,26,29], 
       [0,2,5,8,9,11,13,18,19,28], 
       [1,3,4,5,8,10,11,17,24,27,28], 
       [1,5,6,8,10,12,13,18,20,25,29], 
       [1,6,10,11,14,21,23,27,29], 
       [3,4,7,8,10,11,16,18,24,25,26,29], 
       [3,5,9,12,15,17,20,23,24,27], 
       [1,5,6,13,19,20,26,27,28,29], 
       [1,8,10,13,14,20,21,24,27], 
       [6,8,9,14,16,17,20,21,22,29], 
       [0,1,11,12,14,17,22,23,26,28,29], 
       [0,1,2,9,15,16,22,23,24,25], 
       [2,3,7,8,11,14,20,22,23,25,28], 
       [6,7,10,12,14,19,20,23,25], 
       [0,1,2,6,9,12,13,14,24,27,29], 
       [1,6,12,13,20,21,24,25,29], 
       [4,12,15,16,17,19,25,27,29], 
       [2,7,9,10,12,18,21,24,27,28,29], 
       [1,2,8,12,16,19,20,23,24], 
       [0,1,5,6,8,9,13,21,23,24,28], 
       [0,1,3,8,9,11,19,26,29], 
       [2,11,12,13,16,18,20,21,26,27], 
       [0,4,6,18,19,20,22,26,27,28,29], 
       [0,2,3,5,12,14,19,21,23,26], 
       [3,10,13,18,19,21,24,25,27,28,29], 
       [0,2,8,9,12,17,22,24,27,29], 
       [4,7,9,11,13,18,24,26,28], 
       [6,9,10,14,15,20,23,25,26,29], 
       [0,7,8,12,16,18,20,23,26,29], 
       [1,7,8,9,11,16,18,19,20,21,26], 
       [1,2,5,7,11,14,15,24,26,27,29], 
       [0,1,7,13,16,18,19,23,24], 
       [0,1,3,10,13,21,22,23,28,29], 
       [7,8,9,12,15,16,22,23,24,26,27], 
       [2,6,11,13,15,17,20,21,24,28], 
       [0,5,7,8,13,21,22,26,27], 
       [1,2,5,6,8,11,20,23,24,25,27], 
       [1,2,4,6,10,24,25,26,27,29], 
       [0,3,6,11,12,16,17,18,20,26], 
       [1,3,4,7,8,9,10,13,14,21,24,25], 
       [1,2,7,10,14,15,20,21,25,29], 
       [4,5,6,7,12,13,17,23,25,28,29], 
       [0,1,2,3,7,9,11,18,21,26,29], 
       [0,7,10,15,16,18,19,20,22,23], 
       [2,4,9,10,12,15,16,21,26,29], 
       [1,3,9,12,15,16,23,25,26,27,28], 
       [1,3,5,6,7,11,15,16,24,27,28], 
       [1,2,4,5,7,11,13,18,21,29], 
       [0,2,4,6,9,13,14,15,17,27], 
       [0,1,2,4,10,12,14,15,23,26,29], 
       [0,4,6,8,11,13,15,17,19,26,28], 
       [4,5,6,11,13,15,16,17,19,21,23], 
       [1,10,14,16,19,20,22,24,29], 
       [0,3,7,9,10,11,14,15,19,22,25], 
       [0,1,2,5,7,9,10,12,15,21,23], 
       [0,2,4,6,7,11,14,16,17,19,28], 
       [1,6,9,11,13,14,21,24,25,26,28], 
       [0,1,2,8,9,10,11,21,24,25,28], 
       [0,1,9,11,15,19,21,25,28], 
       [0,1,4,6,10,14,16,19,23,25,27,28], 
       [3,8,11,12,19,21,24,25,27,28,29]
     ], 
     "times": {
       "BestFusion": 0.06, 
       "FirstFit": 0.04, 
       "GeneticGroup": 82.31, 
       "GeneticStandard": 6.01, 
       "OverloadAndRemove": 1.45, 
       "OverloadAndRemovePresort": 1.5
     }
   }, 
   {
     "approximation": "GeneticGroup [2014-10-29 17:44:26]", 
     "avgMultiplicity": 5.8, 
     "capacity": 15, 
     "category": "gauss", 
     "lowerBound": 2, 
     "pageCount": 4, 
     "pages": [
       [0,2,3,5,6,7,9,10,11,12,16,22,23,27,29], 
       [1,4,9,10,11,12,13,14,17,18,19,23,24,28,29], 
       [2,4,5,6,8,11,15,16,18,20,22,25,26,27,28], 
       [1,3,8,12,13,14,15,18,19,20,21,22,23,27]
     ], 
     "paginations": [
       [33,51,10,49,36,59,54,14,11,23,4,0,63,53,22,32,1,13], 
       [52,3,47,19,34,25,38,58,57,2,18,40,20,39,24,37,26,48,30], 
       [7,6,8,45,56,61,41,62,21,9,16,27,15,46,42,60,44], 
       [43,5,17,50,35,12,64,29,28,55,31]
     ], 
     "properSymbolCount": 0, 
     "solvers": {
       "BestFusion": 6, 
       "FirstFit": 7, 
       "GeneticGroup": 4, 
       "GeneticStandard": 6, 
       "OverloadAndRemove": 5, 
       "OverloadAndRemovePresort": 5
     }, 
     "symbolCount": 30, 
     "symbols": [0,1,2,3,4,5,6,7,8,9,10,11,12,13,14,15,16,17,18,19,20,21,22,23,24,25,26,27,28,29], 
     "tileCount": 65, 
     "tileMaxSize": 4, 
     "tileMinSize": 2, 
     "tiles": [
       [3,5,12], 
       [5,6,22], 
       [12,17], 
       [19,28], 
       [3,9], 
       [3,19,27], 
       [2,4,5,25], 
       [8,18,26,27], 
       [22,25], 
       [4,15,16,22], 
       [6,11,12], 
       [3,10,22], 
       [1,20], 
       [16,27], 
       [0,10,27,29], 
       [8,20,28], 
       [15,26,27], 
       [8,13,15], 
       [9,17], 
       [1,13], 
       [9,18], 
       [6,28], 
       [7,22,23], 
       [3,6,7], 
       [13,17,28], 
       [1,11,24], 
       [1,12,14,28], 
       [2,8,27], 
       [20,23], 
       [12,15], 
       [11,17], 
       [14,21], 
       [9,23], 
       [2,7], 
       [12,13,19], 
       [1,21], 
       [5,7], 
       [4,18,19], 
       [4,28,29], 
       [12,18,28], 
       [4,14,17,29], 
       [18,25], 
       [2,26], 
       [15,19,27], 
       [5,27], 
       [16,20,28], 
       [4,20], 
       [1,10,18,28], 
       [1,18,19,23], 
       [2,10,16], 
       [18,21,27], 
       [12,27], 
       [12,13,24,29], 
       [5,29], 
       [6,9,11], 
       [3,18], 
       [20,25], 
       [4,12], 
       [4,23], 
       [0,11,27,29], 
       [2,20], 
       [11,25,26], 
       [15,25], 
       [0,9,22], 
       [14,22]
     ], 
     "times": {
       "BestFusion": 0.06, 
       "FirstFit": 0.04, 
       "GeneticGroup": 51.87, 
       "GeneticStandard": 4.71, 
       "OverloadAndRemove": 0.23, 
       "OverloadAndRemovePresort": 0.17
     }
   }, 
   {
     "approximation": "OverloadAndRemovePresort [2014-10-28 13:14:37]", 
     "avgMultiplicity": 14.0, 
     "capacity": 15, 
     "category": "gauss", 
     "lowerBound": 2, 
     "pageCount": 15, 
     "pages": [
       [0,1,2,3,5,8,11,12,13,19,21,22,26,27,29], 
       [0,3,7,8,9,10,12,14,17,18,19,20,21,25,29], 
       [2,3,5,6,7,11,15,16,17,18,19,21,23,26,28], 
       [1,5,9,10,11,12,13,14,16,17,20,22,24,28,29], 
       [4,6,13,14,15,18,19,21,22,24,25,26,27,29], 
       [0,3,4,5,8,9,10,11,12,14,22,24,25,26,27], 
       [0,1,2,3,4,6,7,9,10,11,14,15,21,27,28], 
       [0,4,8,10,12,13,16,17,18,19,22,23,24,28,29], 
       [0,3,11,13,14,20,22,23,24,25,26,27,29], 
       [1,3,5,6,7,10,12,13,17,21,22,24,26,27,29], 
       [0,2,3,7,8,10,11,12,15,16,18,20,21,25,27], 
       [0,1,3,4,6,7,9,16,17,21,27,28,29], 
       [2,3,4,6,7,12,14,19,20,21,22,26], 
       [0,2,4,5,7,9,10,11,13,14,22,23,25,29], 
       [1,3,5,13,14,15,17,18,19,20,21,25,27,29]
     ], 
     "paginations": [
       [47,53,33,40,4,37,52], 
       [29,31,48,9,50], 
       [3,12,19,61,43,46,27], 
       [63,17,18,21,59,22], 
       [0,34,1,45,64], 
       [8,55,41,36,28,58], 
       [62,2,60,14], 
       [7,23,13,39,32], 
       [10,30,57], 
       [6,11,20,54,15], 
       [44,25,35], 
       [42,38], 
       [49,5], 
       [56,24,16], 
       [26,51]
     ], 
     "properSymbolCount": 0, 
     "solvers": {
       "BestFusion": 19, 
       "FirstFit": 21, 
       "GeneticGroup": 15, 
       "GeneticStandard": 18, 
       "OverloadAndRemove": 16, 
       "OverloadAndRemovePresort": 15
     }, 
     "symbolCount": 30, 
     "symbols": [0,1,2,3,4,5,6,7,8,9,10,11,12,13,14,15,16,17,18,19,20,21,22,23,24,25,26,27,28,29], 
     "tileCount": 65, 
     "tileMaxSize": 10, 
     "tileMinSize": 4, 
     "tiles": [
       [2,5,15,16,17], 
       [7,12,18,20,21,25,29], 
       [10,12,14,22,25,26], 
       [5,12,22,26,27], 
       [0,3,8,14,24,26], 
       [2,11,13,19,22,27,29], 
       [3,6,10,13,21,27,29], 
       [10,12,16,19,22,23,28], 
       [9,11,24,26,27], 
       [0,9,11,22,25,26], 
       [7,16,17,21,23,26], 
       [5,7,21,24,26,27,29], 
       [1,9,12,17,24], 
       [5,7,10,11,13,14], 
       [2,5,16,18,19,21], 
       [13,18,21,22,29], 
       [1,6,12,22,26,29], 
       [2,3,4,12,14,21,22,26], 
       [0,4,5,10,11,13,23,25], 
       [0,1,4,6,9,16,27,28,29], 
       [5,11,12,13,16,17,22], 
       [9,12,13,17,22,24,28], 
       [5,9,10,13,22,28,29], 
       [6,7,16,17,18,23,26], 
       [8,13,23,28,29], 
       [3,5,6,16,18,23,28], 
       [1,3,5,14,15,17,18,27], 
       [0,3,10,12,15,16,21,27], 
       [1,3,6,7,13,17,22], 
       [6,13,15,18,24,27], 
       [4,8,17,19,24], 
       [4,14,15,19,27], 
       [0,12,13,19,23,28], 
       [10,18,19,21,25], 
       [4,15,18,21,29], 
       [8,9,14,18,20,25], 
       [0,3,4,6,7,17,21,29], 
       [4,15,18,19,25,26,27], 
       [1,5,13,19,27], 
       [1,9,10,12,13,20], 
       [0,2,3,11,12,13,21], 
       [1,2,4,7,9,10,14,15,21,27], 
       [5,10,14,16,22,24], 
       [1,4,10,15,27,28], 
       [3,9,10,17,19,20,21], 
       [0,3,11,14,20,23,25,27,29], 
       [2,3,7,11,12,18,20,27], 
       [2,3,6,7,12,19,20], 
       [0,2,5,11,12,22], 
       [1,5,6,10,26,27], 
       [0,8,11,19,22,29], 
       [0,2,6,11,14,15,21], 
       [11,13,20,23,24,25], 
       [3,8,15,16,18,21,25], 
       [3,12,26,27,29], 
       [2,9,10,11,22,25,29], 
       [4,8,10,18,19,23,28], 
       [4,10,11,12,22,26,27], 
       [3,5,11,16,17,18], 
       [0,7,9,10,18,25], 
       [3,5,10,25,26], 
       [3,13,14,20,22,26], 
       [0,1,3,7,10,11,14], 
       [13,14,17,19,20,21,25,29], 
       [2,16,19,28]
     ], 
     "times": {
       "BestFusion": 0.05, 
       "FirstFit": 0.03, 
       "GeneticGroup": 61.39, 
       "GeneticStandard": 4.86, 
       "OverloadAndRemove": 0.72, 
       "OverloadAndRemovePresort": 0.74
     }
   }, 
   {
     "approximation": "GeneticGroup [2014-10-29 17:44:26]", 
     "avgMultiplicity": 22.83, 
     "capacity": 15, 
     "category": "gauss", 
     "lowerBound": 2, 
     "pageCount": 32, 
     "pages": [
       [0,2,5,8,10,11,13,15,16,18,19,20,21,22,26], 
       [0,1,4,5,6,10,13,14,15,16,20,21,23,26,27], 
       [2,8,10,13,16,17,18,19,21,22,23,24,26,27,29], 
       [1,2,3,6,10,12,14,15,16,17,19,20,27,29], 
       [0,1,2,4,7,8,10,11,15,17,19,21,24,25,26], 
       [0,1,2,3,6,7,8,10,11,14,18,20,25,26,27], 
       [2,4,5,11,13,15,17,19,21,22,23,24,26,27,29], 
       [2,5,7,8,9,10,12,17,20,23,25,26,27,28,29], 
       [5,7,8,9,10,11,13,14,16,18,21,22,26,27,28], 
       [1,2,4,5,6,7,8,9,11,14,15,16,17,21,25], 
       [1,4,6,7,9,10,11,12,14,15,17,20,21,24,29], 
       [0,2,3,4,6,9,10,11,12,17,18,19,25,26,28], 
       [0,1,4,9,11,15,17,20,21,24,25,26,27,28,29], 
       [0,6,8,10,11,12,19,20,21,22,23,24,26,28,29], 
       [2,3,4,6,9,12,13,14,16,18,21,23,26,27,28], 
       [0,2,4,7,8,9,11,13,14,16,18,19,21,25,28], 
       [1,3,4,5,6,10,11,18,19,20,23,24,25,28], 
       [0,1,3,5,6,9,10,11,14,15,16,17,22,28,29], 
       [3,7,8,9,10,12,13,18,19,20,21,24,25,26,27], 
       [0,1,9,13,14,15,17,18,22,23,24,25,26,27,29], 
       [0,1,2,3,6,9,11,12,14,15,17,20,21,25,26], 
       [0,2,3,5,6,12,13,15,17,18,22,25,27,28,29], 
       [0,1,7,9,11,13,14,15,17,18,19,23,24,27,28], 
       [0,3,8,9,10,11,13,15,19,20,23,25,26,27,29], 
       [0,1,2,5,6,8,9,13,17,20,24,25,26,27,29], 
       [3,7,8,11,13,14,15,16,17,18,22,24,25,28,29], 
       [3,4,5,6,7,8,13,16,18,22,23,24,25,27,29], 
       [0,3,6,9,13,14,15,20,21,23,24,26,27,28,29], 
       [0,1,3,7,8,9,12,15,17,18,19,20,21,23,24], 
       [0,3,5,8,11,12,14,15,18,19,21,23,24,27,28], 
       [4,6,7,8,9,10,11,12,15,20,21,22,26,27,28], 
       [0,2,3,4,10,12,13,18,19,20,21,22,25,28,29]
     ], 
     "paginations": [
       [61,2], 
       [6,17], 
       [19,32], 
       [12,7], 
       [47,60], 
       [43,48], 
       [13,20], 
       [40,54], 
       [37,26], 
       [28,44], 
       [59,25], 
       [10,34], 
       [58,8], 
       [9,56], 
       [23,38], 
       [55,18], 
       [39,16], 
       [4,14], 
       [5,1], 
       [33,45], 
       [15,36,27], 
       [42,46], 
       [49,52], 
       [22,51], 
       [53,24], 
       [62,35], 
       [41,0], 
       [57,29], 
       [50,63], 
       [21,30], 
       [11,64], 
       [31,3]
     ], 
     "properSymbolCount": 0, 
     "solvers": {
       "BestFusion": 36, 
       "FirstFit": 39, 
       "GeneticGroup": 32, 
       "GeneticStandard": 36, 
       "OverloadAndRemove": 41, 
       "OverloadAndRemovePresort": 40
     }, 
     "symbolCount": 30, 
     "symbols": [0,1,2,3,4,5,6,7,8,9,10,11,12,13,14,15,16,17,18,19,20,21,22,23,24,25,26,27,28,29], 
     "tileCount": 65, 
     "tileMaxSize": 12, 
     "tileMinSize": 8, 
     "tiles": [
       [3,4,5,6,7,8,16,18,22,25,29], 
       [3,7,8,13,19,21,24,25,26], 
       [0,2,5,10,11,15,16,18,19,20,22,26], 
       [2,4,12,13,18,19,22,25,28,29], 
       [0,1,5,10,11,14,15,16,28,29], 
       [8,9,10,12,13,18,19,20,21,24,26,27], 
       [0,1,4,5,6,10,14,20,21,23,26], 
       [1,2,3,6,10,12,16,17,19,20,29], 
       [1,9,11,15,17,21,24,25,26,28,29], 
       [0,8,10,11,12,19,21,22,23,24,26], 
       [0,2,3,4,6,11,17,19,25,26,28], 
       [4,6,7,9,11,15,20,21,26,27,28], 
       [1,3,6,12,14,15,16,17,19,20,27,29], 
       [2,4,5,13,15,17,19,21,22,23,27], 
       [0,3,6,9,10,15,16,17,22], 
       [0,1,3,6,20,21,25,26], 
       [1,3,4,5,6,10,11,18,19,20,24], 
       [0,1,13,14,15,16,20,23,27], 
       [4,7,8,9,14,16,18,19,25], 
       [2,8,17,23,24,26,27,29], 
       [4,5,11,15,17,24,26,27,29], 
       [0,5,8,11,14,18,19,21,23,27,28], 
       [0,8,9,10,11,13,19,23,25,27,29], 
       [2,3,9,12,13,14,18,23,26,27,28], 
       [1,2,5,6,8,13,24,25,26,27,29], 
       [1,7,10,11,14,15,17,20,21,29], 
       [5,7,8,9,11,14,22,26,27], 
       [2,3,6,9,11,12,14,15,17,20,25,26], 
       [2,4,5,6,7,8,9,14,15,16,17,21], 
       [0,3,6,9,13,15,20,21,23,24,28], 
       [0,3,8,12,14,15,18,23,24,28], 
       [0,2,3,10,12,18,19,20,21,28,29], 
       [10,13,16,17,18,19,21,22,23,26,27,29], 
       [0,1,9,13,18,23,24,25,26,27,29], 
       [2,3,9,10,11,12,18,19,26,28], 
       [3,8,13,14,15,16,18,22,25,28,29], 
       [2,3,6,9,11,12,14,21,25,26], 
       [7,8,9,10,13,14,16,18,21,22,27,28], 
       [2,3,4,6,14,16,18,21,23,28], 
       [1,3,5,6,11,20,23,24,25,28], 
       [2,5,8,9,10,12,17,23,26,27], 
       [3,4,7,13,22,23,24,25,27,29], 
       [0,2,3,5,6,12,15,17,18,22,27,28], 
       [0,1,2,3,7,14,18,25,26,27], 
       [1,2,5,6,9,11,15,16,21,25], 
       [0,1,13,14,15,17,18,22,23,24,26,29], 
       [0,2,5,6,13,17,22,25,29], 
       [0,1,2,7,8,17,19,24,25,26], 
       [1,2,3,6,8,10,11,18,20,27], 
       [0,7,9,14,15,18,19,23,24,28], 
       [0,1,7,8,9,17,18,19,20,24], 
       [3,8,10,11,13,15,20,23,25,26,29], 
       [1,9,11,13,14,15,17,23,24,27,28], 
       [0,1,2,8,9,13,17,20,25,26,29], 
       [2,5,7,10,12,20,25,26,27,28,29], 
       [0,2,7,9,11,13,14,16,18,21,25,28], 
       [6,8,12,20,21,22,23,24,28,29], 
       [3,9,13,14,15,21,23,26,27,29], 
       [0,1,4,9,11,17,20,25,26,27,29], 
       [1,4,6,7,9,10,12,14,15,21,24], 
       [0,2,4,7,8,10,11,15,17,19,21,26], 
       [0,2,5,8,10,11,13,15,21,26], 
       [3,7,8,11,15,17,18,22,24,25,28], 
       [0,3,7,12,15,17,18,19,21,23,24], 
       [6,8,10,11,12,21,22,26,27]
     ], 
     "times": {
       "BestFusion": 0.05, 
       "FirstFit": 0.04, 
       "GeneticGroup": 83.17, 
       "GeneticStandard": 6.01, 
       "OverloadAndRemove": 1.5, 
       "OverloadAndRemovePresort": 1.57
     }
   }
 ]