[
   {
     "approximation": "OverloadAndRemove [2014-10-28 13:31:17]", 
     "avgMultiplicity": 2.92, 
     "capacity": 15, 
     "category": "gauss", 
     "lowerBound": 4, 
     "pageCount": 10, 
     "pages": [
       [2,9,14,18,19,20,24,38,40,41,43,45,48,56,58], 
       [0,1,7,12,15,16,17,18,34,39,44,46,48,49], 
       [0,5,8,13,14,23,28,32,36,41,45,50,53], 
       [2,14,15,21,22,24,27,37,40,41,42,49,50,54,57], 
       [4,5,6,13,30,34,40,41,45,51,55,58], 
       [0,2,3,4,6,14,16,21,28,46,49,51,52,54,59], 
       [1,8,10,16,24,25,26,31,33,40,42,48,51], 
       [5,9,10,19,20,21,22,23,26,29,36,40,59], 
       [1,4,5,9,11,18,22,27,30,35,39,47,52,53,58], 
       [1,3,17,25,31,33,47,54,55]
     ], 
     "paginations": [
       [1,3,21,18], 
       [10,12,13], 
       [20,0,11], 
       [4,14,23], 
       [9,24], 
       [16,7,19], 
       [8,2], 
       [5,6], 
       [22,15], 
       [17]
     ], 
     "properSymbolCount": 9, 
     "solvers": {
       "BestFusion": 10, 
       "FirstFit": 11, 
       "GeneticGroup": 10, 
       "GeneticStandard": 10, 
       "OverloadAndRemove": 10, 
       "OverloadAndRemovePresort": 11
     }, 
     "symbolCount": 60, 
     "symbols": [0,1,2,3,4,5,6,7,8,9,10,11,12,13,14,15,16,17,18,19,20,21,22,23,24,25,26,27,28,29,30,31,32,33,34,35,36,37,38,39,40,41,42,43,44,45,46,47,48,49,50,51,52,53,54,55,56,57,58,59], 
     "tileCount": 25, 
     "tileMaxSize": 9, 
     "tileMinSize": 5, 
     "tiles": [
       [5,11,18,27,30,35,39,47], 
       [0,5,8,13,23,32,45,50], 
       [5,9,10,20,23,29,36,40,59], 
       [17,18,34,39,44,49], 
       [15,21,22,24,27,40,57], 
       [9,19,45,56,58], 
       [5,13,23,28,41,53], 
       [9,18,20,38,41,43], 
       [6,13,30,34,40,41,51,55], 
       [2,21,22,27,37,50], 
       [8,16,24,25,31,33,42,48], 
       [1,3,17,25,31,33,47,54,55], 
       [2,14,38,45,48,58], 
       [0,7,12,34,44,46,48], 
       [1,12,15,16,18,39], 
       [5,13,14,28,36,53], 
       [9,19,21,22,23,26,40,59], 
       [9,24,40,41,45,48], 
       [14,15,41,42,49,50,54], 
       [1,10,16,26,31,40,42,51], 
       [1,4,9,22,52,53,58], 
       [4,5,30,34,45,51,58], 
       [3,4,6,16,46,49,52], 
       [2,14,16,28,49,54,59], 
       [0,3,4,16,21,51,59]
     ], 
     "times": {
       "BestFusion": 0.02, 
       "FirstFit": 0.02, 
       "GeneticGroup": 21.61, 
       "GeneticStandard": 2.32, 
       "OverloadAndRemove": 0.11, 
       "OverloadAndRemovePresort": 0.12
     }
   }, 
   {
     "approximation": "OverloadAndRemove [2014-10-28 15:17:15]", 
     "avgMultiplicity": 2.78, 
     "capacity": 15, 
     "category": "gauss", 
     "lowerBound": 4, 
     "pageCount": 10, 
     "pages": [
       [5,9,21,23,25,27,29,34,40,42,47,49,55,56,59], 
       [2,7,22,23,28,31,35,42,44,45,46,48,52,57], 
       [0,3,6,10,34,40,48,49,51,56,58,59], 
       [6,7,14,18,21,22,27,31,33,39,46,52,56,57], 
       [4,7,8,10,12,13,14,17,23,26,32,35,41,49,58], 
       [2,4,8,15,16,21,24,27,28,30,40,43,56], 
       [11,13,20,21,25,29,31,34,36,44,52,54,55], 
       [1,5,12,36,37,43,48,49,53,54,57,59], 
       [0,1,2,3,9,17,19,24,40,49,50,53], 
       [3,12,15,21,24,33,34,38,39,42,45,50,51,56]
     ], 
     "paginations": [
       [0,22,23,24], 
       [1,4,18], 
       [11,6], 
       [2,19,21], 
       [14,13,15], 
       [8,9], 
       [7,12], 
       [20,3], 
       [16,17], 
       [10,5]
     ], 
     "properSymbolCount": 8, 
     "solvers": {
       "BestFusion": 11, 
       "FirstFit": 11, 
       "GeneticGroup": 10, 
       "GeneticStandard": 11, 
       "OverloadAndRemove": 10, 
       "OverloadAndRemovePresort": 11
     }, 
     "symbolCount": 60, 
     "symbols": [0,1,2,3,4,5,6,7,8,9,10,11,12,13,14,15,16,17,18,19,20,21,22,23,24,25,26,27,28,29,30,31,32,33,34,35,36,37,38,39,40,41,42,43,44,45,46,47,48,49,50,51,52,53,54,55,56,57,58,59], 
     "tileCount": 25, 
     "tileMaxSize": 8, 
     "tileMinSize": 4, 
     "tiles": [
       [9,21,25,29,56], 
       [22,28,31,35,48,52,57], 
       [6,18,33,39,46,52], 
       [1,5,12,36,43,48,49,54], 
       [2,22,31,44,45,46], 
       [15,34,39,42,45,50,51,56], 
       [0,3,6,10,49,51,56,59], 
       [11,20,25,29,31,44,52], 
       [2,8,16,21,28,30,43,56], 
       [2,4,15,16,24,27,28,40], 
       [3,12,21,24,33,38,51], 
       [3,34,40,48,49,56,58], 
       [11,13,21,25,34,36,54,55], 
       [12,14,23,26,49,58], 
       [4,7,12,17,32,35,49], 
       [8,10,12,13,41], 
       [0,2,3,9,40,50,53], 
       [1,17,19,24,40,49,50], 
       [7,23,28,35,42,44,45], 
       [18,22,27,31,56], 
       [1,12,37,53,57,59], 
       [6,7,14,21,27,57], 
       [5,21,23,25], 
       [5,9,42,47,55,56,59], 
       [23,27,34,40,42,47,49]
     ], 
     "times": {
       "BestFusion": 0.02, 
       "FirstFit": 0.01, 
       "GeneticGroup": 20.73, 
       "GeneticStandard": 2.11, 
       "OverloadAndRemove": 0.11, 
       "OverloadAndRemovePresort": 0.12
     }
   }, 
   {
     "approximation": "OverloadAndRemove [2014-10-28 14:10:16]", 
     "avgMultiplicity": 2.72, 
     "capacity": 15, 
     "category": "gauss", 
     "lowerBound": 4, 
     "pageCount": 9, 
     "pages": [
       [5,13,16,31,33,34,38,41,47,48,54,56,59], 
       [0,3,8,19,21,22,29,37,42,44,48,52], 
       [1,3,6,12,18,20,21,28,31,40,41,43,44,51], 
       [1,2,3,6,10,11,19,20,30,34,47,49,50,57,59], 
       [0,9,12,22,24,25,26,29,31,32,41,44,51,52,53], 
       [10,12,14,16,19,22,25,27,28,32,34,35,42,45,48], 
       [0,1,4,7,8,10,11,20,35,36,42,51,52,58,59], 
       [2,12,15,17,20,23,24,31,37,38,43,46,55,56], 
       [1,2,4,5,11,17,18,26,29,33,36,37,39,56,58]
     ], 
     "paginations": [
       [6,12,20], 
       [2,13,14], 
       [7,8,11], 
       [21,23,24], 
       [15,19,16], 
       [1,17,10], 
       [22,18,5], 
       [9,0], 
       [3,4]
     ], 
     "properSymbolCount": 11, 
     "solvers": {
       "BestFusion": 10, 
       "FirstFit": 12, 
       "GeneticGroup": 9, 
       "GeneticStandard": 9, 
       "OverloadAndRemove": 9, 
       "OverloadAndRemovePresort": 10
     }, 
     "symbolCount": 60, 
     "symbols": [0,1,2,3,4,5,6,7,8,9,10,11,12,13,14,15,16,17,18,19,20,21,22,23,24,25,26,27,28,29,30,31,32,33,34,35,36,37,38,39,40,41,42,43,44,45,46,47,48,49,50,51,52,53,54,55,56,57,58,59], 
     "tileCount": 25, 
     "tileMaxSize": 8, 
     "tileMinSize": 5, 
     "tiles": [
       [2,12,20,24,31,38,46,56], 
       [14,19,22,27,28,32,45], 
       [19,22,29,37,42,44,52], 
       [2,5,11,33,36,37,56,58], 
       [1,4,17,18,26,29,39], 
       [0,1,7,51,58,59], 
       [13,33,34,41,47,56], 
       [1,18,20,28,40,43,51], 
       [6,18,20,21,31,44], 
       [12,15,17,23,31,37,43,55], 
       [12,25,27,35,42,48], 
       [3,12,18,21,40,41], 
       [5,16,47,48,54,56], 
       [3,19,21,22,48], 
       [0,8,21,22,52], 
       [0,25,26,29,41,44,52,53], 
       [12,22,24,32,51], 
       [10,16,22,32,34], 
       [0,7,8,10,11,20,35,36], 
       [9,26,31,44,51,53], 
       [13,31,38,48,54,59], 
       [2,11,20,30,47,50], 
       [4,7,8,11,36,42,52], 
       [3,20,34,49,50,57,59], 
       [1,2,6,10,19,20,59]
     ], 
     "times": {
       "BestFusion": 0.02, 
       "FirstFit": 0.01, 
       "GeneticGroup": 20.55, 
       "GeneticStandard": 1.88, 
       "OverloadAndRemove": 0.11, 
       "OverloadAndRemovePresort": 0.1
     }
   }, 
   {
     "approximation": "GeneticGroup [2014-10-30 13:00:58]", 
     "avgMultiplicity": 2.67, 
     "capacity": 15, 
     "category": "gauss", 
     "lowerBound": 4, 
     "pageCount": 9, 
     "pages": [
       [2,6,7,10,11,19,23,25,36,41,43,44,48,55,58], 
       [2,5,9,12,16,18,22,24,29,33,37,41,42,48,54], 
       [1,6,9,14,18,20,27,29,35,36,40,43,45,47,51], 
       [0,1,4,10,19,23,28,29,30,32,34,41,42,48,49], 
       [0,8,15,16,23,26,28,32,33,34,46,50,52,55,56], 
       [17,20,21,29,32,36,37,40,41,42,44,49,51,53,57], 
       [0,4,14,15,17,20,22,23,26,31,35,39,48,50,57], 
       [3,6,8,11,12,13,17,22,26,28,31,48,50,51,56], 
       [2,16,18,38,40,44,46,51,55,59]
     ], 
     "paginations": [
       [16,11,3], 
       [4,18,20], 
       [13,15,21], 
       [23,8,17], 
       [2,7,24], 
       [12,1,19], 
       [0,22,9], 
       [14,5], 
       [10,6]
     ], 
     "properSymbolCount": 14, 
     "solvers": {
       "BestFusion": 10, 
       "FirstFit": 10, 
       "GeneticGroup": 9, 
       "GeneticStandard": 10, 
       "OverloadAndRemove": 10, 
       "OverloadAndRemovePresort": 10
     }, 
     "symbolCount": 60, 
     "symbols": [0,1,2,3,4,5,6,7,8,9,10,11,12,13,14,15,16,17,18,19,20,21,22,23,24,25,26,27,28,29,30,31,32,33,34,35,36,37,38,39,40,41,42,43,44,45,46,47,48,49,50,51,52,53,54,55,56,57,58,59], 
     "tileCount": 25, 
     "tileMaxSize": 9, 
     "tileMinSize": 4, 
     "tiles": [
       [14,23,26,31,35,39,48,57], 
       [21,29,37,51,53,57], 
       [15,26,28,34,46], 
       [2,7,10,23,43,48,55], 
       [2,18,22,29,33,42,48,54], 
       [8,11,13,22,26,31,48,51,56], 
       [2,16,18,44,59], 
       [16,26,32,50,52,55,56], 
       [0,4,10,19,32,34,49], 
       [15,20,22,39,50], 
       [38,40,46,51,55], 
       [2,6,7,10,19,36,41], 
       [20,32,37,40,42,44], 
       [6,14,27,35,36,43], 
       [3,6,12,13,17,28,50], 
       [1,6,14,40,45,51], 
       [6,11,23,25,41,44,58], 
       [0,1,23,42,48], 
       [2,5,9,12,22,29,37,41], 
       [17,36,41,44,49,57], 
       [16,24,33,41], 
       [9,18,20,29,43,47], 
       [0,4,14,17,20,48,50], 
       [0,1,28,29,30,41,42], 
       [0,8,23,33,46,52]
     ], 
     "times": {
       "BestFusion": 0.01, 
       "FirstFit": 0.01, 
       "GeneticGroup": 20.67, 
       "GeneticStandard": 1.87, 
       "OverloadAndRemove": 0.11, 
       "OverloadAndRemovePresort": 0.11
     }
   }, 
   {
     "approximation": "GeneticGroup [2014-10-30 13:00:58]", 
     "avgMultiplicity": 2.75, 
     "capacity": 15, 
     "category": "gauss", 
     "lowerBound": 4, 
     "pageCount": 9, 
     "pages": [
       [2,5,7,12,16,17,29,31,34,41,43,53,55,56,59], 
       [1,5,7,8,14,18,19,20,21,27,34,38,46,48,51], 
       [1,13,16,22,23,24,25,27,28,31,32,40,46,50], 
       [2,3,6,8,12,17,22,29,33,38,44,46,57,58,59], 
       [5,8,12,13,15,16,18,21,23,26,30,37,47,53], 
       [5,6,7,9,10,11,18,21,27,28,33,35,45,48,58], 
       [0,6,20,31,32,34,37,38,39,41,42,49,52,54,59], 
       [18,20,22,24,26,35,36,38,42,45,47,50,53,54,55], 
       [4,7,8,9,11,17,19,28,36,49,51,53,54,56,57]
     ], 
     "paginations": [
       [22,8,23], 
       [10,14,16], 
       [9,0], 
       [6,21,24], 
       [11,15], 
       [19,7,18], 
       [5,13,20], 
       [4,3,2], 
       [12,17,1]
     ], 
     "properSymbolCount": 12, 
     "solvers": {
       "BestFusion": 11, 
       "FirstFit": 11, 
       "GeneticGroup": 9, 
       "GeneticStandard": 10, 
       "OverloadAndRemove": 10, 
       "OverloadAndRemovePresort": 10
     }, 
     "symbolCount": 60, 
     "symbols": [0,1,2,3,4,5,6,7,8,9,10,11,12,13,14,15,16,17,18,19,20,21,22,23,24,25,26,27,28,29,30,31,32,33,34,35,36,37,38,39,40,41,42,43,44,45,46,47,48,49,50,51,52,53,54,55,56,57,58,59], 
     "tileCount": 25, 
     "tileMaxSize": 10, 
     "tileMinSize": 4, 
     "tiles": [
       [1,13,16,22,24,27,31,32], 
       [8,17,19,49,51,54], 
       [22,24,26,38,50,54], 
       [18,20,35,36,38,45,47], 
       [24,35,38,42,50,53,55], 
       [6,20,34,39,41,54], 
       [6,12,17,29,57,59], 
       [10,27,45,48], 
       [5,17,29,31,34,43,55,56], 
       [23,25,28,32,40,46,50], 
       [1,5,8,19,20,21,34], 
       [5,8,12,13,16,18,21,23,30,37], 
       [7,11,19,28,49,56,57], 
       [20,31,37,38,42,59], 
       [5,8,14,27,38], 
       [15,16,23,26,30,47,53], 
       [7,18,34,46,48,51], 
       [4,7,9,36,53,56], 
       [6,7,9,21,28,35,48,58], 
       [5,6,11,18,27,33], 
       [0,20,32,37,49,52], 
       [6,8,22,33,38,46,58,59], 
       [7,12,31,41,53,59], 
       [2,5,12,16,53,55], 
       [2,3,6,33,44,58]
     ], 
     "times": {
       "BestFusion": 0.02, 
       "FirstFit": 0.01, 
       "GeneticGroup": 22.12, 
       "GeneticStandard": 1.89, 
       "OverloadAndRemove": 0.11, 
       "OverloadAndRemovePresort": 0.11
     }
   }, 
   {
     "approximation": "GeneticGroup [2014-10-30 13:00:58]", 
     "avgMultiplicity": 2.9, 
     "capacity": 15, 
     "category": "gauss", 
     "lowerBound": 4, 
     "pageCount": 10, 
     "pages": [
       [5,12,13,18,19,22,23,26,27,34,40,41,49,55,56], 
       [4,6,10,20,21,22,28,30,47,49,50,51,53,55,57], 
       [0,2,3,5,11,17,24,25,27,33,35,38,43,48,56], 
       [1,5,12,27,31,33,37,38,39,46,48,52,53,55,57], 
       [1,5,6,8,11,23,28,31,42,48,53,54,56,59], 
       [4,7,10,13,27,30,31,35,42,44,45,54,55,58,59], 
       [7,9,14,17,20,23,29,30,37,43,45,48,54,58,59], 
       [0,5,6,13,19,25,28,36,39,48,49], 
       [1,2,6,8,15,16,33,35,39,40,41,44,45,47,49], 
       [3,10,12,16,18,20,24,32,33,34,47,54,56,57]
     ], 
     "paginations": [
       [20,3,15], 
       [1,19,2], 
       [4,24,10], 
       [23,0,8], 
       [5,12], 
       [21,16,14], 
       [17,11], 
       [22,7], 
       [6,13], 
       [18,9]
     ], 
     "properSymbolCount": 9, 
     "solvers": {
       "BestFusion": 11, 
       "FirstFit": 12, 
       "GeneticGroup": 10, 
       "GeneticStandard": 11, 
       "OverloadAndRemove": 11, 
       "OverloadAndRemovePresort": 11
     }, 
     "symbolCount": 60, 
     "symbols": [0,1,2,3,4,5,6,7,8,9,10,11,12,13,14,15,16,17,18,19,20,21,22,23,24,25,26,27,28,29,30,31,32,33,34,35,36,37,38,39,40,41,42,43,44,45,46,47,48,49,50,51,52,53,54,55,56,57,58,59], 
     "tileCount": 25, 
     "tileMaxSize": 9, 
     "tileMinSize": 5, 
     "tiles": [
       [27,31,33,46,52,53,57], 
       [6,10,20,21,22,47,49], 
       [4,6,30,50,53], 
       [12,13,19,22,34,55], 
       [0,2,27,38,56], 
       [6,11,23,28,31,48,54,59], 
       [2,8,35,39,40,44,47,49], 
       [0,5,19,28,39,48], 
       [31,37,38,46,52,55], 
       [16,20,33,34,47,54,56], 
       [3,11,17,25,33,35,43], 
       [14,17,20,23,29,43,48,54,59], 
       [1,5,6,8,42,53,56,59], 
       [1,6,15,16,33,41,45], 
       [4,10,13,44,45,55,59], 
       [5,13,18,23,27,49,55], 
       [10,27,31,42,44], 
       [7,9,30,37,43,45,48,58,59], 
       [3,10,12,18,24,32,57], 
       [4,10,21,28,30,51,55,57], 
       [12,19,26,34,40,41,49,56], 
       [7,13,30,35,54,58], 
       [6,13,19,25,36,49], 
       [1,5,12,27,39,48,52,57], 
       [5,17,24,35,38,48,56]
     ], 
     "times": {
       "BestFusion": 0.02, 
       "FirstFit": 0.01, 
       "GeneticGroup": 21.64, 
       "GeneticStandard": 2.33, 
       "OverloadAndRemove": 0.12, 
       "OverloadAndRemovePresort": 0.12
     }
   }
 ]