[
   {
     "approximation": "GeneticGroup [2014-10-29 21:56:54]", 
     "avgMultiplicity": 6.88, 
     "capacity": 15, 
     "category": "gauss", 
     "lowerBound": 3, 
     "pageCount": 8, 
     "pages": [
       [0,1,6,7,8,11,13,16,17,19,22,26,30,36,38], 
       [0,3,4,8,9,15,16,18,19,21,25,26,27,29,39], 
       [0,2,3,5,8,12,14,27,28,29,32,36,37,38,39], 
       [4,6,7,9,14,15,17,20,22,26,29,32,34,37,38], 
       [5,9,10,15,22,23,24,25,26,28,30,31,32,33,34], 
       [2,3,4,10,11,16,17,18,20,21,22,32,33,34,39], 
       [6,7,10,11,12,17,19,21,23,24,26,27,33,35,36], 
       [1,9,13,20,27,31,32,34]
     ], 
     "paginations": [
       [32,70,30,81,22,26,68,65,49,6,89,45,25,10,66,3,64,14,72,35], 
       [57,73,17,67,85,1,34,62,21,43,91,13,60,42,63,77,48], 
       [56,16,55,87,44,5,88,41,86,53,74,92], 
       [24,90,23,31,33,38,84,11,51,78,7,39,61], 
       [46,12,83,4,71,29,76,82,50,59,2,0], 
       [20,52,37,9,27,40,80,15,58,28], 
       [18,8,47,54,79,75,93,94], 
       [36,19,69]
     ], 
     "properSymbolCount": 0, 
     "solvers": {
       "BestFusion": 10, 
       "FirstFit": 12, 
       "GeneticGroup": 8, 
       "GeneticStandard": 10, 
       "OverloadAndRemove": 9, 
       "OverloadAndRemovePresort": 9
     }, 
     "symbolCount": 40, 
     "symbols": [0,1,2,3,4,5,6,7,8,9,10,11,12,13,14,15,16,17,18,19,20,21,22,23,24,25,26,27,28,29,30,31,32,33,34,35,36,37,38,39], 
     "tileCount": 95, 
     "tileMaxSize": 6, 
     "tileMinSize": 2, 
     "tiles": [
       [10,22,23,28], 
       [15,29,39], 
       [24,32], 
       [16,19,38], 
       [22,25,32], 
       [2,12], 
       [1,36], 
       [6,7,14,29,34], 
       [7,12,17,27], 
       [3,33,34], 
       [7,13,17], 
       [9,22,38], 
       [5,26,30], 
       [15,19,29], 
       [7,11], 
       [2,3,22], 
       [0,32], 
       [0,15,39], 
       [21,23,26,36], 
       [9,13,32], 
       [11,16,33], 
       [3,19], 
       [0,30,38], 
       [4,9,26,38], 
       [6,26,32,34,37], 
       [0,16], 
       [0,11,36], 
       [3,10,32], 
       [2,16,17,22,39], 
       [9,23,30], 
       [6,8], 
       [4,14,32,38], 
       [11,30,38], 
       [20,34], 
       [0,21,27], 
       [17,36], 
       [20,31], 
       [11,34], 
       [6,9,15], 
       [6,9,17,20,32], 
       [20,39], 
       [12,28], 
       [15,16,21], 
       [19,25,27], 
       [5,38,39], 
       [0,17], 
       [15,24,28,30], 
       [17,24,35], 
       [9,29], 
       [17,30], 
       [5,10,25,34], 
       [6,14,20], 
       [4,10,17,34], 
       [27,37,38], 
       [6,21,27], 
       [12,14], 
       [28,36,39], 
       [15,27], 
       [21,22,33], 
       [22,30,31], 
       [18,25,29], 
       [4,22], 
       [18,19], 
       [3,26,39], 
       [13,26,30], 
       [6,7,19], 
       [1,8,38], 
       [21,29], 
       [19,26], 
       [1,27,34], 
       [0,11,13,38], 
       [28,32,33], 
       [0,19], 
       [3,4,26], 
       [5,8], 
       [10,19,27], 
       [26,31], 
       [4,9,27], 
       [4,17,26], 
       [11,24], 
       [4,11,18], 
       [7,26], 
       [24,25,31,33], 
       [5,23], 
       [4,6,15,37], 
       [25,39], 
       [8,37], 
       [3,27,29,32], 
       [2,5], 
       [1,8,11,17,19,22], 
       [9,14,32], 
       [8,9,27], 
       [2,28], 
       [6,10,33,35], 
       [19,35]
     ], 
     "times": {
       "BestFusion": 0.11, 
       "FirstFit": 0.08, 
       "GeneticGroup": 73.62, 
       "GeneticStandard": 6.15, 
       "OverloadAndRemove": 0.45, 
       "OverloadAndRemovePresort": 0.51
     }
   }, 
   {
     "approximation": "OverloadAndRemove [2014-10-28 13:59:09]", 
     "avgMultiplicity": 15.53, 
     "capacity": 15, 
     "category": "gauss", 
     "lowerBound": 3, 
     "pageCount": 26, 
     "pages": [
       [6,9,12,16,18,24,25,26,27,28,29,31,32,35,38], 
       [6,11,12,14,15,18,19,20,23,25,26,29,31,34], 
       [0,1,3,5,10,11,12,13,16,18,21,30,33,39], 
       [1,2,4,5,8,11,18,21,22,24,26,28,36,37,39], 
       [3,8,9,10,12,13,14,20,23,25,29,32,33,35], 
       [1,2,5,7,9,11,16,17,20,32,34,36,37,39], 
       [2,3,4,7,11,13,20,22,23,25,28,30,35,36,38], 
       [0,1,3,5,6,10,17,19,20,24,27,28,35,37,38], 
       [8,9,11,13,16,18,20,23,25,28,30,31,33,34,39], 
       [6,8,9,12,17,18,21,23,27,30,31,33,36,37,38], 
       [3,5,7,8,10,18,21,24,25,26,35,37,38,39], 
       [2,7,9,11,12,13,14,17,23,28,31,33,35,36,39], 
       [3,4,7,14,15,16,17,19,22,25,26,29,31,34,39], 
       [0,1,2,4,6,7,12,14,16,25,27,30,31,38], 
       [2,3,8,11,12,13,15,17,18,19,21,23,26,34,35], 
       [1,3,6,11,18,20,22,25,27,29,30,31,37,38], 
       [0,7,10,13,14,18,22,27,30,32,33,34,35,37,38], 
       [1,5,6,9,10,13,14,17,25,26,27,29,33], 
       [3,4,9,12,13,16,19,23,24,26,29,30,31,37], 
       [0,2,6,8,9,13,15,17,18,24,27,28,34,37,38], 
       [0,4,6,8,11,14,15,17,18,23,24,26,36,37,38], 
       [4,6,8,13,16,20,21,22,23,24,27,28,33,35,37], 
       [6,8,9,11,14,16,19,21,24,28,32,34], 
       [4,8,10,14,15,16,20,21,23,25,29,30,34,35], 
       [7,10,12,16,17,18,20,21,27,36,37,38,39], 
       [4,5,6,7,15,19,26,29,34,35,36,37,38]
     ], 
     "paginations": [
       [25,34,38,50,62,82], 
       [55,60,29,39], 
       [89,93,5,10,18], 
       [19,23,24,26,65,13], 
       [22,31,44,40,75], 
       [79,87,9,41], 
       [63,68,30,84,92], 
       [27,69,73,52], 
       [8,11,53,76], 
       [72,78,48,66], 
       [28,67,90], 
       [37,32,64,81], 
       [7,56,74,15], 
       [1,61,83], 
       [4,6,45,77], 
       [21,51,3], 
       [12,43,86,59], 
       [49,16,14], 
       [47,70,35], 
       [58,91,36], 
       [17,85,46], 
       [20,42,80], 
       [71,54], 
       [94,57], 
       [88,0], 
       [33,2]
     ], 
     "properSymbolCount": 0, 
     "solvers": {
       "BestFusion": 32, 
       "FirstFit": 33, 
       "GeneticGroup": 26, 
       "GeneticStandard": 32, 
       "OverloadAndRemove": 26, 
       "OverloadAndRemovePresort": 27
     }, 
     "symbolCount": 40, 
     "symbols": [0,1,2,3,4,5,6,7,8,9,10,11,12,13,14,15,16,17,18,19,20,21,22,23,24,25,26,27,28,29,30,31,32,33,34,35,36,37,38,39], 
     "tileCount": 95, 
     "tileMaxSize": 9, 
     "tileMinSize": 5, 
     "tiles": [
       [7,12,17,20,27,36,39], 
       [1,6,7,16,27,38], 
       [4,6,7,26,34,35,38], 
       [3,6,18,29,30,31,37], 
       [3,15,19,23,34,35], 
       [0,3,16,18,30,33], 
       [2,3,11,15,18,21,35], 
       [4,14,17,22,29], 
       [8,11,25,34,39], 
       [2,16,17,20,32,39], 
       [0,3,5,12,13,21], 
       [9,11,16,20,25,30,31,34], 
       [0,10,14,22,27,32], 
       [2,5,8,21,24,26,28,39], 
       [1,5,10,13,26,27,33], 
       [15,16,19,22,39], 
       [1,13,17,25,29,33], 
       [4,11,15,17,18,23,36,37], 
       [5,10,11,12,16,21], 
       [2,8,22,26,28,36], 
       [8,20,21,22,23,24,28,33], 
       [1,6,11,18,20,22,29], 
       [10,13,23,32,35], 
       [4,18,22,24,28,36,37], 
       [4,8,24,36,39], 
       [9,24,26,27,29,35], 
       [1,2,4,21,28,37], 
       [0,5,10,24,28,35,37], 
       [3,8,18,21,24,25,35,38], 
       [11,14,19,20,23,25,34], 
       [2,13,23,25,35,38], 
       [3,25,29,33,35], 
       [2,11,12,14,23,31,39], 
       [5,15,19,29,36,37], 
       [6,12,18,26,35,38], 
       [3,9,12,13,16,24,37], 
       [0,2,15,17,27,28,37], 
       [2,12,23,28,31,33], 
       [6,9,24,25,28,35], 
       [6,11,14,18,20,34], 
       [8,12,14,23,25,35], 
       [1,9,11,17,32,36,37], 
       [4,6,20,22,23,27,28,37], 
       [7,10,14,27,34,37,38], 
       [8,10,20,29,32,33,35], 
       [3,8,12,17,18,34], 
       [0,6,8,14,15,24], 
       [12,13,19,26,30,31,37], 
       [8,21,27,30,31,33,37], 
       [1,6,9,10,14,33], 
       [6,16,18,27,29], 
       [1,11,20,25,27,31,38], 
       [0,6,10,17,35,38], 
       [11,18,23,25,30,33,34,39], 
       [6,8,11,14,16,19,24,28,34], 
       [11,12,14,15,20,23,26,31], 
       [3,4,17,19,22,26,31], 
       [8,15,20,21,25,30,35], 
       [2,6,8,13,34,38], 
       [13,14,18,27,33,37], 
       [11,14,23,26,29,34], 
       [1,4,12,14,16,25,30,38], 
       [6,25,26,28,29,31,32,35], 
       [11,13,22,25,30], 
       [9,17,28,31,35,36,39], 
       [1,8,11,22,36], 
       [6,8,23,31,37,38], 
       [3,5,7,21,24,38,39], 
       [2,13,22,35,36,38], 
       [5,19,20,24,28,35], 
       [4,9,12,13,23,26,29], 
       [9,11,14,21,32,34], 
       [6,9,12,18,21,37], 
       [1,3,5,17,24,27,35], 
       [4,7,14,15,17,25,31,34], 
       [8,9,12,25,33], 
       [8,13,20,28,31,33,34,39], 
       [8,13,19,21,23,26], 
       [6,9,12,17,27,33,36,37], 
       [2,5,7,17,34,37], 
       [4,6,13,16,24,35,37], 
       [7,13,14,31,36,39], 
       [6,18,25,28,38], 
       [0,2,4,16,30,31,38], 
       [2,3,4,20,22,23,25], 
       [11,17,26,36,38], 
       [0,10,18,22,27,30,35], 
       [2,5,7,16,17,32,37], 
       [10,16,18,20,21,37,38,39], 
       [1,3,5,10,21,30], 
       [3,10,21,26,37,38], 
       [2,9,13,17,18,24,34,38], 
       [2,4,7,28,38], 
       [0,3,11,21,30,39], 
       [4,8,10,14,16,23,29,34]
     ], 
     "times": {
       "BestFusion": 0.07, 
       "FirstFit": 0.05, 
       "GeneticGroup": 87.58, 
       "GeneticStandard": 6.51, 
       "OverloadAndRemove": 1.76, 
       "OverloadAndRemovePresort": 1.79
     }
   }, 
   {
     "approximation": "GeneticGroup [2014-10-29 21:56:54]", 
     "avgMultiplicity": 6.63, 
     "capacity": 15, 
     "category": "gauss", 
     "lowerBound": 3, 
     "pageCount": 8, 
     "pages": [
       [2,5,9,13,15,19,23,26,28,29,30,31,34,36,37], 
       [0,3,7,8,9,11,13,18,23,25,28,31,32,33,39], 
       [1,2,5,7,8,9,11,12,16,22,25,30,34,35,38], 
       [5,6,7,8,10,12,14,15,16,17,18,25,30,36,37], 
       [4,6,10,15,18,19,22,23,24,29,31,33,34,35,38], 
       [0,1,2,3,4,7,11,20,21,23,26,27,29,37,39], 
       [2,3,6,9,13,14,19,21,22,24,27,32,33,36,39], 
       [0,1,5,10,13,14,16,17,19,20,22,23,26,33,38]
     ], 
     "paginations": [
       [53,27,52,12,92,51,9,88,76,67,69,55,73,10,0,33,62,38], 
       [30,16,41,36,78,19,28,49,79,44], 
       [68,63,17,65,80,87,81,47,3,91,93,86], 
       [5,42,1,43,6,7,94,72,22,11,82,71], 
       [35,15,50,4,70,77,2,75,32,21,74,45,56,64], 
       [61,8,24,18,46,13,31,20,57,40], 
       [37,26,83,60,59,48,39,84,89,34,14,90], 
       [25,54,66,29,58,23,85]
     ], 
     "properSymbolCount": 0, 
     "solvers": {
       "BestFusion": 9, 
       "FirstFit": 12, 
       "GeneticGroup": 8, 
       "GeneticStandard": 10, 
       "OverloadAndRemove": 9, 
       "OverloadAndRemovePresort": 9
     }, 
     "symbolCount": 40, 
     "symbols": [0,1,2,3,4,5,6,7,8,9,10,11,12,13,14,15,16,17,18,19,20,21,22,23,24,25,26,27,28,29,30,31,32,33,34,35,36,37,38,39], 
     "tileCount": 95, 
     "tileMaxSize": 5, 
     "tileMinSize": 2, 
     "tiles": [
       [13,23,29], 
       [5,8,14,18,37], 
       [15,22,23,35], 
       [2,7], 
       [10,15,24,31], 
       [6,36], 
       [5,6], 
       [6,16,17], 
       [4,37], 
       [19,30,31], 
       [29,34], 
       [8,12,14], 
       [5,28,29], 
       [11,26], 
       [14,21], 
       [10,31,38], 
       [31,39], 
       [16,22,34], 
       [2,20], 
       [0,8,23,33], 
       [3,26], 
       [6,22], 
       [6,7,15,25], 
       [26,38], 
       [21,23], 
       [0,16,17,38], 
       [3,24], 
       [28,37], 
       [8,9,23,25,39], 
       [10,13,17,19,20], 
       [7,9,18,31], 
       [4,7,39], 
       [18,38], 
       [2,19], 
       [2,3,32], 
       [4,24], 
       [3,11,13], 
       [2,24,39], 
       [13,36,37], 
       [13,14,36], 
       [3,37], 
       [7,28,33], 
       [10,12,25], 
       [10,36], 
       [0,28], 
       [4,19,33,38], 
       [11,29], 
       [2,25,35], 
       [3,19,32], 
       [3,7,25], 
       [18,34], 
       [2,31], 
       [15,26,30], 
       [9,26], 
       [1,13,16,33], 
       [9,15,34], 
       [33,35], 
       [0,2], 
       [1,5,33], 
       [21,22], 
       [6,14,32], 
       [1,27], 
       [2,37], 
       [8,35], 
       [4,22], 
       [7,11,16,35], 
       [10,22,26], 
       [9,28], 
       [30,35], 
       [13,23,37], 
       [6,23,31,34], 
       [17,30], 
       [10,30,37], 
       [2,5,26], 
       [23,29,33], 
       [15,18,29], 
       [2,13,34], 
       [4,10,18], 
       [7,13,31,32], 
       [25,28,32,39], 
       [5,12,22,30], 
       [8,30,38], 
       [8,17,36], 
       [9,13,24], 
       [9,24,33], 
       [5,14,20,23], 
       [22,38], 
       [1,9,22,25], 
       [26,29], 
       [14,19], 
       [13,27,39], 
       [8,22], 
       [19,28], 
       [34,38], 
       [14,16,37]
     ], 
     "times": {
       "BestFusion": 0.08, 
       "FirstFit": 0.05, 
       "GeneticGroup": 65.82, 
       "GeneticStandard": 6.15, 
       "OverloadAndRemove": 0.49, 
       "OverloadAndRemovePresort": 0.44
     }
   }, 
   {
     "approximation": "GeneticGroup [2015-11-05 22:37:31]", 
     "avgMultiplicity": 15.47, 
     "capacity": 15, 
     "category": "gauss", 
     "lowerBound": 3, 
     "pageCount": 25, 
     "pages": [
       [1,4,5,7,9,11,12,20,21,22,23,26,27,29,39], 
       [0,1,6,7,8,12,13,16,17,24,25,26,29,37,39], 
       [2,12,17,18,21,22,23,24,26,27,29,30,31,34,39], 
       [2,3,5,6,9,10,13,15,18,22,25,29,33,38], 
       [0,3,12,16,19,20,21,27,29,31,32,33,35,36,38], 
       [1,2,5,10,12,13,15,17,20,27,29,30,31,33,38], 
       [1,6,7,9,11,14,20,22,23,25,28,30,31,32,34], 
       [5,6,9,10,11,15,20,23,24,28,29,32,34,37,39], 
       [8,11,12,13,19,20,21,23,25,27,28,30,32,33,36], 
       [0,1,4,7,9,12,13,15,23,24,26,28,30,32,36], 
       [2,8,10,14,17,18,20,22,27,33,34,35,36,37,39], 
       [0,6,7,10,11,14,15,19,21,23,25,27,36,38,39], 
       [0,4,5,17,18,19,20,23,26,27,28,30,32,37,38], 
       [0,2,3,4,5,12,13,14,15,18,19,20,22,24,37], 
       [2,9,11,13,14,15,16,18,21,23,24,25,30,32,34], 
       [4,5,7,8,9,10,19,20,21,23,25,28,31,36,38], 
       [2,3,11,15,19,20,22,26,27,28,29,31,36,37,39], 
       [0,3,4,8,9,11,12,14,23,27,32,33,35,36,38], 
       [9,10,14,22,23,26,28,29,30,31,32,33,37,38], 
       [0,13,19,24,25,26,28,29,32,33,34,35,38,39], 
       [5,7,15,16,22,24,26,28,29,32,33,35,38,39], 
       [1,8,9,14,16,23,24,25,29,30,32,34,35,36,39], 
       [6,7,9,13,17,18,20,23,24,27,30,33,34,35,36], 
       [0,13,16,17,18,19,23,27,28,34,35,36,39], 
       [4,7,9,12,13,16,17,22,24,25,26,30,31,33,35]
     ], 
     "paginations": [
       [86,6,13,48], 
       [8,47,21,89], 
       [49,65,57,71], 
       [72,51,34], 
       [77,7,2,55], 
       [54,83,25,80,33], 
       [16,14,35,31,30], 
       [85,15,5,37,28], 
       [27,68,76], 
       [56,87,92,73], 
       [26,10,41,29,0,63], 
       [44,67,23,75], 
       [61,4,19,78], 
       [64,94,32,9,79], 
       [1,39,11,50], 
       [84,53,90], 
       [62,22,59,38], 
       [88,74,60], 
       [46,82,43], 
       [12,70,93], 
       [91,69,36], 
       [81,18,58], 
       [45,20,52,3], 
       [17,66], 
       [40,24,42]
     ], 
     "properSymbolCount": 0, 
     "solvers": {
       "BestFusion": 32, 
       "FirstFit": 34, 
       "GeneticGroup": 25, 
       "GeneticStandard": 31, 
       "OverloadAndRemove": 27, 
       "OverloadAndRemovePresort": 26
     }, 
     "symbolCount": 40, 
     "symbols": [0,1,2,3,4,5,6,7,8,9,10,11,12,13,14,15,16,17,18,19,20,21,22,23,24,25,26,27,28,29,30,31,32,33,34,35,36,37,38,39], 
     "tileCount": 95, 
     "tileMaxSize": 9, 
     "tileMinSize": 4, 
     "tiles": [
       [2,18,33,34,35,37,39], 
       [2,9,14,16,21,23,24,30], 
       [0,3,21,35,36,38], 
       [7,13,20,34,36], 
       [0,4,18,20,27,28,38], 
       [5,9,20,24,37,39], 
       [5,7,12,20,21,22,23,29], 
       [0,16,19,20,27,31,32,35], 
       [0,1,6,7,13,37], 
       [0,3,4,15,18], 
       [2,10,14,17,22,27,35], 
       [11,13,21,30,34], 
       [0,19,24,29,33,35,38,39], 
       [1,5,9,11,23,27], 
       [1,7,14,25,28,31,34], 
       [6,10,15,24,29,32], 
       [6,9,14,22,25,30,32], 
       [0,16,18,19,23,28,34,35], 
       [16,23,29,30,32,35,36], 
       [0,4,5,19,26,30,37], 
       [6,18,24,27,30,35], 
       [1,6,8,16,26,39], 
       [2,11,19,20,27,29,31,36], 
       [14,21,23,39], 
       [4,7,12,16,22,24,25,31], 
       [1,10,12,15,30,33,38], 
       [14,17,20,22,33,35,37], 
       [11,12,19,20,21,23,27,28], 
       [10,15,23,29,34,37], 
       [2,8,14,20,35,36,39], 
       [7,11,20,22,25,34], 
       [9,20,22,25,28,30], 
       [2,4,14,18,20,37], 
       [1,5,12,15,17,29], 
       [2,3,6,10,13,15,29,38], 
       [6,22,23,25,31,34], 
       [5,16,22,24,29,32,38], 
       [11,20,23,32,37], 
       [2,3,15,26,27,37,39], 
       [2,13,14,15,21,32], 
       [4,7,9,13,17,24,30,31], 
       [2,18,22,35,37], 
       [7,12,25,26,33,35], 
       [28,31,32,33,37], 
       [6,7,10,11,15,27,38], 
       [6,17,23,24,30,34,35,36], 
       [9,10,14,26,28,29,32,37,38], 
       [12,16,17,25,29,37], 
       [4,5,7,11,39], 
       [2,12,17,18,26,29], 
       [2,13,16,18,25,30], 
       [3,5,9,25,38], 
       [6,9,20,33,34,35], 
       [4,7,19,28,36,38], 
       [5,13,17,20,29,33], 
       [0,3,12,19,21,29,33], 
       [1,4,13,15,24,26,28,36], 
       [17,21,22,24,27,31], 
       [8,9,24,25,30,32,39], 
       [2,20,22,27,28,29,36], 
       [0,3,12,23,33,35], 
       [5,17,19,20,23,26,37,38], 
       [11,26,29,36,37,39], 
       [2,10,18,27,35], 
       [4,5,13,18,19,22], 
       [18,24,29,30,34,39], 
       [13,17,23,27,28,35,36,39], 
       [6,14,15,19,21,25,27], 
       [8,11,13,25,27,32,33,36], 
       [7,15,16,26,28,35], 
       [0,24,25,28,33,34,39], 
       [2,17,21,23,26,29,31,39], 
       [3,13,15,18,22,25,33], 
       [9,12,13,23], 
       [9,11,14,27,32,35,36], 
       [0,11,15,19,23,36,38], 
       [8,21,27,30,36], 
       [16,19,20,33,35], 
       [20,26,27,30,32], 
       [12,14,20,22,24,37], 
       [5,12,13,20,27], 
       [1,9,14,16,32,34,35,39], 
       [9,14,22,23,28,30,33,38], 
       [1,2,17,30,31,33,38], 
       [4,8,10,19,23,25,38], 
       [6,10,24,28,34,37], 
       [4,11,20,22,26,39], 
       [0,4,7,13,15,23,30,32], 
       [4,8,11,33,35,38], 
       [1,16,17,24,29,37], 
       [5,9,10,20,21,31,36], 
       [5,7,15,33,38,39], 
       [0,1,9,15,24,36], 
       [0,13,19,24,26,32,38,39], 
       [0,2,12,19,22]
     ], 
     "times": {
       "BestFusion": 0.1, 
       "FirstFit": 0.05, 
       "GeneticGroup": 86.23, 
       "GeneticStandard": 6.49, 
       "OverloadAndRemove": 1.69, 
       "OverloadAndRemovePresort": 1.6
     }
   }, 
   {
     "approximation": "GeneticGroup [2014-10-29 21:56:54]", 
     "avgMultiplicity": 6.42, 
     "capacity": 15, 
     "category": "gauss", 
     "lowerBound": 3, 
     "pageCount": 7, 
     "pages": [
       [1,6,12,16,18,19,20,23,26,28,29,30,35,36,38], 
       [1,5,13,14,17,21,24,25,26,27,30,31,32,35,37], 
       [0,2,9,10,13,15,17,18,20,21,23,24,28,30,33], 
       [0,3,4,6,9,10,11,13,19,22,27,32,34,35,38], 
       [2,3,6,7,8,10,12,14,16,25,30,33,36,37,39], 
       [2,4,11,14,15,18,20,24,26,27,28,30,34,36,38], 
       [1,3,4,7,13,21,22,26,29,37]
     ], 
     "paginations": [
       [41,47,3,93,76,90,64,10,22,35,18,13,82,43,28], 
       [62,11,81,68,66,7,4,63,8,65,58,92,49,80,42], 
       [87,83,26,67,77,14,85,91,61,60,2,71,24,39,6,34,16,31,51,5,48,20], 
       [73,12,9,21,36,50,33,30,86,56,15,46,53], 
       [19,79,38,94,0,25,75,54,88,57,40,59,23,55,52,1,72], 
       [74,29,89,70,27,32,44,37,17], 
       [69,45,78,84]
     ], 
     "properSymbolCount": 0, 
     "solvers": {
       "BestFusion": 9, 
       "FirstFit": 11, 
       "GeneticGroup": 7, 
       "GeneticStandard": 9, 
       "OverloadAndRemove": 8, 
       "OverloadAndRemovePresort": 7
     }, 
     "symbolCount": 40, 
     "symbols": [0,1,2,3,4,5,6,7,8,9,10,11,12,13,14,15,16,17,18,19,20,21,22,23,24,25,26,27,28,29,30,31,32,33,34,35,36,37,38,39], 
     "tileCount": 95, 
     "tileMaxSize": 5, 
     "tileMinSize": 2, 
     "tiles": [
       [10,36], 
       [6,7], 
       [9,23,24], 
       [28,30], 
       [26,27,35], 
       [15,33], 
       [9,24,33], 
       [21,27,31], 
       [1,13,31], 
       [11,35], 
       [12,18], 
       [5,14,21,24,26], 
       [0,6,11], 
       [1,6,26,28], 
       [15,23], 
       [6,27], 
       [18,20,21], 
       [18,27], 
       [12,26,36,38], 
       [16,30,33], 
       [18,33], 
       [3,11,13], 
       [16,26], 
       [16,37], 
       [9,20], 
       [3,33], 
       [10,21], 
       [18,34,36], 
       [6,20,23,35], 
       [4,30], 
       [4,10,13], 
       [0,13], 
       [14,15,38], 
       [32,38], 
       [20,24,33], 
       [12,20,35], 
       [11,19,34], 
       [11,28], 
       [7,14,37], 
       [0,18], 
       [12,33], 
       [18,20,28,29], 
       [17,26], 
       [19,30], 
       [2,27,28], 
       [7,13,26], 
       [6,22,35], 
       [6,19,38], 
       [2,15], 
       [13,14], 
       [0,10,35], 
       [9,24,30], 
       [2,3,25], 
       [3,11,38], 
       [3,8], 
       [3,14], 
       [6,9,32,35], 
       [2,12], 
       [32,37], 
       [7,10,39], 
       [17,20,21,33], 
       [2,21,28], 
       [13,30,37], 
       [1,25,37], 
       [1,19,26], 
       [5,17,32], 
       [14,25,27], 
       [2,33], 
       [13,17,21,32], 
       [3,4,21], 
       [2,20,34], 
       [0,33], 
       [2,6,14], 
       [6,22,34], 
       [4,11,18,24], 
       [10,12], 
       [26,29], 
       [17,20,24], 
       [13,29,37], 
       [12,37], 
       [5,27], 
       [17,21,27,32], 
       [1,16], 
       [10,23], 
       [1,22], 
       [10,15,18], 
       [27,34,38], 
       [13,15,28], 
       [8,30], 
       [26,27,30,34], 
       [1,23,29], 
       [2,9,30], 
       [17,25], 
       [12,16,23], 
       [2,36,39]
     ], 
     "times": {
       "BestFusion": 0.09, 
       "FirstFit": 0.05, 
       "GeneticGroup": 71.78, 
       "GeneticStandard": 5.88, 
       "OverloadAndRemove": 0.5, 
       "OverloadAndRemovePresort": 0.42
     }
   }, 
   {
     "approximation": "OverloadAndRemovePresort [2014-10-29 21:56:54]", 
     "avgMultiplicity": 15.13, 
     "capacity": 15, 
     "category": "gauss", 
     "lowerBound": 3, 
     "pageCount": 24, 
     "pages": [
       [1,5,6,9,11,17,20,21,25,26,34,35,36,37], 
       [2,3,6,7,10,11,15,16,18,19,20,22,24,34], 
       [0,2,3,7,8,10,12,14,21,23,25,26,27,31,35], 
       [1,4,5,9,13,16,18,26,29,32,33,35,37,38,39], 
       [3,6,7,10,14,16,18,19,21,22,24,28,31,34,37], 
       [0,1,3,6,9,10,11,16,20,24,26,28,29,32,36], 
       [2,6,10,13,14,15,16,20,21,23,31,32,34,37], 
       [0,1,3,6,12,14,18,19,20,22,23,25,26,35], 
       [7,8,12,13,21,24,27,28,29,32,33,34,36,37], 
       [0,2,3,6,11,12,17,20,23,25,28,29,32,37], 
       [1,7,9,14,16,21,24,27,30,32,35,37,38,39], 
       [2,3,4,7,14,16,19,26,27,31,34,35,37,39], 
       [4,5,8,10,12,13,14,15,18,28,29,31,33,38,39], 
       [1,5,6,8,10,11,16,18,20,23,28,33,35,36,39], 
       [2,3,5,6,7,8,11,15,23,25,31,32,34,36,37], 
       [0,1,3,10,15,19,23,24,27,30,33,34,35,36,37], 
       [1,4,7,8,9,10,17,21,22,28,32,33,37,39], 
       [1,3,9,11,12,15,16,18,22,24,25,30,31,34,38], 
       [2,4,6,7,10,15,17,20,21,23,29,31,33,35,38], 
       [0,6,8,13,14,15,16,18,22,26,27,30,38], 
       [0,2,4,5,16,19,20,21,22,30,31,32,36,38,39], 
       [3,5,7,12,17,18,21,26,27,32,33,34,38], 
       [0,7,11,12,19,22,31,35,37,38], 
       [2,5,9,13,15,17,18,19,21,24,25,26,34,35,36]
     ], 
     "paginations": [
       [17,57,91,16], 
       [69,42,73,87,28], 
       [58,62,59,46], 
       [41,3,13,11,19,54], 
       [64,4,76,85], 
       [82,9,20,56,5], 
       [79,60,0,53,55], 
       [32,1,48,33,83], 
       [93,37,31,50], 
       [30,7,86], 
       [47,61,66,40], 
       [38,36,65,71], 
       [74,94,44,15], 
       [27,67,8,92,88], 
       [39,35,84,81], 
       [25,70,77,23], 
       [43,68,24,22], 
       [51,63,2,78], 
       [89,18,29,80], 
       [10,90,75], 
       [72,52,45], 
       [34,21], 
       [14,6], 
       [49,26,12]
     ], 
     "properSymbolCount": 0, 
     "solvers": {
       "BestFusion": 31, 
       "FirstFit": 32, 
       "GeneticGroup": 24, 
       "GeneticStandard": 30, 
       "OverloadAndRemove": 25, 
       "OverloadAndRemovePresort": 24
     }, 
     "symbolCount": 40, 
     "symbols": [0,1,2,3,4,5,6,7,8,9,10,11,12,13,14,15,16,17,18,19,20,21,22,23,24,25,26,27,28,29,30,31,32,33,34,35,36,37,38,39], 
     "tileCount": 95, 
     "tileMaxSize": 9, 
     "tileMinSize": 4, 
     "tiles": [
       [2,13,15,20,34,37], 
       [12,14,19,20,22], 
       [3,9,11,22,24,34,38], 
       [4,5,9,26,32,33,35], 
       [14,18,19,21,22,24,31], 
       [9,16,20,28,29,32], 
       [0,7,12,35,37,38], 
       [2,6,11,17,28,29], 
       [5,6,10,16,20,28,39], 
       [1,10,11,24,26,32], 
       [18,22,26,27,30,38], 
       [16,18,26,29,39], 
       [9,13,15,19,24,34,35,36], 
       [9,18,26,32,37,39], 
       [0,11,19,22,31,35], 
       [5,8,14,29,31,39], 
       [21,25,34,35], 
       [1,6,9,17,21,25,26,34], 
       [7,17,20,21,29,33], 
       [4,13,18,26,35], 
       [0,6,16,24,32,36], 
       [3,5,12,18,21,27,32,34,38], 
       [1,4,8,9,17,37,39], 
       [3,19,23,27,33], 
       [1,4,22,32,33], 
       [3,10,30,33,34,35,36,37], 
       [2,15,17,18,19,21,25,26,36], 
       [8,10,16,23,28,35,36,39], 
       [2,3,6,7,16,18,22], 
       [15,17,20,31,33,35], 
       [0,2,11,12,23,25,29], 
       [8,12,13,28,32,36,37], 
       [1,12,19,26,35], 
       [6,12,18,20,25,26], 
       [3,7,12,17,18,26,33], 
       [2,3,31,32,36,37], 
       [4,26,27,31,37], 
       [7,24,27,28,32,33,34], 
       [4,7,19,26,35,39], 
       [3,5,7,11,25,32,34,36], 
       [1,16,21,27,32,35,38], 
       [4,18,29,32,38], 
       [2,7,10,11,15,19], 
       [1,8,9,17,21,22,28], 
       [4,10,12,28,33,38], 
       [0,2,16,21,22,31,32,38], 
       [0,3,8,21,23,26,31], 
       [7,14,16,30,38,39], 
       [0,1,14,18,19,20,35], 
       [5,13,15,17,24,25], 
       [8,21,27,29,33,34,36], 
       [1,11,16,24,30,31,34], 
       [4,5,19,20,21,30,32,39], 
       [2,10,13,20,21,31], 
       [1,16,33,35,39], 
       [6,14,23,31,32,34], 
       [0,1,16,28,29,32], 
       [1,5,6,21,25,36,37], 
       [0,8,10,12,27,31,35], 
       [3,7,8,12,25,35], 
       [2,6,13,23], 
       [9,21,24,30,35,39], 
       [2,3,14,21,27,31,35], 
       [1,15,16,18,31,34], 
       [6,7,10,14,21,24,28,31], 
       [2,3,4,19,34,35], 
       [16,21,30,32,37,38], 
       [5,6,8,10,39], 
       [1,4,7,10,17,21,32,37], 
       [3,7,10,15,18,19,20], 
       [0,10,15,24,30], 
       [2,14,16,19,26,27], 
       [0,2,4,19,30,36], 
       [2,3,11,19,22,34], 
       [4,5,10,12,14,15], 
       [0,6,8,13,14,16,27], 
       [6,16,21,24,28,37], 
       [1,3,10,24,27,36,37], 
       [3,12,16,25,30,34], 
       [2,14,15,16,23], 
       [2,6,21,33,35,38], 
       [5,6,7,8,15,23,37], 
       [1,3,6,11,16,24,29], 
       [3,6,12,19,23,25], 
       [2,5,7,31,32,37], 
       [3,18,19,21,31,34], 
       [0,3,11,20,25,28,32,37], 
       [2,7,20,22,24,34], 
       [1,8,11,18,28,35,36], 
       [4,10,17,20,23,31,33], 
       [8,13,15,18,22,26], 
       [1,9,11,20,36,37], 
       [6,10,18,33,35], 
       [8,27,28,29,37], 
       [4,5,12,13,18,28,29]
     ], 
     "times": {
       "BestFusion": 0.07, 
       "FirstFit": 0.05, 
       "GeneticGroup": 82.89, 
       "GeneticStandard": 6.55, 
       "OverloadAndRemove": 1.52, 
       "OverloadAndRemovePresort": 1.67
     }
   }
 ]