[
   {
     "approximation": "GeneticGroup [2014-10-29 21:29:34]", 
     "avgMultiplicity": 5.72, 
     "capacity": 15, 
     "category": "gauss", 
     "lowerBound": 3, 
     "pageCount": 7, 
     "pages": [
       [2,4,6,9,10,13,18,19,20,28,30,32,33,35,38], 
       [2,3,6,7,10,11,13,14,21,22,25,26,33,34,36], 
       [1,2,3,4,8,9,11,12,21,24,25,27,29,38,39], 
       [0,2,7,8,9,16,17,18,21,28,34,36,37,38,39], 
       [2,3,5,9,11,14,15,17,19,20,22,23,30,37,39], 
       [0,5,8,14,16,17,19,22,23,24,26,27,29,31,35], 
       [1,5,7,8,12,13,16,18,19,20,25,27,32,37]
     ], 
     "paginations": [
       [65,40,47,52,17,60,4,34,25,7,10,42,31,51], 
       [69,64,21,29,39,37,48,43,0,3,73,28,61,53], 
       [14,50,16,79,8,36,58,18,66,63,68,13], 
       [57,41,77,24,62,12,9,70,44,78,59], 
       [6,35,15,5,23,32,46,67,2,19,27,45], 
       [71,56,33,1,75,55,30,11,76,26,72], 
       [20,54,38,22,74,49]
     ], 
     "properSymbolCount": 0, 
     "solvers": {
       "BestFusion": 9, 
       "FirstFit": 11, 
       "GeneticGroup": 7, 
       "GeneticStandard": 9, 
       "OverloadAndRemove": 8, 
       "OverloadAndRemovePresort": 8
     }, 
     "symbolCount": 40, 
     "symbols": [0,1,2,3,4,5,6,7,8,9,10,11,12,13,14,15,16,17,18,19,20,21,22,23,24,25,26,27,28,29,30,31,32,33,34,35,36,37,38,39], 
     "tileCount": 80, 
     "tileMaxSize": 5, 
     "tileMinSize": 2, 
     "tiles": [
       [6,34], 
       [0,5,22,24,27], 
       [3,17], 
       [25,33], 
       [6,35], 
       [5,11,20], 
       [20,22], 
       [35,38], 
       [11,12,21,38], 
       [17,34], 
       [4,10,19], 
       [24,29,31,35], 
       [17,21,38], 
       [8,9], 
       [4,9,11,24,39], 
       [3,14,30], 
       [9,27], 
       [13,20,32], 
       [1,3,12], 
       [23,30], 
       [7,27], 
       [2,33,36], 
       [12,37], 
       [2,17,30], 
       [9,28,36], 
       [9,18,30,33,35], 
       [14,24], 
       [9,15], 
       [2,11,26,33], 
       [13,25], 
       [16,19,24,26], 
       [2,13,20], 
       [11,15,30], 
       [17,22,31], 
       [13,28,30,33], 
       [9,19,37,39], 
       [1,8,25,27,29], 
       [10,22,25], 
       [5,18,25], 
       [3,33], 
       [6,9], 
       [8,34], 
       [13,18,19], 
       [13,14], 
       [16,17,18], 
       [9,23], 
       [15,19,30], 
       [2,19], 
       [7,22,33], 
       [1,16,32], 
       [4,9,21,25], 
       [10,19,32], 
       [4,13,38], 
       [13,21], 
       [18,27], 
       [19,22,24,29], 
       [19,26,27,31], 
       [2,8,17,18,21], 
       [12,25], 
       [0,7,37], 
       [10,13], 
       [3,26], 
       [0,39], 
       [2,4,25,38], 
       [14,36], 
       [32,33], 
       [3,11,27], 
       [11,37], 
       [3,21,29], 
       [10,11,21], 
       [7,16], 
       [14,16,17], 
       [5,23,26], 
       [3,6], 
       [8,13,19,20], 
       [8,22,24], 
       [5,29], 
       [7,8,28,36,38], 
       [0,28,34], 
       [38,39]
     ], 
     "times": {
       "BestFusion": 0.07, 
       "FirstFit": 0.07, 
       "GeneticGroup": 57.7, 
       "GeneticStandard": 6.44, 
       "OverloadAndRemove": 0.36, 
       "OverloadAndRemovePresort": 0.31
     }
   }, 
   {
     "approximation": "OverloadAndRemove [2014-10-28 13:21:07]", 
     "avgMultiplicity": 13.07, 
     "capacity": 15, 
     "category": "gauss", 
     "lowerBound": 3, 
     "pageCount": 21, 
     "pages": [
       [4,8,10,17,18,19,20,21,24,27,28,31,32,37], 
       [1,3,5,8,9,16,17,19,23,27,28,30,35,38,39], 
       [0,2,3,5,15,16,18,22,26,31,32,33,36,37,38], 
       [0,1,5,7,8,11,12,13,16,18,26,30,33,35,38], 
       [1,4,6,7,8,10,13,19,24,27,30,33,35,36,37], 
       [3,5,11,12,13,15,16,17,20,24,25,28,29,31,38], 
       [0,2,8,14,15,16,17,22,23,27,30,31,34,37,39], 
       [0,1,2,6,12,16,19,23,29,30,33,34,35,38,39], 
       [6,10,13,15,19,21,24,26,29,30,33,34,36,37,39], 
       [1,4,8,9,11,14,18,19,21,22,29,31,32,35,39], 
       [1,9,12,14,17,20,21,22,29,30,32,34,35,37,39], 
       [0,3,6,7,8,11,14,17,21,23,26,30,33,36,38], 
       [2,3,4,5,7,9,17,20,21,22,23,24,26,29,38], 
       [0,3,6,10,11,16,20,22,25,28,30,31,37,38], 
       [0,4,5,6,7,8,16,17,20,21,27,28,29,35], 
       [1,2,3,5,12,15,17,23,26,27,29,33,36,37,38], 
       [1,2,3,6,10,12,14,15,20,24,26,27,28,31,38], 
       [5,8,10,12,14,17,18,24,27,28,31,35,36,37,39], 
       [0,1,5,7,8,10,14,16,23,27,32,33,35,37], 
       [0,2,3,4,10,13,14,22,24,30,31,34,36,38,39], 
       [0,1,2,15,16,18,21,23,25,26,29,30,34,39]
     ], 
     "paginations": [
       [9,10,60,63], 
       [2,18,21,26], 
       [15,25,30,37,45,51], 
       [55,61,77,1,39,75], 
       [5,36,48,54], 
       [8,38,47,69], 
       [0,7,12,35,64], 
       [27,23,52,71], 
       [20,44,28,29], 
       [13,66,74,79], 
       [19,57,59,58], 
       [41,67,72,33,14], 
       [49,42,31], 
       [53,6,68], 
       [24,22,46], 
       [40,73,17,70], 
       [4,65,11], 
       [50,56,3], 
       [76,62], 
       [34,32,16], 
       [43,78]
     ], 
     "properSymbolCount": 0, 
     "solvers": {
       "BestFusion": 27, 
       "FirstFit": 27, 
       "GeneticGroup": 21, 
       "GeneticStandard": 26, 
       "OverloadAndRemove": 21, 
       "OverloadAndRemovePresort": 24
     }, 
     "symbolCount": 40, 
     "symbols": [0,1,2,3,4,5,6,7,8,9,10,11,12,13,14,15,16,17,18,19,20,21,22,23,24,25,26,27,28,29,30,31,32,33,34,35,36,37,38,39], 
     "tileCount": 80, 
     "tileMaxSize": 10, 
     "tileMinSize": 4, 
     "tiles": [
       [2,15,16,23,31,34,39], 
       [0,7,11,13,18,30,38], 
       [1,3,8,9,19,27,30,35], 
       [5,8,12,14,17,24,28,39], 
       [1,3,14,20,26,27,31,38], 
       [4,8,10,19,27,35,36], 
       [3,6,11,22,28,37,38], 
       [2,8,22,23,27,37], 
       [5,12,13,15,17,28,38], 
       [17,18,20,21,28,37], 
       [10,17,18,20,21,27,32], 
       [2,10,12,14,24,27,28], 
       [2,14,16,22,27,30,34], 
       [1,4,8,29,31,32], 
       [3,8,11,17,21,30,33,36], 
       [2,22,33,37], 
       [0,2,10,13,31,36,38], 
       [1,3,5,23,26,27,33], 
       [3,5,9,19,27,28,39], 
       [1,9,12,14,20,32], 
       [6,10,15,19,21,34,36], 
       [9,19,23,30,38], 
       [0,5,8,20,27,28], 
       [1,29,30,33,39], 
       [5,7,8,16,17,21,27,29], 
       [2,15,18,22,32,38], 
       [5,9,16,17,19,35], 
       [0,6,33,34,35,38,39], 
       [24,26,33,36,39], 
       [10,13,15,19,29,30,36,37], 
       [0,2,5,15,22,31,38], 
       [3,4,5,7,17,20,26,38], 
       [3,4,22,34,38,39], 
       [21,23,26,30,33,38], 
       [13,14,24,30,34,38], 
       [8,14,16,27,31,34], 
       [1,6,8,19,33], 
       [15,33,36,37,38], 
       [5,11,13,16,20,29,38], 
       [0,8,11,18,26,30], 
       [1,2,12,15,23,36], 
       [0,6,7,17,21], 
       [2,3,7,9,20,23,24,29], 
       [0,1,18,21,23,26,29,34], 
       [6,15,21,33,37,39], 
       [16,26,32,37,38], 
       [4,6,16,21,35], 
       [16,17,24,25,29], 
       [1,7,19,24,27,33,35], 
       [2,3,7,9,20,21,22], 
       [5,10,12,17,24,31,36,37], 
       [0,2,3,5,22,26,36], 
       [12,16,19,29,33,39], 
       [0,6,10,11,20,25], 
       [1,4,8,13,30,35,37], 
       [1,7,8,18,33,38], 
       [5,14,17,18,27,35,36,37], 
       [1,9,12,14,21,22,34,35,39], 
       [1,14,17,20,29,37], 
       [1,17,21,29,30,32,35], 
       [20,21,24,28,31,37], 
       [8,16,18,30,33], 
       [1,5,8,14,23,27,32,33,35,37], 
       [4,8,10,19,20,21,27], 
       [0,17,23,27,31], 
       [6,10,14,15,26,27,38], 
       [1,8,9,11,21,29,31], 
       [6,8,11,14,17,38], 
       [3,10,16,20,25,30,31], 
       [3,12,17,25,31,38], 
       [1,3,27,29,37,38], 
       [0,2,6,23,38], 
       [0,7,17,30], 
       [1,3,12,17,26,36,37], 
       [4,9,14,18,19,21,29], 
       [0,1,5,12,35,38], 
       [0,7,10,14,16,23,32,37], 
       [1,12,18,33,35], 
       [1,2,15,16,21,25,30,39], 
       [4,14,19,22,32,35,39]
     ], 
     "times": {
       "BestFusion": 0.05, 
       "FirstFit": 0.04, 
       "GeneticGroup": 70.25, 
       "GeneticStandard": 7.87, 
       "OverloadAndRemove": 1.13, 
       "OverloadAndRemovePresort": 1.17
     }
   }, 
   {
     "approximation": "OverloadAndRemovePresort [2015-11-05 22:13:16]", 
     "avgMultiplicity": 5.5, 
     "capacity": 15, 
     "category": "gauss", 
     "lowerBound": 3, 
     "pageCount": 6, 
     "pages": [
       [8,9,14,15,18,19,20,25,26,27,31,33,37,38,39], 
       [0,1,3,9,15,16,18,21,24,31,32,33,35,36,39], 
       [1,4,7,8,10,12,13,14,19,20,23,28,30,35,36], 
       [2,4,6,7,8,12,16,19,21,22,24,27,29,32,39], 
       [0,1,3,5,6,8,9,11,12,13,22,23,25,26,37], 
       [0,4,5,10,11,14,17,20,21,25,31,33,34,35,38]
     ], 
     "paginations": [
       [25,18,19,30,38,41,44,54,64,76,29,57,79], 
       [2,3,50,21,28,46,56,66,77,33,58,78,65,22], 
       [11,17,24,34,40,45,53,59,62,0,1,5,20,23,51,72,75,8,14], 
       [49,55,71,26,13,16,32,35,43,60,63,9,12,68,42,69,61], 
       [10,48,37,52,6,67,7,15,39,4], 
       [70,47,36,74,73,27,31]
     ], 
     "properSymbolCount": 1, 
     "solvers": {
       "BestFusion": 8, 
       "FirstFit": 10, 
       "GeneticGroup": 7, 
       "GeneticStandard": 8, 
       "OverloadAndRemove": 7, 
       "OverloadAndRemovePresort": 6
     }, 
     "symbolCount": 40, 
     "symbols": [0,1,2,3,4,5,6,7,8,9,10,11,12,13,14,15,16,17,18,19,20,21,22,23,24,25,26,27,28,29,30,31,32,33,34,35,36,37,38,39], 
     "tileCount": 80, 
     "tileMaxSize": 5, 
     "tileMinSize": 2, 
     "tiles": [
       [14,23], 
       [14,36], 
       [3,9,15,32], 
       [1,15,16,32], 
       [9,22], 
       [7,14], 
       [0,3,23], 
       [6,8,13,37], 
       [1,20,35,36], 
       [7,19,29], 
       [11,25,37], 
       [13,20,28], 
       [4,6], 
       [2,4], 
       [4,8,14], 
       [5,13,26], 
       [8,24], 
       [1,13,30], 
       [27,37,39], 
       [9,14,38], 
       [20,30], 
       [0,24,31], 
       [0,35], 
       [4,7], 
       [10,12,28], 
       [8,19,25,31,39], 
       [7,8,16], 
       [17,20], 
       [1,15,39], 
       [14,18,33,37], 
       [18,19,27], 
       [4,17,31,33], 
       [2,6], 
       [3,33], 
       [4,23,28], 
       [2,32], 
       [0,10,25,38], 
       [1,3,6,12], 
       [18,19,20], 
       [22,23], 
       [28,35,36], 
       [9,20,25], 
       [4,21], 
       [2,27], 
       [26,38,39], 
       [10,23,30], 
       [16,21,33], 
       [11,14,21,38], 
       [3,11,22,26,37], 
       [2,7,22], 
       [18,21,24,32], 
       [13,19], 
       [1,6,22], 
       [14,28,35], 
       [18,38,39], 
       [8,22], 
       [18,33,36], 
       [15,18], 
       [16,18], 
       [10,14,35], 
       [4,16], 
       [6,24,39], 
       [14,19,35], 
       [7,24], 
       [9,15,19], 
       [18,35], 
       [0,3,18], 
       [1,37], 
       [12,19,24], 
       [6,19], 
       [21,34,35], 
       [2,29], 
       [1,4], 
       [4,5], 
       [5,38], 
       [13,36], 
       [9,27], 
       [0,9,21], 
       [3,31], 
       [15,33]
     ], 
     "times": {
       "BestFusion": 0.07, 
       "FirstFit": 0.04, 
       "GeneticGroup": 63.47, 
       "GeneticStandard": 4.89, 
       "OverloadAndRemove": 0.29, 
       "OverloadAndRemovePresort": 0.25
     }
   }, 
   {
     "approximation": "GeneticGroup [2014-10-29 21:29:34]", 
     "avgMultiplicity": 12.85, 
     "capacity": 15, 
     "category": "gauss", 
     "lowerBound": 3, 
     "pageCount": 21, 
     "pages": [
       [0,3,4,7,10,12,15,16,18,20,24,26,32,35,36], 
       [1,3,9,15,17,18,21,23,26,29,31,32,36,37,38], 
       [4,6,7,10,14,15,17,18,21,25,27,33,34,35,39], 
       [1,4,5,9,11,13,14,15,16,17,18,23,30,32,35], 
       [2,7,8,9,11,16,19,20,22,23,27,28,32,38,39], 
       [1,5,6,7,8,10,11,15,16,19,20,22,31,32,36], 
       [0,4,8,11,13,16,18,24,25,28,31,34,35,36,38], 
       [0,6,9,10,12,13,14,17,23,25,27,31,33,35,36], 
       [2,4,8,9,11,12,13,17,18,21,28,34,35,38,39], 
       [4,5,6,7,15,17,18,19,20,24,26,28,32,37,39], 
       [1,9,10,13,18,19,20,21,22,24,29,31,36,37,39], 
       [0,4,7,13,16,17,19,27,28,29,31,32,34,36,39], 
       [1,4,5,6,9,19,22,23,25,26,30,34,36,37,38], 
       [1,2,6,7,11,12,14,15,16,17,20,25,29,37,38], 
       [1,3,8,12,13,15,18,22,23,26,27,32,33,34,38], 
       [0,2,9,10,16,17,20,22,27,29,30,31,35,37,38], 
       [0,1,3,4,6,7,8,13,19,21,27,28,30,33,34], 
       [0,3,5,12,13,16,18,19,21,30,31,33,37,38,39], 
       [0,2,5,7,13,14,16,22,24,26,27,29,31,32,34], 
       [0,3,9,10,12,13,14,15,26,29,31,32,33,36,39], 
       [5,12,22,24,29,35]
     ], 
     "paginations": [
       [55,48,63,76], 
       [65,42,54], 
       [59,46,0,53], 
       [37,18,45,29,32], 
       [14,52,78,17,57], 
       [64,25,70,67,79], 
       [1,72,8,74], 
       [39,21,56], 
       [69,71,28], 
       [13,33,47,36,3], 
       [38,73,31,43,26], 
       [7,34,49,41,20], 
       [11,27,12,5,62], 
       [60,19,40,2], 
       [75,30,44], 
       [77,23,16], 
       [22,68,10], 
       [66,6,58,35], 
       [51,24,4], 
       [61,9,50], 
       [15]
     ], 
     "properSymbolCount": 0, 
     "solvers": {
       "BestFusion": 26, 
       "FirstFit": 29, 
       "GeneticGroup": 21, 
       "GeneticStandard": 26, 
       "OverloadAndRemove": 22, 
       "OverloadAndRemovePresort": 23
     }, 
     "symbolCount": 40, 
     "symbols": [0,1,2,3,4,5,6,7,8,9,10,11,12,13,14,15,16,17,18,19,20,21,22,23,24,25,26,27,28,29,30,31,32,33,34,35,36,37,38,39], 
     "tileCount": 80, 
     "tileMaxSize": 8, 
     "tileMinSize": 4, 
     "tiles": [
       [6,10,18,21,25,33,34], 
       [4,11,13,18,25,36,38], 
       [7,11,16,20,25,37], 
       [6,7,18,19,32,39], 
       [5,14,24,26,29,31,34], 
       [1,19,25,26,34], 
       [3,5,13,16,37,38,39], 
       [0,13,19,28,36,39], 
       [4,11,13,16,31,35], 
       [0,12,13,15,26,33,39], 
       [0,1,8,13,21,27], 
       [1,4,6,30,37], 
       [1,6,22,23,30,36], 
       [5,7,15,20,24,26,28], 
       [7,9,16,28,38,39], 
       [5,12,22,24,29,35], 
       [0,2,10,27,29,31], 
       [9,11,16,19,23,32], 
       [5,9,14,15,18,23,35], 
       [1,2,6,11,12,17,37,38], 
       [4,7,19,28,31,32,34,39], 
       [9,12,14,23,25,35,36], 
       [0,4,7,8,33,34], 
       [9,10,17,22,30,35,38], 
       [0,5,14,16,22,24,27,32], 
       [5,6,11,19,36], 
       [1,18,24,31,36], 
       [1,4,5,36,37,38], 
       [8,11,12,17,34,35], 
       [1,4,5,14,15,32], 
       [3,12,13,15,22,23,34], 
       [10,13,21,24,31,39], 
       [5,11,13,15,16,30,32], 
       [15,17,19,24], 
       [4,16,19,27,28,36,39], 
       [0,5,19,21,33,39], 
       [6,24,32,37,39], 
       [1,9,13,15,30], 
       [13,19,20,22,37], 
       [6,10,13,14,25,27,33,36], 
       [1,2,7,11,12,15,16], 
       [0,7,13,17,28,29,31,36], 
       [1,3,15,18,21,29,32], 
       [1,13,18,20,22,24,36,39], 
       [12,18,22,27,32,34,38], 
       [4,13,15,17,32,35], 
       [4,6,14,15,21,33,35], 
       [4,15,18,20,28,37,39], 
       [0,4,7,10,16,35], 
       [4,13,17,19,29], 
       [13,14,26,32,33,36,39], 
       [0,2,7,13,14,26,27,34], 
       [2,9,11,27], 
       [6,7,15,25,27,34,39], 
       [23,26,31,32,36,37,38], 
       [3,4,10,12,24,32,35,36], 
       [0,14,17,23,25,31,36], 
       [7,11,23,27,28,32,38], 
       [5,18,30,39], 
       [17,25,33,35,39], 
       [1,12,14,29,37], 
       [3,9,10,15,29,31,33], 
       [5,9,19,22,25,26,36], 
       [4,7,15,16,18,20,35], 
       [6,7,11,15,20,22,32], 
       [3,9,17,21,26,32,36], 
       [12,13,21,30,31,38], 
       [1,11,22,31,32,36], 
       [1,3,6,19,28,30], 
       [2,4,13,17,21,28,38], 
       [5,6,7,10,31,36], 
       [9,12,17,18,28,39], 
       [0,4,11,28,36], 
       [9,10,21,22,29,37,39], 
       [8,18,24,28,31,34,35], 
       [1,8,12,22,26,27,33], 
       [0,3,7,10,15,20,24,26], 
       [16,17,20,27,31,35,37], 
       [7,8,20,22,23,39], 
       [1,8,10,16,31,32,36]
     ], 
     "times": {
       "BestFusion": 0.06, 
       "FirstFit": 0.04, 
       "GeneticGroup": 75.78, 
       "GeneticStandard": 5.46, 
       "OverloadAndRemove": 1.41, 
       "OverloadAndRemovePresort": 1.27
     }
   }, 
   {
     "approximation": "GeneticGroup [2014-10-29 21:29:34]", 
     "avgMultiplicity": 5.65, 
     "capacity": 15, 
     "category": "gauss", 
     "lowerBound": 3, 
     "pageCount": 7, 
     "pages": [
       [5,6,7,10,12,14,16,17,25,28,30,32,36,37,38], 
       [0,1,3,8,9,11,12,13,19,23,27,33,34,37,39], 
       [1,2,7,11,14,18,19,20,22,27,30,32,33,35,38], 
       [6,7,8,14,17,18,23,24,26,29,30,31,33,37,39], 
       [5,8,10,11,15,19,21,24,25,28,29,31,35,36,39], 
       [0,2,4,5,6,9,13,17,18,21,22,24,25,31,38], 
       [3,5,12,16,18,22,24,26,27,28,36]
     ], 
     "paginations": [
       [7,60,67,76,19,13,3,49,39,4,33,10,9,78,14,5,74], 
       [16,68,53,26,46,71,31,48,18,58,29,54,43,32,36,50], 
       [65,37,25,56,72,45,69,59,66,30], 
       [55,24,61,27,6,11,77,28,70,51,38], 
       [41,62,73,47,35,40,8,57,22,2,1,63,79], 
       [21,23,64,34,52,44,75,0,12], 
       [15,20,42,17]
     ], 
     "properSymbolCount": 0, 
     "solvers": {
       "BestFusion": 8, 
       "FirstFit": 10, 
       "GeneticGroup": 7, 
       "GeneticStandard": 9, 
       "OverloadAndRemove": 7, 
       "OverloadAndRemovePresort": 7
     }, 
     "symbolCount": 40, 
     "symbols": [0,1,2,3,4,5,6,7,8,9,10,11,12,13,14,15,16,17,18,19,20,21,22,23,24,25,26,27,28,29,30,31,32,33,34,35,36,37,38,39], 
     "tileCount": 80, 
     "tileMaxSize": 5, 
     "tileMinSize": 2, 
     "tiles": [
       [5,22,38], 
       [10,21,24], 
       [8,21,39], 
       [17,30], 
       [12,30], 
       [12,14], 
       [18,26,37], 
       [16,17], 
       [5,15,24], 
       [14,32], 
       [16,25], 
       [8,17,39], 
       [0,18,24], 
       [6,7,36], 
       [6,10,25], 
       [5,12,24], 
       [33,34], 
       [3,27,28], 
       [0,3,23], 
       [5,6,12,32,36], 
       [16,18,27,36], 
       [4,6,17], 
       [28,35], 
       [2,9,17], 
       [29,31,37], 
       [1,11,32], 
       [9,13,19], 
       [6,23,26,31], 
       [17,23,26,33,39], 
       [19,37], 
       [7,35,38], 
       [3,11,33], 
       [3,9,19,33], 
       [6,28,38], 
       [13,25], 
       [31,36], 
       [0,19,34], 
       [14,20,33,35], 
       [6,8], 
       [17,25,38], 
       [24,35,36], 
       [25,29], 
       [22,26], 
       [1,8,37], 
       [5,13], 
       [19,32,35], 
       [19,34,39], 
       [15,25], 
       [0,1,39], 
       [7,17,32], 
       [11,13], 
       [14,30,31], 
       [9,13,22,31], 
       [9,34,39], 
       [8,19,27], 
       [7,24,33], 
       [2,38], 
       [10,19], 
       [13,23,34,39], 
       [2,11,22,27], 
       [7,14,37], 
       [6,14,18], 
       [11,29,35], 
       [31,35], 
       [4,5,21,25], 
       [2,14,22], 
       [1,20], 
       [16,37], 
       [13,33], 
       [11,18,30,33,38], 
       [14,26,33], 
       [8,12], 
       [11,14], 
       [19,28], 
       [12,37], 
       [13,18,21], 
       [28,30], 
       [8,23,24], 
       [5,6,38], 
       [15,28,39]
     ], 
     "times": {
       "BestFusion": 0.08, 
       "FirstFit": 0.04, 
       "GeneticGroup": 60.36, 
       "GeneticStandard": 4.74, 
       "OverloadAndRemove": 0.27, 
       "OverloadAndRemovePresort": 0.35
     }
   }, 
   {
     "approximation": "GeneticGroup [2014-10-29 21:29:34]", 
     "avgMultiplicity": 13.05, 
     "capacity": 15, 
     "category": "gauss", 
     "lowerBound": 3, 
     "pageCount": 21, 
     "pages": [
       [6,10,11,13,15,17,21,26,27,28,29,31,36,37,38], 
       [1,4,5,9,12,16,18,20,26,27,29,30,32,33,39], 
       [2,6,7,8,14,15,18,19,21,24,26,29,32,33,38], 
       [2,3,4,8,10,12,14,22,23,25,26,27,28,30,37], 
       [3,4,8,14,15,17,19,20,23,28,35,36,37,38,39], 
       [5,6,8,12,13,15,17,19,22,29,30,33,34,36,37], 
       [0,2,4,5,7,12,16,19,22,25,29,33,35,36,39], 
       [0,2,7,9,10,12,13,15,17,18,20,28,30,32,33], 
       [1,2,4,5,10,11,12,19,24,25,30,31,36,37,39], 
       [1,2,5,11,12,14,15,16,17,18,19,23,24,31,35], 
       [0,1,3,4,9,10,19,24,27,28,30,31,32,37,39], 
       [0,8,13,16,17,18,20,21,26,28,29,33,35,38,39], 
       [2,3,4,7,9,10,13,15,23,26,27,33,34,36,39], 
       [1,4,5,6,8,12,13,16,20,25,27,28,30,34,39], 
       [2,4,5,6,7,9,11,14,17,18,21,27,30,31,38], 
       [0,1,3,4,5,6,10,13,16,17,18,19,20,21,38], 
       [2,3,5,7,9,10,15,16,18,20,21,23,25,29,31], 
       [4,8,11,13,15,23,24,26,28,29,30,34,37,38,39], 
       [1,2,3,12,13,18,20,24,25,26,27,29,30,34,38], 
       [1,6,7,8,10,16,18,20,21,22,25,31,32,34,35], 
       [1,3,7,9,11,12,16,18,21,24,28,29,35,37,39]
     ], 
     "paginations": [
       [34,47,78], 
       [42,58,4,79,74], 
       [32,66,67], 
       [18,41,77,0,50,12], 
       [20,65,71,63], 
       [75,23,1], 
       [68,46,53], 
       [59,35,39,33,37], 
       [55,44,10,15,27], 
       [11,54,9], 
       [56,25,62], 
       [14,40,73,5,30], 
       [70,2,19,61], 
       [52,60,8,3,28], 
       [69,6,43], 
       [64,48,17], 
       [26,21,45,72], 
       [24,57,29,31], 
       [22,16,49], 
       [36,38,76], 
       [7,51,13]
     ], 
     "properSymbolCount": 0, 
     "solvers": {
       "BestFusion": 26, 
       "FirstFit": 30, 
       "GeneticGroup": 21, 
       "GeneticStandard": 27, 
       "OverloadAndRemove": 22, 
       "OverloadAndRemovePresort": 22
     }, 
     "symbolCount": 40, 
     "symbols": [0,1,2,3,4,5,6,7,8,9,10,11,12,13,14,15,16,17,18,19,20,21,22,23,24,25,26,27,28,29,30,31,32,33,34,35,36,37,38,39], 
     "tileCount": 80, 
     "tileMaxSize": 9, 
     "tileMinSize": 4, 
     "tiles": [
       [3,4,8,12,26,30], 
       [5,6,13,17,34,36,37], 
       [3,4,15,34], 
       [13,20,27,28,34,39], 
       [12,16,18,26,29,32], 
       [8,17,20,29,35,38,39], 
       [4,7,11,14,27,30,38], 
       [3,7,12,21,28,29,39], 
       [1,4,6,8,27,28,30,34], 
       [11,14,15,16,19,23,24], 
       [1,5,12,19,24,36], 
       [1,2,12,18,19,23,31,35], 
       [4,8,10,14,22,26], 
       [9,11,18,29,37], 
       [0,13,16,21,28,33], 
       [1,5,19,25,31,39], 
       [2,3,12,18,24,30,34], 
       [1,3,4,5,10,21], 
       [2,4,10,22,25], 
       [9,23,26,27,33], 
       [3,4,8,14,28,35,37,38], 
       [9,10,16,18,20,31], 
       [3,20,25,26,27,29,30], 
       [5,8,15,30,33,34], 
       [11,13,15,23,24,29,30,39], 
       [0,1,4,9,27,31,37], 
       [5,10,15,16,23,25,29], 
       [4,5,10,19,24,30], 
       [8,12,13,25,27,34], 
       [11,26,28,34,37], 
       [0,13,21,26,29], 
       [23,28,30,38,39], 
       [7,8,14,18,19,24,26,29], 
       [0,10,15,18,20,32,33], 
       [11,15,21,27,37,38], 
       [0,2,9,17,28,30,33], 
       [8,10,16,18,22,31], 
       [9,15,18,28,33], 
       [6,7,10,21,22,25,34,35], 
       [0,2,7,10,20,28], 
       [0,13,16,17,20,26,38], 
       [8,12,14,22,23,25,28], 
       [1,4,18,26,29,30], 
       [2,6,7,17,27,31], 
       [1,4,5,12,24,31,37], 
       [2,3,7,15,20,25,31], 
       [5,12,19,22,33,35,36], 
       [6,10,17,27,29,36,37], 
       [0,3,6,13,18,19,21,38], 
       [1,2,12,13,20,25,29,38], 
       [4,10,12,14,23,25,30], 
       [1,7,9,11,16,24,35], 
       [5,13,16,20,25], 
       [0,5,7,12,25,29,36,39], 
       [5,11,15,16,17,18,35], 
       [2,4,5,10,11,37,39], 
       [3,10,19,24,28,31,37], 
       [4,8,11,15,23], 
       [12,18,27,29,30,33], 
       [0,7,9,12,13,28,32], 
       [5,13,28,39], 
       [3,9,10,26,34,36], 
       [0,3,10,19,28,30,32,39], 
       [14,15,17,20,28,37,38], 
       [1,6,16,17,19,20,21], 
       [4,20,23,28,35,37,39], 
       [2,21,24,29,32,38], 
       [2,6,15,19,26,32,33,38], 
       [2,4,16,22,25,36], 
       [5,7,9,14,17,18,21], 
       [2,3,7,10,13,23,26,34,39], 
       [3,8,19,28,36,37,38], 
       [2,10,16,20,21,23], 
       [13,17,18,26,35,39], 
       [5,16,26,30,39], 
       [5,8,12,19,22,29,34], 
       [1,8,20,32,34,35], 
       [4,10,22,25,26,27,37], 
       [13,15,21,26,27,28,31], 
       [1,5,9,18,20,26]
     ], 
     "times": {
       "BestFusion": 0.06, 
       "FirstFit": 0.04, 
       "GeneticGroup": 76.67, 
       "GeneticStandard": 5.48, 
       "OverloadAndRemove": 1.21, 
       "OverloadAndRemovePresort": 1.33
     }
   }
 ]