[
   {
     "approximation": "GeneticGroup [2014-10-29 16:38:57]", 
     "avgMultiplicity": 11.28, 
     "capacity": 15, 
     "category": "gauss", 
     "lowerBound": 2, 
     "pageCount": 5, 
     "pages": [
       [0,2,4,5,6,7,8,11,14,15,18,19,22,23,24], 
       [0,2,3,4,6,9,10,11,13,15,16,17,19,20,21], 
       [1,2,6,9,10,11,12,13,14,16,17,18,20,22,23], 
       [1,2,3,5,7,8,9,12,13,14,15,17,19,20,21], 
       [1,4,5,7,8,9,10,11,13,16,20,21,23,24]
     ], 
     "paginations": [
       [9,85,65,83,3,82,22,25,72,8,6,28,58,69,79,18,64,46,49,23,88,24,5,14,78,10,55,39], 
       [30,54,1,16,42,81,89,77,41,76,87,86,93,20,84,48,71], 
       [32,60,36,66,33,74,4,61,40,7,70,91,63,27,50,19,17,21,75,29,80,51,52], 
       [15,90,68,0,92,47,35,94,26,57,67,12,53,43,44], 
       [62,13,11,45,38,73,2,34,56,31,37,59]
     ], 
     "properSymbolCount": 0, 
     "solvers": {
       "BestFusion": 6, 
       "FirstFit": 7, 
       "GeneticGroup": 5, 
       "GeneticStandard": 6, 
       "OverloadAndRemove": 6, 
       "OverloadAndRemovePresort": 6
     }, 
     "symbolCount": 25, 
     "symbols": [0,1,2,3,4,5,6,7,8,9,10,11,12,13,14,15,16,17,18,19,20,21,22,23,24], 
     "tileCount": 95, 
     "tileMaxSize": 5, 
     "tileMinSize": 2, 
     "tiles": [
       [2,13,15,20], 
       [3,10], 
       [1,4,16], 
       [19,22], 
       [9,11,14], 
       [0,19,23,24], 
       [11,18,23], 
       [11,12,16], 
       [0,14,15], 
       [4,18], 
       [4,14,19], 
       [8,11,21], 
       [1,13,15], 
       [11,21,23], 
       [4,5,6,7], 
       [1,3], 
       [6,19,20], 
       [12,22], 
       [0,22], 
       [10,23], 
       [9,15], 
       [1,22], 
       [14,22], 
       [0,18], 
       [0,5], 
       [6,8,24], 
       [5,7,15,19,21], 
       [17,22], 
       [5,6,14,15], 
       [6,12,13,20], 
       [3,6,11,15], 
       [1,9,23,24], 
       [12,14,17], 
       [1,16,20], 
       [7,9,23], 
       [2,7,12], 
       [2,13,22], 
       [1,5,16,24], 
       [4,5,13], 
       [5,8,22], 
       [16,17,18], 
       [2,9,11,20], 
       [6,16,17,21], 
       [8,12], 
       [3,8], 
       [8,10], 
       [0,4,14], 
       [5,12,14,19], 
       [4,11,13], 
       [5,15,24], 
       [1,6,9,17], 
       [13,14], 
       [10,16,17], 
       [3,15,17], 
       [3,4,19,21], 
       [2,14,24], 
       [1,4,13], 
       [7,9,20], 
       [0,4,8], 
       [21,24], 
       [9,14,18], 
       [17,23], 
       [13,24], 
       [2,12,14], 
       [15,22], 
       [11,19,23], 
       [6,12,18], 
       [8,13,20], 
       [8,9,19], 
       [5,7,11,15], 
       [12,13,18,20], 
       [10,16,21], 
       [2,6,7], 
       [5,9,20,24], 
       [6,9,23], 
       [1,12], 
       [2,10], 
       [10,11], 
       [7,18,22], 
       [2,15,18], 
       [2,11,12,18], 
       [0,9,13,17], 
       [0,6,23], 
       [6,22], 
       [0,16,20], 
       [4,6,23], 
       [2,3,9,21], 
       [10,20], 
       [2,7,8,24], 
       [2,11,13], 
       [1,2,5,17], 
       [2,9,12], 
       [7,14,17,21], 
       [9,19,20], 
       [3,5]
     ], 
     "times": {
       "BestFusion": 0.11, 
       "FirstFit": 0.13, 
       "GeneticGroup": 87.48, 
       "GeneticStandard": 9.23, 
       "OverloadAndRemove": 0.47, 
       "OverloadAndRemovePresort": 0.53
     }
   }, 
   {
     "approximation": "GeneticGroup [2014-10-29 16:38:57]", 
     "avgMultiplicity": 24.8, 
     "capacity": 15, 
     "category": "gauss", 
     "lowerBound": 2, 
     "pageCount": 16, 
     "pages": [
       [0,4,6,10,11,12,13,14,17,18,19,20,21,23,24], 
       [1,2,3,6,7,9,10,11,12,16,18,19,20,21,24], 
       [0,2,3,5,6,7,9,14,15,16,17,18,19,20,21], 
       [3,4,5,8,9,10,11,12,14,15,16,20,22,23,24], 
       [2,3,6,8,9,11,12,13,15,17,19,20,21,23,24], 
       [1,2,4,5,6,7,9,11,12,13,14,17,21,22,23], 
       [0,1,4,7,9,10,12,14,15,17,19,20,21,22,23], 
       [0,3,4,5,6,7,8,12,14,15,16,18,20,21,22], 
       [0,1,3,4,5,6,9,12,16,17,19,20,22,23,24], 
       [0,1,2,3,4,5,10,13,14,15,18,19,20,23,24], 
       [1,2,3,4,6,11,13,15,16,17,18,19,20,21,22], 
       [0,1,5,6,12,13,14,15,18,19,20,21,22,23,24], 
       [0,2,4,6,9,10,11,14,16,17,18,19,22,23,24], 
       [1,2,4,5,7,8,10,11,13,16,18,20,21,22,23], 
       [0,1,3,5,7,8,9,10,11,13,14,17,20,21,23], 
       [0,3,5,8,9,11,13,14,16,17,18,20,22]
     ], 
     "paginations": [
       [8,51,30,60,35,65,43,84,52], 
       [31,79,54,73,91,42,2,34], 
       [75,70,68,25,17,26], 
       [18,59,93,45,86,36,82,33], 
       [39,94,48,78,9,20], 
       [55,57,88,37,7,58,85,72], 
       [1,87,4], 
       [83,53,28,76,13], 
       [32,19,47,62], 
       [5,74,3,63,66,61,14,40], 
       [80,10,67,69,90,46], 
       [21,27,44,15,6], 
       [29,64,89,71,23,50], 
       [56,12,81,16,24], 
       [92,49,41,0,11], 
       [77,22,38]
     ], 
     "properSymbolCount": 0, 
     "solvers": {
       "BestFusion": 22, 
       "FirstFit": 24, 
       "GeneticGroup": 16, 
       "GeneticStandard": 21, 
       "OverloadAndRemove": 18, 
       "OverloadAndRemovePresort": 18
     }, 
     "symbolCount": 25, 
     "symbols": [0,1,2,3,4,5,6,7,8,9,10,11,12,13,14,15,16,17,18,19,20,21,22,23,24], 
     "tileCount": 95, 
     "tileMaxSize": 9, 
     "tileMinSize": 4, 
     "tiles": [
       [3,7,8,9,17,20], 
       [0,4,9,10,12,17,22,23], 
       [1,6,7,16,18,20], 
       [1,4,10,15,18,23], 
       [0,4,14,15,19,21], 
       [2,3,4,5,10,15], 
       [1,5,6,15,20,21,24], 
       [1,4,6,9,12,13,21], 
       [4,6,10,12,14,23], 
       [2,3,8,11,21,24], 
       [3,4,11,13,18,19,22], 
       [0,1,5,8,14], 
       [2,5,7,8,10,18,20,23], 
       [0,4,5,6,16,18,21,22], 
       [0,2,3,5,10,20], 
       [0,5,12,13,18,23,24], 
       [4,7,11,20,21,22], 
       [3,7,15,16,17,18,19], 
       [3,4,8,11,12,14,15,24], 
       [3,4,5,6,9,16,17,20], 
       [6,11,15,19,23], 
       [1,5,6,14,15,19,20,22], 
       [0,5,8,16,17,18], 
       [6,9,10,14], 
       [2,7,8,16,22,23], 
       [2,5,9,15,16,18,20,21], 
       [0,2,17,21], 
       [12,15,19,22,23,24], 
       [3,4,6,7,21,22], 
       [2,4,6,9,11,16,17,18,22], 
       [11,12,13,19,20], 
       [1,7,10,11,12,16,18,24], 
       [1,4,9,22,23,24], 
       [4,5,8,15,16,20,23,24], 
       [2,3,10,11], 
       [4,11,12,17,18,24], 
       [4,8,10,12,15,16,20,23], 
       [1,2,9,13,14,17,22,23], 
       [8,11,17,18,22], 
       [6,9,11,12,15,17,20,23], 
       [1,2,4,10,20], 
       [0,3,7,10,11,21,23], 
       [2,3,7,10,16,19,20,21], 
       [4,11,17,19,20,21], 
       [12,13,15,18,19,21,22], 
       [3,5,10,24], 
       [1,3,15,17,19,20,22], 
       [0,3,6,12,16,20,24], 
       [3,6,9,11,13,19], 
       [1,3,5,7,10,13,21], 
       [0,2,18,22], 
       [0,14,17,20,23,24], 
       [12,14,19,20,24], 
       [4,5,7,8,12,15,16,20], 
       [6,7,12,18,19,24], 
       [1,4,13,14,21], 
       [1,2,5,13,16,18,21,22,23], 
       [11,12,13,22,23], 
       [1,5,6,11,12,21,22,23], 
       [3,9,10,14,16,23,24], 
       [0,4,11,12,20,21], 
       [1,3,5,10,15,18], 
       [5,9,12,16,19,23], 
       [2,4,14,15,19,24], 
       [0,9,11,16,17,19,22,23,24], 
       [0,10,11,13,17,18,23], 
       [0,3,13,15,19,20], 
       [1,2,16,17,18,22], 
       [0,2,3,6,7,14,17], 
       [4,6,11,13,15,19,21], 
       [3,6,9,14,16,19,21], 
       [2,9,11,14,17,18,22,24], 
       [7,9,13,17,21], 
       [3,6,9,10,20,21,24], 
       [0,2,4,13,14,15], 
       [0,2,3,6,7,15], 
       [4,5,7,8,12,14,15,22], 
       [3,9,13,14,18,20], 
       [8,15,17,21,23,24], 
       [1,2,3,12,16], 
       [2,3,6,13,15,16,17], 
       [1,4,7,8,11,13,16], 
       [3,4,11,14,22,23,24], 
       [4,6,7,8,18,20,22], 
       [0,6,10,14,17,23], 
       [1,2,4,5,11], 
       [8,9,12,22,23], 
       [0,1,4,7,12,14,19,20,23], 
       [4,5,6,7,17,21,23], 
       [2,6,10,14,16,17,23,24], 
       [2,4,6,13,15,20], 
       [2,3,11,12,16,20], 
       [0,1,3,7,8,9,23], 
       [3,8,11,16,20,22,24], 
       [8,9,12,13,15,21,24]
     ], 
     "times": {
       "BestFusion": 0.08, 
       "FirstFit": 0.06, 
       "GeneticGroup": 91.79, 
       "GeneticStandard": 8.11, 
       "OverloadAndRemove": 1.4, 
       "OverloadAndRemovePresort": 1.24
     }
   }, 
   {
     "approximation": "GeneticGroup [2015-11-05 18:00:03]", 
     "avgMultiplicity": 39.64, 
     "capacity": 15, 
     "category": "gauss", 
     "lowerBound": 2, 
     "pageCount": 40, 
     "pages": [
       [0,2,5,9,10,12,13,14,15,16,17,19,22,23,24], 
       [2,4,5,6,9,10,11,12,14,16,17,19,20,21,24], 
       [0,2,3,6,10,11,12,13,14,15,16,17,18,22,24], 
       [1,2,5,6,7,8,9,10,15,16,17,18,20,22,24], 
       [1,3,4,7,8,10,12,14,16,18,19,20,21,22,24], 
       [2,3,4,5,6,7,9,14,15,16,17,20,21,22,24], 
       [1,3,4,5,6,8,13,14,15,17,18,20,21,22,24], 
       [0,1,4,6,10,11,13,14,15,17,20,21,22,23,24], 
       [3,6,7,11,12,13,15,16,17,18,19,20,21,23,24], 
       [2,6,7,9,12,13,14,16,17,18,19,20,21,22,23], 
       [1,4,7,8,9,10,12,13,14,15,18,19,20,22,23], 
       [2,3,4,7,8,10,11,13,14,17,18,19,20,23,24], 
       [0,2,5,6,7,9,10,11,12,15,16,17,18,21,23], 
       [1,2,4,5,6,7,9,11,12,13,18,19,22,23,24], 
       [0,1,3,4,5,6,7,8,9,10,13,14,16,18,24], 
       [0,1,2,3,4,6,9,11,15,16,17,18,20,22,24], 
       [0,1,2,3,4,5,8,9,11,13,16,17,19,20,21], 
       [1,5,7,8,9,10,11,12,13,14,17,18,19,23,24], 
       [0,1,2,3,7,11,13,14,16,17,18,21,22,23,24], 
       [1,4,5,6,7,10,12,13,14,16,18,19,20,21,23], 
       [0,3,5,6,7,9,11,13,14,16,18,21,22,23,24], 
       [0,1,2,3,4,6,9,12,13,15,17,18,21,23,24], 
       [0,1,2,4,5,6,12,14,15,17,19,23], 
       [0,1,2,8,9,12,14,15,16,18,19,21,23,24], 
       [2,3,4,5,6,8,9,10,13,14,15,16,19,21,23], 
       [0,3,5,7,9,10,12,16,18,19,20,21,22,23,24], 
       [1,3,4,5,7,11,12,13,16,17,18,19,22,23,24], 
       [2,3,4,5,7,10,11,13,14,16,18,19,21,23,24], 
       [0,1,2,3,4,6,7,9,13,14,17,20,21,22,23], 
       [0,2,4,5,6,7,8,10,11,17,18,20,21,22,23], 
       [0,3,5,6,8,9,11,14,15,17,18,19,20,21,22], 
       [0,4,5,8,10,11,12,13,14,15,16,17,18,19,20], 
       [1,2,4,5,7,9,13,15,17,18,20,21,22,23,24], 
       [0,1,2,3,6,8,9,10,11,13,14,15,17,18,22], 
       [1,2,5,6,7,8,9,10,13,14,16,18,21,23,24], 
       [0,1,2,3,6,8,9,10,15,16,17,18,20,23,24], 
       [0,2,3,5,8,10,11,13,15,16,18,19,23,24], 
       [3,7,8,9,10,12,13,14,15,17,19,20,21,23,24], 
       [1,2,3,5,6,7,9,10,13,15,16,19,20,22,23], 
       [1,6,8,13,15,16,18,19,20,21,22,23,24]
     ], 
     "paginations": [
       [13,35,90], 
       [12,41,16], 
       [20,0,76], 
       [68,30,9], 
       [85,87], 
       [42,53], 
       [17,7,44], 
       [49,46], 
       [59,89,72], 
       [22,1], 
       [51,57], 
       [38,48], 
       [79,10], 
       [15,47], 
       [31,19,18], 
       [70,4,32], 
       [2,63], 
       [55,6,65], 
       [27,29], 
       [24,14], 
       [86,40,28], 
       [81,77,45], 
       [62], 
       [58,26], 
       [64,50,71], 
       [37,84,3], 
       [8,66], 
       [69,25], 
       [43,88,5], 
       [92,11], 
       [60,33], 
       [39,80], 
       [78,83,91], 
       [67,23,61], 
       [74,21], 
       [56,82], 
       [73,75], 
       [54,36], 
       [93,94], 
       [52,34]
     ], 
     "properSymbolCount": 0, 
     "solvers": {
       "BestFusion": 48, 
       "FirstFit": 49, 
       "GeneticGroup": 40, 
       "GeneticStandard": 44, 
       "OverloadAndRemove": 46, 
       "OverloadAndRemovePresort": 46
     }, 
     "symbolCount": 25, 
     "symbols": [0,1,2,3,4,5,6,7,8,9,10,11,12,13,14,15,16,17,18,19,20,21,22,23,24], 
     "tileCount": 95, 
     "tileMaxSize": 12, 
     "tileMinSize": 8, 
     "tiles": [
       [2,3,10,11,13,14,16,17,18,22], 
       [2,6,7,9,13,14,17,19,20,21,22], 
       [1,2,4,5,8,11,16,17,19,20], 
       [3,5,7,10,16,19,20,21,22,23], 
       [1,2,3,4,9,16,18,20,22,24], 
       [0,1,2,3,6,13,14,17,20,21,22,23], 
       [1,5,7,8,9,10,12,13,19,23], 
       [6,8,13,14,15,17,18,21,22], 
       [1,3,4,7,11,12,16,17,22,23], 
       [1,5,7,8,9,15,17,18,20,22,24], 
       [2,5,7,9,10,11,12,15,17,18], 
       [2,4,5,6,7,8,10,18,20,22,23], 
       [2,6,9,10,11,12,14,17,19,21,24], 
       [2,5,9,10,13,14,15,17,22,24], 
       [1,4,5,7,12,14,16,18,19,21], 
       [1,4,9,11,12,18,19,23,24], 
       [4,5,6,10,11,14,17,19,20,21,24], 
       [1,4,5,6,13,14,15,17,18,20,22,24], 
       [0,1,3,4,5,8,10,14,16,18], 
       [0,3,4,6,7,8,10,16,18,24], 
       [0,3,6,10,12,14,15,17,18,22,24], 
       [1,5,6,9,10,13,14,16,18,23,24], 
       [7,9,12,13,14,16,17,18,19,21,22,23], 
       [0,1,2,3,8,9,10,14,17], 
       [4,6,10,12,13,16,19,20,21,23], 
       [2,3,4,7,10,13,16,18,19,21,23], 
       [0,1,2,8,9,15,16,18,19,21,23], 
       [0,2,3,13,14,16,18,21,22,23,24], 
       [3,6,7,13,14,16,18,22,23,24], 
       [0,1,2,3,7,11,13,14,17,22,24], 
       [1,2,5,8,9,10,16,18,20,22,24], 
       [0,1,4,6,8,9,13,14,16,18], 
       [0,2,6,9,11,15,17,20,22,24], 
       [5,6,8,9,14,17,18,19,21,22], 
       [1,6,8,15,16,19,20,21,22,24], 
       [0,2,10,12,14,15,16,17,19,22], 
       [3,9,10,12,13,14,15,17,20,21,23], 
       [0,7,9,10,16,18,19,21,22,23,24], 
       [2,3,4,7,8,10,13,14,18,19,23], 
       [0,4,5,10,11,12,13,16,18,20], 
       [0,3,5,6,9,11,13,21,23,24], 
       [2,4,5,12,14,16,19,21,24], 
       [2,3,4,5,7,14,16,17,20,21,22,24], 
       [0,2,3,4,6,9,13,20,22], 
       [3,8,13,15,17,18,20,21,22,24], 
       [0,1,2,4,9,12,13,15,17,18,23], 
       [4,10,11,13,14,15,21,22,23,24], 
       [2,5,6,7,9,11,12,13,19,22], 
       [2,3,7,8,10,11,17,18,19,20,24], 
       [0,1,6,10,11,13,14,15,17,20,21,23], 
       [2,3,4,5,6,8,9,10,19,21,23], 
       [1,4,9,12,14,15,18,19,20,22,23], 
       [1,6,13,15,16,18,19,20,22,23], 
       [2,3,5,6,7,9,14,15,22,24], 
       [3,7,8,9,10,12,13,14,17,19,24], 
       [1,5,9,10,12,13,17,18,19,24], 
       [0,1,3,6,8,9,10,15,17,18,23,24], 
       [1,4,7,8,10,12,13,14,19,20,22,23], 
       [2,8,9,12,14,16,18,19,23,24], 
       [6,11,12,13,15,16,17,18,20,24], 
       [0,3,6,8,11,14,15,19,20,21,22], 
       [0,1,3,6,8,10,11,14,15,17,22], 
       [0,1,2,4,5,6,12,14,15,17,19,23], 
       [0,1,2,3,4,5,8,9,11,13,20,21], 
       [3,5,6,8,10,13,14,16,19,21], 
       [5,7,9,11,13,14,17,18,19,23], 
       [3,4,5,13,18,19,22,24], 
       [0,1,10,11,13,14,15,18,22], 
       [2,6,10,15,16,17,18,20,22,24], 
       [2,3,5,7,10,11,14,16,19,21,23,24], 
       [0,3,4,11,15,17,18,20,22], 
       [2,3,4,5,6,9,10,14,15,16,21], 
       [3,11,12,13,15,16,17,18,19,21,23], 
       [3,5,8,10,11,13,15,16,18,19,23,24], 
       [2,6,7,8,9,16,18,21,24], 
       [0,2,3,5,8,13,16,18,19,24], 
       [0,2,6,10,12,13,16,18,22,24], 
       [0,2,3,12,13,15,21,23], 
       [4,5,13,17,18,20,21,23,24], 
       [0,5,6,9,10,11,15,16,17,21,23], 
       [0,4,5,8,10,11,14,15,17,18,19], 
       [1,4,6,9,12,13,15,17,18,21,23,24], 
       [0,1,2,8,10,15,16,17,18,20,24], 
       [2,4,5,7,9,13,17,20,21,22,24], 
       [0,3,5,7,9,12,18,20,23], 
       [3,7,8,10,12,16,18,20,21,22,24], 
       [0,3,5,6,7,13,16,21,22,23], 
       [1,4,8,14,16,18,19,20,21,22], 
       [1,3,4,6,7,13,17,20,22,23], 
       [6,7,11,12,13,15,16,17,19,21,23], 
       [0,2,5,9,13,15,16,17,22,23,24], 
       [1,2,7,15,20,21,22,23,24], 
       [0,5,7,8,11,17,18,20,21,22,23], 
       [1,2,6,9,10,13,15,16,19,22], 
       [1,3,5,6,7,9,15,19,20,23]
     ], 
     "times": {
       "BestFusion": 0.08, 
       "FirstFit": 0.06, 
       "GeneticGroup": 113.51, 
       "GeneticStandard": 8.94, 
       "OverloadAndRemove": 2.72, 
       "OverloadAndRemovePresort": 2.62
     }
   }, 
   {
     "approximation": "OverloadAndRemovePresort [2014-10-28 13:13:13]", 
     "avgMultiplicity": 10.76, 
     "capacity": 15, 
     "category": "gauss", 
     "lowerBound": 2, 
     "pageCount": 5, 
     "pages": [
       [0,2,4,5,6,7,9,10,15,16,17,18,19,23,24], 
       [2,3,4,7,9,10,11,12,13,14,15,17,19,22,23], 
       [0,1,3,4,5,6,8,10,13,16,18,20,21,23,24], 
       [0,6,7,9,11,12,14,15,16,17,18,20,21,22,24], 
       [1,6,7,8,9,12,13,14,15,17,18,19,22,23,24]
     ], 
     "paginations": [
       [17,24,23,29,33,40,45,50,81,8,22,38,58,70,90,93,0,19,20,25,32,42,54,83,89], 
       [7,3,27,51,61,68,76,77,82,10,15,30,53,62,75,79,52,86,2,44,48,74,67], 
       [71,35,37,39,46,64,80,85,92,6,11,26,47,57,59,72,84,87,12,65,88,94,34,9,5], 
       [49,13,36,63,78,4,55,91,14,66,31], 
       [1,16,21,28,41,43,60,56,69,73,18]
     ], 
     "properSymbolCount": 0, 
     "solvers": {
       "BestFusion": 6, 
       "FirstFit": 6, 
       "GeneticGroup": 5, 
       "GeneticStandard": 6, 
       "OverloadAndRemove": 6, 
       "OverloadAndRemovePresort": 5
     }, 
     "symbolCount": 25, 
     "symbols": [0,1,2,3,4,5,6,7,8,9,10,11,12,13,14,15,16,17,18,19,20,21,22,23,24], 
     "tileCount": 95, 
     "tileMaxSize": 5, 
     "tileMinSize": 2, 
     "tiles": [
       [18,21], 
       [0,3], 
       [5,6,7,24], 
       [0,22], 
       [0,17], 
       [8,13,16], 
       [3,11], 
       [8,15], 
       [7,21], 
       [6,23], 
       [5,8,16], 
       [0,21], 
       [9,10,16,17,18], 
       [7,13,24], 
       [1,10], 
       [2,7,17], 
       [11,17,22], 
       [6,7,14], 
       [11,24], 
       [10,19,24], 
       [22,23], 
       [5,15,18,19,24], 
       [16,22], 
       [20,21,24], 
       [4,13,23,24], 
       [4,7,17,23], 
       [6,12,13], 
       [12,15], 
       [2,16], 
       [3,13,15], 
       [1,8,13], 
       [8,12,23], 
       [3,21], 
       [8,10], 
       [10,13,18], 
       [5,9,15], 
       [0,24], 
       [7,8,9], 
       [4,11,22], 
       [3,20], 
       [3,10], 
       [0,5,9], 
       [1,7,22], 
       [11,17,20], 
       [4,6,21], 
       [11,13,23], 
       [4,10,13,24], 
       [4,10,15,17], 
       [10,14,22], 
       [6,16,19], 
       [0,15], 
       [1,17], 
       [19,23,24], 
       [7,9,12,24], 
       [9,13,22], 
       [0,4,10,20], 
       [0,6,13,18], 
       [4,12,17], 
       [12,14], 
       [2,3,14,22], 
       [1,19], 
       [6,9,21], 
       [0,8], 
       [9,15,20], 
       [0,23], 
       [1,15], 
       [6,14,18,20], 
       [11,12,22], 
       [16,20], 
       [11,15], 
       [4,9,24], 
       [0,11,16], 
       [5,21,24], 
       [3,14,19], 
       [6,8,20], 
       [13,19], 
       [1,3], 
       [3,7,9,15], 
       [10,20,21], 
       [0,5,7,18], 
       [0,19], 
       [5,23], 
       [12,18,23], 
       [4,10,22], 
       [14,15,22], 
       [8,9,14], 
       [13,20], 
       [2,4], 
       [3,13,17,23], 
       [4,7,16,17], 
       [2,7,9,18], 
       [9,12,19], 
       [7,11], 
       [2,5,6,19], 
       [8,21,24]
     ], 
     "times": {
       "BestFusion": 0.12, 
       "FirstFit": 0.08, 
       "GeneticGroup": 81.13, 
       "GeneticStandard": 8.92, 
       "OverloadAndRemove": 0.42, 
       "OverloadAndRemovePresort": 0.49
     }
   }, 
   {
     "approximation": "GeneticGroup [2014-10-29 16:38:57]", 
     "avgMultiplicity": 24.96, 
     "capacity": 15, 
     "category": "gauss", 
     "lowerBound": 2, 
     "pageCount": 16, 
     "pages": [
       [0,2,4,5,6,10,12,13,16,18,19,21,22,23,24], 
       [2,4,5,6,8,9,10,13,14,15,16,18,21,23,24], 
       [0,2,3,5,6,9,10,11,12,14,15,16,18,19,21], 
       [1,2,4,5,7,8,9,11,12,13,14,15,17,21,24], 
       [0,1,3,4,7,8,10,11,12,14,17,18,21,22,24], 
       [0,1,4,5,6,7,8,9,10,11,13,14,16,19,21], 
       [3,4,6,8,9,10,11,12,13,14,16,17,18,20,22], 
       [1,2,5,7,8,10,11,15,16,18,19,20,21,23,24], 
       [0,2,3,5,7,8,10,11,14,15,16,17,19,23,24], 
       [2,3,4,5,6,7,8,9,13,14,18,20,21,22,23], 
       [0,1,2,3,4,5,6,15,17,18,19,20,21,22,23], 
       [1,3,6,7,9,10,13,14,16,17,18,19,20,21,24], 
       [0,1,2,3,4,5,8,10,11,12,14,15,18,21,23], 
       [0,2,3,5,7,9,11,12,13,15,17,19,20,22,23], 
       [0,2,4,5,6,8,11,12,13,15,16,17,18,19,21], 
       [3,5,6,8,9,11,12,14,17,19,20,21,22,23,24]
     ], 
     "paginations": [
       [66,9,71,88,67,62,75,25,40], 
       [69,20,51,23,44,56,29], 
       [52,92,8,57,32], 
       [41,3,26,28], 
       [13,86,76,31], 
       [79,49,58,59,55,7], 
       [73,72,48,77,6,19,93,45,70], 
       [38,27,30,10,35], 
       [90,53,24,22,85,87,2], 
       [11,83,60,50,61], 
       [91,17,0,21,16,33,36], 
       [78,94,65,81,5], 
       [64,37,54,47,34], 
       [46,15,63,4,43,42], 
       [1,14,82,18], 
       [89,39,74,68,84,12,80]
     ], 
     "properSymbolCount": 0, 
     "solvers": {
       "BestFusion": 22, 
       "FirstFit": 24, 
       "GeneticGroup": 16, 
       "GeneticStandard": 20, 
       "OverloadAndRemove": 18, 
       "OverloadAndRemovePresort": 18
     }, 
     "symbolCount": 25, 
     "symbols": [0,1,2,3,4,5,6,7,8,9,10,11,12,13,14,15,16,17,18,19,20,21,22,23,24], 
     "tileCount": 95, 
     "tileMaxSize": 8, 
     "tileMinSize": 4, 
     "tiles": [
       [3,4,6,15,17,18,20], 
       [0,2,11,12,16,17,19], 
       [3,5,8,11,14,17,23], 
       [2,4,9,13,14,17,21], 
       [0,7,11,12,15,20], 
       [6,7,10,13,17,18,20], 
       [3,11,12,13,22], 
       [1,6,8,10,11,21], 
       [2,6,10,15,18,19], 
       [16,18,19,22,23], 
       [1,5,15,20,24], 
       [5,7,9,18,21,22], 
       [8,9,12,14,19,22], 
       [4,7,8,22,24], 
       [4,5,6,12,15,17,19], 
       [0,3,13,19,22,23], 
       [1,2,4,15,19,20,21,22], 
       [2,6,15,20,22,23], 
       [0,4,8,13,15,18], 
       [6,8,9,12,16,17,20,22], 
       [6,9,10,13,14,16,23], 
       [1,4,19,20,22,23], 
       [2,7,8,10,14,17,23], 
       [2,4,10,14,16,18,23], 
       [0,2,3,5,7,16,17,23], 
       [0,10,12,18,22,23,24], 
       [1,2,8,9,11,14,15], 
       [1,8,10,16,18,19,23,24], 
       [4,5,7,11,13,14,24], 
       [6,10,13,14,15,21], 
       [2,5,15,16,20,21,23,24], 
       [3,8,11,17,18], 
       [0,11,14,16,19,21], 
       [0,4,6,15,22], 
       [5,8,11,12,18,21,23], 
       [5,7,8,10,15,16,24], 
       [2,3,5,17,18,20], 
       [0,8,11,14,18,23], 
       [2,7,8,11,16,21], 
       [3,5,9,11,14,23,24], 
       [0,5,12,16,23,24], 
       [2,4,5,12,13,14,24], 
       [2,11,12,15,19,22], 
       [5,9,13,15,17,22,23], 
       [2,9,13,15,21,23], 
       [4,6,11,12,16,18], 
       [2,7,9,11,13,17,22], 
       [1,3,5,10,11,18,21], 
       [3,6,8,9,12,16,17], 
       [1,4,5,6,10,11,13], 
       [2,8,9,13,20,22], 
       [4,5,8,10,15,21,24], 
       [2,3,5,10,12,14,15,16], 
       [0,5,7,11,15,19,23,24], 
       [2,8,10,11,12,15,18], 
       [1,5,6,7,13,14,19], 
       [13,15,16,18,24], 
       [2,6,9,10,11,12,16], 
       [0,1,9,11,19,21], 
       [0,4,6,7,8,11,14,16], 
       [3,6,7,13,18,23], 
       [2,4,5,13,18,20], 
       [4,6,12,19,21,23], 
       [2,3,9,12,13,22,23], 
       [0,1,2,3,4,12,14], 
       [7,9,10,16,19,20,24], 
       [0,2,5,13,18,21,24], 
       [4,5,10,13,16,23], 
       [8,9,12,19,20,21,24], 
       [5,6,8,9,14,15,16], 
       [3,9,20,22], 
       [12,13,16,18,21,23,24], 
       [9,13,14,17,18,20], 
       [4,8,10,13,14,20,22], 
       [3,5,8,9,17,20,23], 
       [0,2,4,5,10,16,19], 
       [0,3,7,10,11,12,17,22], 
       [3,8,9,11,13,14,17], 
       [3,7,10,14,17,20], 
       [0,1,4,10,11,19], 
       [3,5,6,9,19,23], 
       [1,6,9,17,19,21,24], 
       [8,11,12,13,17,19,21], 
       [3,4,5,6,13,14,23], 
       [3,6,8,9,19,24], 
       [2,8,17,19], 
       [1,11,14,18,21,22,24], 
       [2,7,10,11,14,16,24], 
       [0,4,6,10,12,13,16,21], 
       [3,8,14,17,19,20,21], 
       [0,2,7,8,10,14,15], 
       [1,2,4,5,6,19], 
       [0,5,9,10,16,18,21], 
       [3,4,6,8,9,14], 
       [1,3,7,16,17,18,24]
     ], 
     "times": {
       "BestFusion": 0.08, 
       "FirstFit": 0.06, 
       "GeneticGroup": 90.53, 
       "GeneticStandard": 7.75, 
       "OverloadAndRemove": 1.35, 
       "OverloadAndRemovePresort": 1.36
     }
   }, 
   {
     "approximation": "GeneticGroup [2014-10-29 16:38:57]", 
     "avgMultiplicity": 39.84, 
     "capacity": 15, 
     "category": "gauss", 
     "lowerBound": 2, 
     "pageCount": 40, 
     "pages": [
       [2,3,5,6,7,8,10,11,12,13,15,16,21,23,24], 
       [0,1,2,4,6,8,10,12,13,14,15,17,19,20,23], 
       [0,2,5,6,8,9,11,12,13,16,18,19,21,24], 
       [0,1,2,3,8,9,11,13,16,18,20,21,22,24], 
       [0,1,2,4,5,7,8,10,11,12,13,17,19,23,24], 
       [1,2,3,4,5,7,8,9,13,16,17,19,21,22,23], 
       [1,3,6,7,8,10,14,16,17,18,19,20,21,22,24], 
       [2,4,7,9,10,11,12,13,15,16,17,19,20,22,23], 
       [0,1,2,3,4,5,6,7,9,10,14,17,21,22,23], 
       [1,2,3,4,6,8,10,11,13,16,18,19,22,23,24], 
       [0,2,4,5,10,11,12,13,14,15,17,18,20,21,24], 
       [0,2,4,8,9,10,13,14,16,17,19,21,22,23,24], 
       [2,5,6,9,11,13,14,15,16,17,19,21,22,23], 
       [0,2,3,4,5,6,8,9,10,12,14,16,20,21], 
       [1,4,6,7,8,9,10,11,12,16,18,19,20,22,24], 
       [1,3,5,6,8,11,12,13,14,17,18,20,21,23,24], 
       [0,1,2,3,4,5,6,7,8,9,11,12,17,18,22], 
       [0,1,2,4,5,6,7,8,10,13,15,18,19,20,22], 
       [0,3,4,5,10,11,12,13,14,15,16,17,18,22,23], 
       [1,2,4,5,6,7,8,9,10,11,13,17,18,19,21], 
       [0,1,2,3,4,12,14,15,16,17,19,20,22,23,24], 
       [4,6,9,10,12,13,14,17,18,19,20,21,22,23,24], 
       [0,1,2,3,6,8,9,11,12,14,18,19,21,23,24], 
       [0,2,3,4,5,6,9,12,13,14,15,16,19,22,23], 
       [0,2,4,5,8,9,11,12,14,15,18,21,23,24], 
       [0,1,4,5,7,9,10,12,13,14,15,17,21,23,24], 
       [2,3,4,7,8,10,11,12,13,15,16,17,22,23,24], 
       [0,2,5,6,8,9,10,13,14,18,19,20,21,23,24], 
       [3,5,8,9,11,13,15,16,18,19,20,21,22,23,24], 
       [0,1,6,7,9,13,14,15,17,18,20,21,22,23,24], 
       [1,4,5,7,9,10,11,12,14,15,16,17,18,19,23], 
       [1,2,3,4,5,6,7,8,9,12,15,16,20,21,22], 
       [0,1,2,3,6,9,10,11,12,14,15,17,18,20,21], 
       [0,1,3,4,5,8,10,13,14,15,16,17,18,19,20], 
       [3,4,5,6,7,9,10,12,13,15,18,21,22,23,24], 
       [0,1,2,3,5,7,8,9,10,11,13,17,20,21,23], 
       [0,2,3,4,6,7,8,10,11,12,14,15,17,18,23], 
       [0,1,3,7,9,10,11,13,14,16,18,19,20,21], 
       [0,3,4,5,6,7,9,11,12,13,16,17,19,20,24], 
       [0,1,2,5,9,11,12,13,15,17,18,21,22,23,24]
     ], 
     "paginations": [
       [39,88,1], 
       [24,78], 
       [31,82], 
       [92,33], 
       [37,85], 
       [52,73], 
       [84,25], 
       [29,46], 
       [11,40], 
       [48,91,28], 
       [0,4,7,67], 
       [30,15], 
       [22,14], 
       [62,49], 
       [83,68], 
       [19,17], 
       [26,72], 
       [58,42], 
       [80,61], 
       [56,43,47], 
       [64,77,2], 
       [76,60,32,71], 
       [70,90,50], 
       [63,36], 
       [54,20], 
       [18,57,79], 
       [41,86], 
       [12,3], 
       [10,55,8], 
       [87,27], 
       [59,13], 
       [44,69,66], 
       [89,93,34], 
       [51,65], 
       [35,38,74], 
       [23,21], 
       [81,5], 
       [45,9], 
       [16,6], 
       [53,94,75]
     ], 
     "properSymbolCount": 0, 
     "solvers": {
       "BestFusion": 46, 
       "FirstFit": 46, 
       "GeneticGroup": 40, 
       "GeneticStandard": 45, 
       "OverloadAndRemove": 49, 
       "OverloadAndRemovePresort": 50
     }, 
     "symbolCount": 25, 
     "symbols": [0,1,2,3,4,5,6,7,8,9,10,11,12,13,14,15,16,17,18,19,20,21,22,23,24], 
     "tileCount": 95, 
     "tileMaxSize": 13, 
     "tileMinSize": 7, 
     "tiles": [
       [0,5,10,11,14,15,17,18,20,24], 
       [2,3,6,11,13,15,21,23,24], 
       [0,1,2,3,4,14,15,19,24], 
       [2,5,6,8,9,10,18,20,23,24], 
       [0,2,4,5,12,15,21], 
       [2,3,4,6,7,8,12,14,15,17,18], 
       [0,3,4,5,6,11,17,19,20], 
       [0,2,4,10,11,12,13,14,18,24], 
       [5,8,9,11,13,16,18,20,22,23,24], 
       [1,3,7,9,10,16,18,19,20,21], 
       [3,5,8,13,15,16,19,21,23,24], 
       [0,1,2,3,5,6,9,14,17,21,23], 
       [0,5,6,8,10,13,14,19,20,21,23,24], 
       [1,4,7,9,11,12,15,17,18,19,23], 
       [2,5,6,9,13,14,15,17,19,21,22], 
       [0,2,4,8,9,10,14,16,17,19,22,23,24], 
       [0,5,6,7,9,11,12,13,16,20,24], 
       [1,3,6,8,11,12,13,14,18,21,23], 
       [0,1,5,7,9,10,14,17,21,24], 
       [1,5,6,8,11,14,17,18,20,21,24], 
       [0,2,4,5,8,9,12,14,18,21,24], 
       [0,1,5,7,8,9,17,20,21,23], 
       [2,5,6,11,13,15,16,21,22,23], 
       [0,1,2,3,7,8,9,10,11,13,17,20], 
       [0,8,10,12,13,14,15,19,23], 
       [3,7,8,10,14,18,19,20,21,22,24], 
       [0,1,2,3,4,6,7,8,9,11,12,17,22], 
       [0,1,6,9,13,14,15,18,20,22,23], 
       [1,2,6,8,10,13,16,19,22,23,24], 
       [2,4,7,9,10,11,12,13,15,16,19,20,23], 
       [0,2,4,8,9,13,17,21,22,23], 
       [2,5,6,8,9,11,12,13,21], 
       [6,9,10,12,13,19,21,22,24], 
       [0,2,3,8,13,16,18,20,21,22,24], 
       [0,1,9,10,11,14,15,17,18,20], 
       [3,4,6,9,10,12,13,15,18,21], 
       [0,2,3,4,9,12,13,14,15,22,23], 
       [0,2,4,5,7,10,12,17,19,23,24], 
       [5,6,7,9,10,13,15,18,21,22,24], 
       [2,3,6,7,10,11,12,16,21,23,24], 
       [0,1,3,4,6,7,10,14,17,22,23], 
       [2,3,4,7,8,11,15,16,23,24], 
       [0,4,5,6,7,8,10,13,15,18,19,20], 
       [1,2,5,7,9,11,13,18,21], 
       [2,5,6,8,12,15,16,20,21,22], 
       [0,1,7,11,13,14,16,20,21], 
       [9,11,13,16,17,19,20,22,23], 
       [1,2,4,6,8,10,13,17,18,19], 
       [1,2,6,11,13,18,19,22,23,24], 
       [0,2,4,6,8,10,12,16,20,21], 
       [1,2,3,8,12,14,18,19,21,24], 
       [0,1,3,8,10,14,15,16,17,19,20], 
       [1,2,3,4,5,8,13,16,17,22,23], 
       [0,5,9,11,12,13,15,17,18,22,24], 
       [0,4,8,9,11,14,15,18,21,23,24], 
       [3,5,13,15,18,20,21,22,23], 
       [4,5,6,7,8,11,13,17,18,19,21], 
       [1,4,5,9,12,13,14,17,21,23], 
       [0,1,2,4,6,8,13,15,18,19,20,22], 
       [1,4,5,10,11,14,15,16,17,18], 
       [4,6,9,12,14,19,20,21,22,23], 
       [0,5,10,11,12,13,15,16,17,22], 
       [0,2,3,5,6,8,9,10,12,14,16,20,21], 
       [2,3,4,5,6,9,12,13,14,16,19,23], 
       [0,3,4,12,14,16,20,22,23], 
       [1,3,4,5,8,10,13,14,16,17,18,19], 
       [1,3,4,6,7,8,9,15,20,21], 
       [2,5,10,12,13,14,17,18], 
       [1,7,10,11,12,16,19,20,22,24], 
       [1,2,3,4,7,8,9,15,16,20,21,22], 
       [0,1,2,6,8,9,12,14,18,19,23,24], 
       [4,9,12,13,17,18,19,21,23], 
       [0,3,4,5,6,7,8,9,12,18,22], 
       [1,2,3,7,9,13,16,17,19,21,22,23], 
       [3,4,5,6,7,10,12,13,15,21,23], 
       [0,1,2,5,9,13,15,21], 
       [4,6,12,13,17,18,20,21,22,24], 
       [0,2,3,12,16,17,19,20,22], 
       [0,1,2,4,6,12,13,14,15,17,19,20], 
       [0,4,5,7,9,10,13,15,17,21], 
       [0,3,4,10,11,12,14,15,18,22,23], 
       [0,2,6,7,8,10,11,12,14,17,23], 
       [0,2,9,11,13,16,18,19,21,24], 
       [1,4,6,8,9,11,18,19,20,22,24], 
       [1,3,6,8,16,17,18,19,21,22], 
       [0,1,2,4,5,8,11,12,13,17,19,23], 
       [4,8,10,12,13,15,16,17,22,23,24], 
       [0,1,6,7,9,13,17,18,21,22,24], 
       [2,5,7,8,10,12,13,15,23,24], 
       [0,1,2,3,6,11,12,14,18,20], 
       [1,3,6,8,9,11,14,18,19,21,23], 
       [1,2,3,4,6,10,13,18,22,24], 
       [1,2,3,9,11,13,16,18,20,24], 
       [2,3,6,9,10,11,17,18,20,21], 
       [0,1,2,9,11,12,13,15,17,22,23]
     ], 
     "times": {
       "BestFusion": 0.08, 
       "FirstFit": 0.06, 
       "GeneticGroup": 114.87, 
       "GeneticStandard": 9.26, 
       "OverloadAndRemove": 2.78, 
       "OverloadAndRemovePresort": 2.74
     }
   }
 ]