[
   {
     "approximation": "GeneticGroup [2014-10-29 20:18:41]", 
     "avgMultiplicity": 3.13, 
     "capacity": 15, 
     "category": "gauss", 
     "lowerBound": 3, 
     "pageCount": 6, 
     "pages": [
       [0,1,8,9,14,15,16,18,19,21,23,24,28,33,34], 
       [0,2,3,4,7,14,15,16,19,21,22,29,31,33,39], 
       [1,5,7,16,17,19,22,25,28,30,33,34,36,38], 
       [0,4,6,7,12,16,20,24,26,27,28,30,35,38,39], 
       [0,2,5,7,8,10,13,15,17,25,26,29,31,32,33], 
       [0,4,6,11,17,21,23,24,25,28,29,30,32,34,37]
     ], 
     "paginations": [
       [0,16,10], 
       [18,15,17,9], 
       [4,13,5], 
       [3,6,8], 
       [14,1,12], 
       [7,2,19,11]
     ], 
     "properSymbolCount": 7, 
     "solvers": {
       "BestFusion": 8, 
       "FirstFit": 8, 
       "GeneticGroup": 6, 
       "GeneticStandard": 7, 
       "OverloadAndRemove": 7, 
       "OverloadAndRemovePresort": 7
     }, 
     "symbolCount": 40, 
     "symbols": [0,1,2,3,4,5,6,7,8,9,10,11,12,13,14,15,16,17,18,19,20,21,22,23,24,25,26,27,28,29,30,31,32,33,34,35,36,37,38,39], 
     "tileCount": 20, 
     "tileMaxSize": 8, 
     "tileMinSize": 5, 
     "tiles": [
       [8,16,21,23,24], 
       [13,15,17,31,32], 
       [21,28,30,32,34,37], 
       [6,7,12,16,28], 
       [7,17,22,25,28,30,38], 
       [1,5,16,17,28,30,34], 
       [0,6,20,28,35,38], 
       [0,4,6,11,25,32,34], 
       [0,4,20,24,26,27,30,39], 
       [0,2,3,7,22,31], 
       [0,1,9,15,18,24,33], 
       [11,21,24,28,32], 
       [0,2,8,10,25,26,29], 
       [5,7,17,19,33,36], 
       [5,7,10,15,25,32,33], 
       [0,4,15,16,21,39], 
       [14,15,18,19,28,34], 
       [2,7,19,21,29,39], 
       [0,2,4,14,15,33,39], 
       [17,23,25,29,34,37]
     ], 
     "times": {
       "BestFusion": 0.02, 
       "FirstFit": 0.01, 
       "GeneticGroup": 20.48, 
       "GeneticStandard": 1.96, 
       "OverloadAndRemove": 0.11, 
       "OverloadAndRemovePresort": 0.11
     }
   }, 
   {
     "approximation": "GeneticGroup [2014-10-29 20:18:41]", 
     "avgMultiplicity": 3.15, 
     "capacity": 15, 
     "category": "gauss", 
     "lowerBound": 3, 
     "pageCount": 6, 
     "pages": [
       [0,2,3,7,8,9,10,12,15,18,19,29,30,33,38], 
       [0,10,11,13,16,17,19,24,26,28,29,32,33,36,39], 
       [4,6,7,8,9,11,16,18,20,25,26,27,29,32,39], 
       [2,3,4,5,13,15,17,21,22,25,32,33,34,35,38], 
       [0,3,5,9,10,14,15,20,24,26,28,30,34,35,37], 
       [0,1,3,13,14,18,19,22,23,24,26,29,30,31,34]
     ], 
     "paginations": [
       [9,11,13,16], 
       [4,1,7], 
       [19,12,18], 
       [6,0,8,10], 
       [15,17,2], 
       [14,5,3]
     ], 
     "properSymbolCount": 7, 
     "solvers": {
       "BestFusion": 8, 
       "FirstFit": 8, 
       "GeneticGroup": 6, 
       "GeneticStandard": 7, 
       "OverloadAndRemove": 7, 
       "OverloadAndRemovePresort": 7
     }, 
     "symbolCount": 40, 
     "symbols": [0,1,2,3,4,5,6,7,8,9,10,11,12,13,14,15,16,17,18,19,20,21,22,23,24,25,26,27,28,29,30,31,32,33,34,35,36,37,38,39], 
     "tileCount": 20, 
     "tileMaxSize": 8, 
     "tileMinSize": 4, 
     "tiles": [
       [15,21,25,33,34,35], 
       [0,10,16,26,36], 
       [9,20,30,34], 
       [13,19,22,24,30], 
       [0,11,13,24,26,28,29], 
       [3,14,18,19,22,26,31], 
       [2,4,5,17,25,38], 
       [10,16,17,19,32,33,39], 
       [3,13,21,32,35,38], 
       [0,2,7,18,29,33], 
       [3,5,15,17,22,33,35], 
       [2,8,10,15,19,38], 
       [4,8,11,18,20,32,39], 
       [3,7,10,15,29,30], 
       [0,1,14,22,23,29,31,34], 
       [0,5,15,26,30,35], 
       [0,2,3,9,12,19,30], 
       [3,10,14,24,28,37], 
       [4,6,18,20,25,26,29], 
       [7,8,9,11,16,27,39]
     ], 
     "times": {
       "BestFusion": 0.01, 
       "FirstFit": 0.02, 
       "GeneticGroup": 18.33, 
       "GeneticStandard": 1.72, 
       "OverloadAndRemove": 0.07, 
       "OverloadAndRemovePresort": 0.07
     }
   }, 
   {
     "approximation": "OverloadAndRemove [2014-10-28 13:19:43]", 
     "avgMultiplicity": 3.38, 
     "capacity": 15, 
     "category": "gauss", 
     "lowerBound": 3, 
     "pageCount": 7, 
     "pages": [
       [1,3,6,7,12,13,20,21,24,28,29,33,35,38], 
       [2,4,11,13,15,18,23,24,25,29,30,34,38,39], 
       [0,2,7,8,10,12,15,16,18,27,29,30,32,36,38], 
       [2,3,5,6,7,8,10,11,12,21,22,23,28,34,37], 
       [3,4,6,11,16,19,21,23,25,27,30,31,32,33,38], 
       [0,1,2,3,12,14,17,18,19,26,28,39], 
       [1,9,12,13,16,17,18,19,22,26,27,31,34,35,37]
     ], 
     "paginations": [
       [0,3,6], 
       [4,10,7,11], 
       [2,18,14], 
       [12,17,16], 
       [8,5,19], 
       [9,15], 
       [13,1]
     ], 
     "properSymbolCount": 3, 
     "solvers": {
       "BestFusion": 8, 
       "FirstFit": 8, 
       "GeneticGroup": 7, 
       "GeneticStandard": 8, 
       "OverloadAndRemove": 7, 
       "OverloadAndRemovePresort": 8
     }, 
     "symbolCount": 40, 
     "symbols": [0,1,2,3,4,5,6,7,8,9,10,11,12,13,14,15,16,17,18,19,20,21,22,23,24,25,26,27,28,29,30,31,32,33,34,35,36,37,38,39], 
     "tileCount": 20, 
     "tileMaxSize": 8, 
     "tileMinSize": 4, 
     "tiles": [
       [1,12,13,20,21,24,35], 
       [1,9,13,18,26,31,37], 
       [0,12,29,32,36,38], 
       [6,7,24,35,38], 
       [2,23,34,39], 
       [11,16,21,25,27,33], 
       [1,3,7,12,21,28,29,33], 
       [4,13,23,24,25,29,34], 
       [3,6,16,21,23,30,32], 
       [0,1,14,17,18,19,26,28], 
       [4,11,13,15,18,23,39], 
       [2,15,24,30,38], 
       [5,8,10,11,21,22,37], 
       [12,16,17,19,22,27,34,35], 
       [2,7,10,16,32], 
       [1,2,3,12,14,18,26,39], 
       [2,3,5,6,7,11,22,23], 
       [7,8,10,12,28,34,37], 
       [0,8,15,18,27,30,32], 
       [3,4,6,19,25,27,31,38]
     ], 
     "times": {
       "BestFusion": 0.01, 
       "FirstFit": 0.01, 
       "GeneticGroup": 19.44, 
       "GeneticStandard": 1.67, 
       "OverloadAndRemove": 0.07, 
       "OverloadAndRemovePresort": 0.07
     }
   }, 
   {
     "approximation": "GeneticGroup [2014-10-29 20:18:41]", 
     "avgMultiplicity": 3.45, 
     "capacity": 15, 
     "category": "gauss", 
     "lowerBound": 3, 
     "pageCount": 7, 
     "pages": [
       [0,6,7,8,9,14,16,17,18,20,26,27,29,39], 
       [1,2,4,6,8,10,15,18,21,22,23,27,30,36,38], 
       [6,7,8,11,13,17,18,19,21,23,25,30,31,37,38], 
       [1,2,9,13,15,19,22,23,28,31,32,33,35,36], 
       [3,7,10,12,13,16,19,20,22,23,25,30,32,36,38], 
       [4,6,7,9,10,11,12,13,16,23,27,31,34,38,39], 
       [2,4,5,12,20,21,24,26,29,30,34,37,38]
     ], 
     "paginations": [
       [6,0,3], 
       [2,11,14,7], 
       [15,10,16], 
       [17,5], 
       [8,12,9], 
       [18,13], 
       [1,4,19]
     ], 
     "properSymbolCount": 6, 
     "solvers": {
       "BestFusion": 9, 
       "FirstFit": 10, 
       "GeneticGroup": 7, 
       "GeneticStandard": 8, 
       "OverloadAndRemove": 8, 
       "OverloadAndRemovePresort": 9
     }, 
     "symbolCount": 40, 
     "symbols": [0,1,2,3,4,5,6,7,8,9,10,11,12,13,14,15,16,17,18,19,20,21,22,23,24,25,26,27,28,29,30,31,32,33,34,35,36,37,38,39], 
     "tileCount": 20, 
     "tileMaxSize": 10, 
     "tileMinSize": 5, 
     "tiles": [
       [6,8,16,17,18,39], 
       [4,20,21,24,34,37,38], 
       [6,10,21,22,23,27,30], 
       [0,7,14,17,20,26,27], 
       [2,5,12,21,30,37], 
       [1,13,22,28,31,32,36], 
       [9,14,18,27,29], 
       [1,6,18,21,27], 
       [3,7,16,23,25,30,32], 
       [10,12,13,19,20,25,36], 
       [11,17,18,21,31,37], 
       [2,4,8,15,30,36,38], 
       [3,10,16,20,22,30,38], 
       [4,7,9,10,12,13,16,39], 
       [1,8,15,23,27,30,38], 
       [6,7,8,13,21,25,31,38], 
       [7,13,19,23,30,37,38], 
       [2,9,15,19,22,23,33,35], 
       [6,7,11,16,23,27,31,34,38,39], 
       [2,4,20,21,26,29]
     ], 
     "times": {
       "BestFusion": 0.01, 
       "FirstFit": 0.01, 
       "GeneticGroup": 18.28, 
       "GeneticStandard": 1.79, 
       "OverloadAndRemove": 0.07, 
       "OverloadAndRemovePresort": 0.08
     }
   }, 
   {
     "approximation": "OverloadAndRemovePresort [2014-10-28 13:19:43]", 
     "avgMultiplicity": 3.33, 
     "capacity": 15, 
     "category": "gauss", 
     "lowerBound": 3, 
     "pageCount": 7, 
     "pages": [
       [1,3,5,6,8,13,19,21,22,30,32,33,35,37,39], 
       [0,2,4,7,9,12,15,16,20,25,26,30,33], 
       [2,5,8,13,15,17,18,19,22,23,24,27,28,33], 
       [2,4,7,8,10,12,13,20,21,22,25,26,27,30,38], 
       [0,1,4,7,10,14,18,19,20,21,26,29,34,35,36], 
       [1,3,5,6,11,13,17,19,23,25,27,32,33], 
       [0,6,7,10,12,16,17,20,21,22,26,28,31,34,35]
     ], 
     "paginations": [
       [1,13,3,10], 
       [2,15,0], 
       [18,6,14], 
       [4,11,16], 
       [17,8,7], 
       [19,12], 
       [9,5]
     ], 
     "properSymbolCount": 7, 
     "solvers": {
       "BestFusion": 7, 
       "FirstFit": 9, 
       "GeneticGroup": 7, 
       "GeneticStandard": 7, 
       "OverloadAndRemove": 7, 
       "OverloadAndRemovePresort": 7
     }, 
     "symbolCount": 40, 
     "symbols": [0,1,2,3,4,5,6,7,8,9,10,11,12,13,14,15,16,17,18,19,20,21,22,23,24,25,26,27,28,29,30,31,32,33,34,35,36,37,38,39], 
     "tileCount": 20, 
     "tileMaxSize": 9, 
     "tileMinSize": 5, 
     "tiles": [
       [0,2,9,15,20,25], 
       [1,6,13,19,21,32,35], 
       [4,7,16,25,26,30,33], 
       [3,5,13,22,30,32], 
       [12,20,21,22,25,27,38], 
       [0,6,10,17,20,21,22,26,28], 
       [5,13,15,23,24,28,33], 
       [1,4,10,18,20,34], 
       [1,14,18,26,29,35,36], 
       [7,12,16,31,34,35], 
       [5,6,13,37,39], 
       [4,7,13,21,26,27], 
       [1,11,13,17,23,25,33], 
       [1,8,13,19,22,32,33], 
       [17,18,19,22,28,33], 
       [0,7,9,12,15,25,30], 
       [2,8,10,21,30], 
       [0,7,14,19,21,29], 
       [2,8,13,18,23,27,28,33], 
       [3,5,6,19,23,25,27,32]
     ], 
     "times": {
       "BestFusion": 0.01, 
       "FirstFit": 0.01, 
       "GeneticGroup": 19.81, 
       "GeneticStandard": 1.63, 
       "OverloadAndRemove": 0.06, 
       "OverloadAndRemovePresort": 0.07
     }
   }, 
   {
     "approximation": "OverloadAndRemove [2014-10-28 13:19:43]", 
     "avgMultiplicity": 3.15, 
     "capacity": 15, 
     "category": "gauss", 
     "lowerBound": 3, 
     "pageCount": 7, 
     "pages": [
       [0,1,2,15,17,19,20,21,22,25,32,33,35,36], 
       [3,4,5,6,8,10,12,13,18,20,26,30,32,33,36], 
       [3,7,8,11,12,14,21,22,23,26,28,29,32,36,39], 
       [3,4,5,6,9,10,13,15,16,17,25,30,31,38], 
       [0,3,8,9,11,15,19,27,28,31,35], 
       [1,4,10,17,23,28,30,33,34,36,37,39], 
       [5,6,8,17,18,19,22,24,25,26,27,30,31,32]
     ], 
     "paginations": [
       [3,6,8,19], 
       [12,14,16,9], 
       [4,17,10], 
       [11,2,1], 
       [13,5], 
       [18,0], 
       [7,15]
     ], 
     "properSymbolCount": 5, 
     "solvers": {
       "BestFusion": 8, 
       "FirstFit": 8, 
       "GeneticGroup": 7, 
       "GeneticStandard": 7, 
       "OverloadAndRemove": 7, 
       "OverloadAndRemovePresort": 7
     }, 
     "symbolCount": 40, 
     "symbols": [0,1,2,3,4,5,6,7,8,9,10,11,12,13,14,15,16,17,18,19,20,21,22,23,24,25,26,27,28,29,30,31,32,33,34,35,36,37,38,39], 
     "tileCount": 20, 
     "tileMaxSize": 9, 
     "tileMinSize": 5, 
     "tiles": [
       [4,17,23,28,33,34,37,39], 
       [5,6,10,16,25,31], 
       [3,13,15,17,25,30], 
       [1,2,15,32,35], 
       [3,7,11,12,22,28,32], 
       [0,3,11,19,27,31,35], 
       [1,2,15,17,20,22], 
       [5,17,18,22,24,26,31], 
       [0,1,19,32,33], 
       [3,4,6,12,20,36], 
       [7,8,14,21,23,32], 
       [3,4,9,13,16,38], 
       [4,5,10,13,20,30,32], 
       [8,9,15,19,28,31], 
       [4,5,8,32,33,36], 
       [5,6,8,18,19,25,27,30,32], 
       [4,18,26,30,33], 
       [3,12,23,26,29,36,39], 
       [1,10,30,36,37,39], 
       [15,21,25,35,36]
     ], 
     "times": {
       "BestFusion": 0.01, 
       "FirstFit": 0.01, 
       "GeneticGroup": 16.99, 
       "GeneticStandard": 1.56, 
       "OverloadAndRemove": 0.06, 
       "OverloadAndRemovePresort": 0.07
     }
   }
 ]