[
   {
     "approximation": "OverloadAndRemove [2014-10-28 15:12:34]", 
     "avgMultiplicity": 3.92, 
     "capacity": 15, 
     "category": "gauss", 
     "lowerBound": 4, 
     "pageCount": 7, 
     "pages": [
       [1,3,5,9,13,15,16,18,22,23,30,36,40,45,47], 
       [0,3,4,6,14,15,17,19,23,26,27,30,34,35,48], 
       [1,3,4,5,8,11,13,20,24,28,31,34,35,43,48], 
       [2,3,5,10,11,15,24,25,26,27,35,37,40,41,49], 
       [2,5,8,12,13,17,25,29,32,33,39,43,44,45,47], 
       [1,6,7,11,12,14,15,29,31,35,36,37,38,42,43], 
       [0,4,6,7,8,9,21,23,26,32,33,42,44,46]
     ], 
     "paginations": [
       [0,3,6,9,12,16,22,29,37,39,49,55,65], 
       [2,4,20,21,23,27,28,36,42,45,50,54,66], 
       [5,7,18,11,47,51,60,61,52,64,58], 
       [8,32,40,46,48,1,56,67,43,26], 
       [10,38,35,31,62,41,30,13,33,25], 
       [14,34,17,24,63,57,69], 
       [15,19,53,68,59,44]
     ], 
     "properSymbolCount": 3, 
     "solvers": {
       "BestFusion": 8, 
       "FirstFit": 10, 
       "GeneticGroup": 7, 
       "GeneticStandard": 9, 
       "OverloadAndRemove": 7, 
       "OverloadAndRemovePresort": 8
     }, 
     "symbolCount": 50, 
     "symbols": [0,1,2,3,4,5,6,7,8,9,10,11,12,13,14,15,16,17,18,19,20,21,22,23,24,25,26,27,28,29,30,31,32,33,34,35,36,37,38,39,40,41,42,43,44,45,46,47,48,49], 
     "tileCount": 70, 
     "tileMaxSize": 5, 
     "tileMinSize": 2, 
     "tiles": [
       [9,16,18,23], 
       [15,26,37,40,49], 
       [0,19,26], 
       [1,23], 
       [17,19,27,48], 
       [3,8,20], 
       [16,22,47], 
       [3,43], 
       [35,41], 
       [1,5,36], 
       [2,13,32,45], 
       [5,8,28], 
       [1,3], 
       [17,43], 
       [11,12,14,31], 
       [0,4,44], 
       [36,45,47], 
       [15,29,42], 
       [20,35], 
       [4,9,33], 
       [14,48], 
       [4,19], 
       [22,23,47], 
       [26,35], 
       [12,37,38,43], 
       [33,39,44], 
       [2,10], 
       [6,26,27], 
       [6,15,17], 
       [1,47], 
       [5,25,45], 
       [39,45], 
       [10,41], 
       [8,39], 
       [1,11,29,38], 
       [2,29,39], 
       [26,30], 
       [3,13,18,23], 
       [12,32], 
       [18,36], 
       [11,41], 
       [17,44,45], 
       [0,15,19], 
       [3,25,27,40], 
       [21,32,42], 
       [19,34], 
       [3,37,41], 
       [5,31], 
       [15,40,41], 
       [15,22,45], 
       [14,34], 
       [4,13,28,31], 
       [1,43], 
       [9,26,44], 
       [3,19], 
       [18,22,40], 
       [5,15,24,26], 
       [7,36], 
       [1,11,48], 
       [6,8,46], 
       [4,24,35], 
       [31,34], 
       [2,5,12,44,47], 
       [29,35,38], 
       [20,48], 
       [30,47], 
       [6,23,26], 
       [25,27,37], 
       [4,7,23], 
       [6,29]
     ], 
     "times": {
       "BestFusion": 0.06, 
       "FirstFit": 0.05, 
       "GeneticGroup": 46.55, 
       "GeneticStandard": 4.43, 
       "OverloadAndRemove": 0.2, 
       "OverloadAndRemovePresort": 0.24
     }
   }, 
   {
     "approximation": "GeneticGroup [2014-10-30 08:56:50]", 
     "avgMultiplicity": 9.02, 
     "capacity": 15, 
     "category": "gauss", 
     "lowerBound": 4, 
     "pageCount": 21, 
     "pages": [
       [5,6,9,14,16,19,26,33,37,40,42,43,44,49], 
       [1,3,7,8,9,10,18,24,25,28,30,45,46,47,49], 
       [5,7,12,14,19,20,21,23,24,26,34,43,44,46], 
       [2,3,6,13,21,22,24,27,32,34,39,40,43,45,49], 
       [1,2,4,5,7,12,13,17,19,20,22,24,43,48], 
       [6,9,11,12,16,22,24,25,27,29,30,33,41,43,48], 
       [0,2,3,15,16,17,19,22,27,28,33,37,40,41,46], 
       [2,6,13,17,19,22,30,31,36,39,40,41,42,45,48], 
       [3,4,9,13,16,17,18,19,25,33,38,39,41,44,47], 
       [4,6,8,17,18,19,23,27,29,31,32,35,37,40,41], 
       [0,3,6,11,15,17,18,23,29,30,31,33,38,42,47], 
       [1,3,7,14,22,23,24,26,31,36,39,42,46,48,49], 
       [0,3,4,6,8,10,17,25,33,35,36,41,42,44,46], 
       [0,4,10,11,13,14,19,20,32,38,40,42,45,47,48], 
       [0,6,11,13,14,18,20,21,27,33,41,42,43,48], 
       [4,9,12,14,16,22,27,34,35,36,40,43,45], 
       [0,1,5,11,17,23,25,26,29,31,32,34,35,43,47], 
       [1,2,14,24,26,27,28,30,33,34,35,36,43,44,47], 
       [0,7,8,14,17,18,23,24,26,29,32,38,42,44,48], 
       [1,2,5,9,12,17,22,24,26,27,28,29,37,41,49], 
       [1,2,7,10,14,15,17,22,24,25,28,35,38,39,49]
     ], 
     "paginations": [
       [53,17,2,41], 
       [4,52,1,63], 
       [3,11], 
       [7,40,36,35,24], 
       [15,20,0], 
       [58,50,66], 
       [42,47,25], 
       [12,39,29], 
       [16,54,22,33], 
       [49,67,10,37], 
       [5,8,57], 
       [9,6,43], 
       [23,59,27], 
       [65,64], 
       [61,48,30,56], 
       [60,21], 
       [69,18,14,19], 
       [13,38,28,45,44], 
       [26,31,62], 
       [55,34,46], 
       [32,68,51]
     ], 
     "properSymbolCount": 0, 
     "solvers": {
       "BestFusion": 24, 
       "FirstFit": 25, 
       "GeneticGroup": 21, 
       "GeneticStandard": 24, 
       "OverloadAndRemove": 21, 
       "OverloadAndRemovePresort": 22
     }, 
     "symbolCount": 50, 
     "symbols": [0,1,2,3,4,5,6,7,8,9,10,11,12,13,14,15,16,17,18,19,20,21,22,23,24,25,26,27,28,29,30,31,32,33,34,35,36,37,38,39,40,41,42,43,44,45,46,47,48,49], 
     "tileCount": 70, 
     "tileMaxSize": 9, 
     "tileMinSize": 4, 
     "tiles": [
       [1,4,12,13,20,24,48], 
       [1,10,24,30,46,47,49], 
       [5,9,14,19,26,33], 
       [5,7,12,20,23,34,44], 
       [1,8,18,24,28,45,49], 
       [3,15,23,33,38,42,47], 
       [1,26,36,39,46,49], 
       [3,6,13,24,39,45,49], 
       [0,6,15,30,31,42], 
       [1,3,14,22,23,24,46], 
       [4,17,18,40,41], 
       [14,19,21,24,26,43,46], 
       [13,17,30,31,41,45], 
       [1,14,33,34,44], 
       [1,25,26,29,32,43], 
       [2,4,7,13,19,22,43], 
       [13,19,25,33,38,44], 
       [6,14,16,19,43], 
       [11,17,23,43], 
       [5,11,17,25,26,29,47], 
       [1,5,12,17,19], 
       [4,9,16,34,35,40,43,45], 
       [3,4,9,16,33,39,41], 
       [3,8,10,17,25,46], 
       [13,21,22,34,39], 
       [0,3,16,19,22,27,33,37], 
       [17,23,24,26,38,42,44,48], 
       [4,6,8,33,35,41,42,44], 
       [1,2,14,24,27,28,34], 
       [2,31,39,40,42,48], 
       [6,21,27,41,48], 
       [7,14,17,18,24,29,32,42], 
       [1,2,7,10,14,15,28], 
       [9,17,18,19,38,39], 
       [5,22,24,26,27,37,49], 
       [6,13,22,39,43,45], 
       [2,6,21,22,27,34,45], 
       [18,23,27,31,41], 
       [1,2,14,30,35,43,47], 
       [6,19,22,36,48], 
       [3,21,27,32,40,49], 
       [6,9,16,26,37,40,42,44], 
       [2,28,37,40,41,46], 
       [7,14,22,31,36,42,48,49], 
       [2,24,26,30,34,35], 
       [1,2,34,35,36,47], 
       [1,2,9,24,29,49], 
       [0,15,17,27,28,46], 
       [0,11,13,20,27,42], 
       [4,6,27,29,35,37,40], 
       [6,9,11,22,30,41], 
       [7,15,24,25,35,38], 
       [1,3,7,9,25,47], 
       [6,33,37,43,44,49], 
       [16,18,25,38,47], 
       [1,9,12,17,27,28,41], 
       [0,6,13,14,18,43], 
       [3,6,11,17,18,23,29], 
       [6,9,12,22,24,27], 
       [0,3,4,10,17,36,44], 
       [12,14,22,27,36], 
       [13,20,21,33,42,48], 
       [0,7,8,24,29,42,48], 
       [3,7,9,30,46], 
       [13,14,20,32,40,42,45,47], 
       [0,4,10,11,19,38,42,45,48], 
       [9,16,25,29,33,41,43,48], 
       [4,8,19,27,31,32,41], 
       [10,17,22,28,39,49], 
       [0,11,17,23,31,34,35]
     ], 
     "times": {
       "BestFusion": 0.05, 
       "FirstFit": 0.03, 
       "GeneticGroup": 60.26, 
       "GeneticStandard": 5.59, 
       "OverloadAndRemove": 0.87, 
       "OverloadAndRemovePresort": 1.05
     }
   }, 
   {
     "approximation": "OverloadAndRemovePresort [2014-10-28 13:26:25]", 
     "avgMultiplicity": 4.08, 
     "capacity": 15, 
     "category": "gauss", 
     "lowerBound": 4, 
     "pageCount": 8, 
     "pages": [
       [7,13,14,17,23,24,26,27,33,35,37,38,39,40,44], 
       [3,6,10,12,13,14,16,22,23,24,30,33,41,47,49], 
       [1,6,18,19,22,23,27,32,33,34,36,41,42,46,48], 
       [0,1,4,5,12,16,17,19,27,28,38,42,43,44,47], 
       [5,7,8,11,12,14,18,20,21,25,31,34,35,43,48], 
       [0,1,12,16,24,25,27,28,29,31,32,34,38,41,47], 
       [2,5,7,9,15,20,21,30,32,37,39,40,43,49], 
       [0,2,3,9,10,17,19,27,28,31,33,45,49]
     ], 
     "paginations": [
       [4,22,41,56,63,14,18,19,20,26,34,53], 
       [16,57,47,39,37,67,24,59,3,25], 
       [13,0,2,32,38,48,65,29,31,50,61,9,40], 
       [42,54,62,68,6,33,1,49], 
       [58,43,55,66,12,51,23,28,10,5], 
       [30,35,46,69,52,64,17,44], 
       [11,21,15,27,7,45], 
       [60,8,36]
     ], 
     "properSymbolCount": 2, 
     "solvers": {
       "BestFusion": 9, 
       "FirstFit": 12, 
       "GeneticGroup": 8, 
       "GeneticStandard": 10, 
       "OverloadAndRemove": 8, 
       "OverloadAndRemovePresort": 8
     }, 
     "symbolCount": 50, 
     "symbols": [0,1,2,3,4,5,6,7,8,9,10,11,12,13,14,15,16,17,18,19,20,21,22,23,24,25,26,27,28,29,30,31,32,33,34,35,36,37,38,39,40,41,42,43,44,45,46,47,48,49], 
     "tileCount": 70, 
     "tileMaxSize": 5, 
     "tileMinSize": 2, 
     "tiles": [
       [22,27,36], 
       [1,28,44], 
       [1,41,48], 
       [23,47], 
       [17,26,40,44], 
       [12,31], 
       [1,12,27,43], 
       [2,21,32,39,40], 
       [0,3,10,19,45], 
       [1,42], 
       [7,11], 
       [15,37], 
       [14,34,35], 
       [22,41,42,48], 
       [14,23], 
       [7,15], 
       [10,13,24], 
       [0,12,27,41], 
       [24,26], 
       [23,26], 
       [7,38], 
       [2,5,15,30], 
       [13,14,33,39], 
       [21,35], 
       [6,12,13,30], 
       [33,41], 
       [38,39], 
       [7,32,49], 
       [35,43,48], 
       [27,32], 
       [25,31], 
       [18,48], 
       [27,41,46], 
       [1,4,17,19], 
       [26,37], 
       [31,34,47], 
       [0,2,9,17,33], 
       [3,22], 
       [6,23,48], 
       [13,49], 
       [34,46], 
       [26,27,39], 
       [1,4,43,47], 
       [8,11,18], 
       [28,29], 
       [9,20,21,43,49], 
       [16,24,31], 
       [3,14,33], 
       [6,32,46], 
       [0,16,42], 
       [32,42], 
       [18,20,35], 
       [1,24,32,34], 
       [7,35], 
       [1,4,5], 
       [8,12], 
       [7,40,44], 
       [10,14,16], 
       [5,8,11,25], 
       [6,10,13,41], 
       [27,28,31,49], 
       [18,41], 
       [4,38,42], 
       [7,13,26], 
       [32,38], 
       [19,33,48], 
       [8,14], 
       [3,6], 
       [1,16,28], 
       [24,29,34,41]
     ], 
     "times": {
       "BestFusion": 0.07, 
       "FirstFit": 0.03, 
       "GeneticGroup": 45.66, 
       "GeneticStandard": 4.21, 
       "OverloadAndRemove": 0.21, 
       "OverloadAndRemovePresort": 0.18
     }
   }, 
   {
     "approximation": "GeneticGroup [2015-11-06 00:53:32]", 
     "avgMultiplicity": 9.32, 
     "capacity": 15, 
     "category": "gauss", 
     "lowerBound": 4, 
     "pageCount": 21, 
     "pages": [
       [3,4,7,10,17,22,23,25,27,29,30,32,36,42,43], 
       [2,3,4,9,14,15,16,20,23,29,31,36,41,44,48], 
       [1,4,10,12,14,15,21,23,25,28,34,45,46,47,48], 
       [2,5,7,12,19,24,28,33,34,35,36,37,42,44,48], 
       [6,9,11,21,26,27,28,29,32,34,38,40,42,47,49], 
       [1,5,10,15,18,19,23,25,27,35,36,39,40,43,46], 
       [4,5,9,10,12,15,20,21,23,32,37,43,45,47,49], 
       [2,7,8,10,11,12,13,18,20,23,24,32,37,46,48], 
       [1,4,5,8,10,16,22,25,28,31,34,39,43,44,47], 
       [1,3,6,12,13,15,22,23,27,29,32,39,43,46,49], 
       [1,2,6,10,11,12,13,15,16,18,24,26,35,37,42], 
       [0,5,7,16,17,29,31,40,41,42,43,45,46,47,49], 
       [3,4,11,13,15,19,21,31,33,34,39,40,41,44,47], 
       [1,12,14,17,18,21,23,33,34,36,37,38,41,43,45], 
       [0,4,8,13,15,19,27,29,30,34,35,38,40,45,46], 
       [6,8,9,13,19,22,24,33,35,36,39,40,42,43,48], 
       [0,3,7,11,15,16,17,25,28,35,36,37,41,43,45], 
       [0,4,8,10,16,25,29,30,31,32,34,35,41,48,49], 
       [0,1,4,7,13,17,23,26,28,33,42,44,48,49], 
       [8,10,14,17,21,22,23,24,26,32,33,38,40,46,47], 
       [0,1,3,6,8,14,16,18,27,31,34,38,43,46]
     ], 
     "paginations": [
       [45,67,13], 
       [15,68,53], 
       [50,47,41,66], 
       [16,56,37], 
       [44,34,9,20], 
       [52,51,25], 
       [38,17,3,29], 
       [4,19,49,22], 
       [33,36,12], 
       [55,24,64], 
       [61,58], 
       [69,23,11,1,18], 
       [43,31,28], 
       [0,26,6], 
       [2,30,10,48], 
       [60,8,5], 
       [59,21,7], 
       [62,40,46,32], 
       [42,57,27], 
       [63,35,65], 
       [39,54,14]
     ], 
     "properSymbolCount": 0, 
     "solvers": {
       "BestFusion": 26, 
       "FirstFit": 27, 
       "GeneticGroup": 21, 
       "GeneticStandard": 27, 
       "OverloadAndRemove": 23, 
       "OverloadAndRemovePresort": 23
     }, 
     "symbolCount": 50, 
     "symbols": [0,1,2,3,4,5,6,7,8,9,10,11,12,13,14,15,16,17,18,19,20,21,22,23,24,25,26,27,28,29,30,31,32,33,34,35,36,37,38,39,40,41,42,43,44,45,46,47,48,49], 
     "tileCount": 70, 
     "tileMaxSize": 9, 
     "tileMinSize": 5, 
     "tiles": [
       [1,12,21,36,38,45], 
       [5,29,43,46,49], 
       [0,13,19,27,30,35,46], 
       [4,12,21,23,32,49], 
       [2,7,8,11,13,23,46], 
       [8,13,19,24,43], 
       [12,14,17,21,34,41,43], 
       [3,7,11,15,25,36], 
       [8,22,33,35,36,40,48], 
       [6,9,11,21,29,42,47], 
       [4,13,19,29,38,40], 
       [5,7,17,29,40,41,42,43], 
       [5,16,22,28,31,34], 
       [4,10,17,25,27,32,42,43], 
       [0,3,14,18,31,34], 
       [4,9,14,16,29,31,36,44,48], 
       [2,5,7,12,28,33,36,42], 
       [10,32,37,43,45,49], 
       [0,29,40,42,45], 
       [2,10,11,18,20,32], 
       [9,11,21,27,28,34,40], 
       [0,7,11,16,17,35,43], 
       [7,8,12,24,32,37,48], 
       [5,29,31,41,46,47,49], 
       [13,22,23,27,29,49], 
       [1,15,18,23,25,36,39], 
       [18,23,33,34,36,37], 
       [4,7,13,26,48,49], 
       [4,11,21,34,39,41], 
       [4,12,15,20,43,45,47], 
       [8,15,19,30,34,45,46], 
       [13,15,19,34,39,40,41,44], 
       [29,31,32,34,49], 
       [1,25,28,31,34,39,43], 
       [6,21,26,38,47,49], 
       [10,17,22,23,38,47], 
       [1,4,5,8,10,44,47], 
       [7,24,28,34,35,42], 
       [5,9,12,20,49], 
       [1,3,8,16,27,34], 
       [0,25,30,31,32,48,49], 
       [1,4,12,15,23,28,34,45], 
       [1,17,23,28,42,44,49], 
       [3,4,31,33,39,41,44,47], 
       [9,26,27,32,40,47], 
       [7,10,25,29,32,36], 
       [0,4,8,10,30,34,49], 
       [1,10,12,14,21,23,47,48], 
       [8,19,29,34,35,46], 
       [2,10,12,13,23,32,48], 
       [4,14,23,25,28,46,47], 
       [1,5,10,19,25,27,40,43], 
       [15,18,25,27,35,46], 
       [2,9,15,23,31], 
       [6,16,27,38,43,46], 
       [1,6,12,15,22,32,46], 
       [5,19,34,37,42,44,48], 
       [0,7,23,26,28,33,48], 
       [1,2,6,10,11,12,15,26,42], 
       [0,7,15,25,28,37,41,45], 
       [6,9,19,24,39,42], 
       [2,6,13,16,18,24,35,37,42], 
       [4,10,16,32,35,41,48], 
       [8,17,24,26,32,40,46], 
       [1,3,12,13,23,39,43], 
       [14,21,32,33,47], 
       [1,10,12,28,46,47], 
       [3,10,22,23,25,30,42], 
       [2,3,4,9,14,20,41], 
       [7,16,31,43,45]
     ], 
     "times": {
       "BestFusion": 0.05, 
       "FirstFit": 0.03, 
       "GeneticGroup": 61.92, 
       "GeneticStandard": 5.4, 
       "OverloadAndRemove": 0.98, 
       "OverloadAndRemovePresort": 0.99
     }
   }, 
   {
     "approximation": "OverloadAndRemovePresort [2014-10-28 13:26:25]", 
     "avgMultiplicity": 3.92, 
     "capacity": 15, 
     "category": "gauss", 
     "lowerBound": 4, 
     "pageCount": 7, 
     "pages": [
       [0,1,3,4,5,6,9,12,16,25,31,32,36,40,46], 
       [0,1,8,10,12,13,17,18,21,31,33,34,42,45,49], 
       [4,6,7,13,16,21,22,24,28,35,37,38,43,47,48], 
       [1,2,5,11,15,19,21,23,27,29,30,36,38,45,48], 
       [5,6,10,11,14,21,26,27,29,30,34,39,40,45,49], 
       [9,13,14,15,16,20,22,23,24,33,35,38,42,44,49], 
       [0,2,3,7,12,13,17,24,25,27,28,31,38,41,46]
     ], 
     "paginations": [
       [11,23,6,20,33,41,42,64,3,5,51,60], 
       [62,9,13,15,18,34,49,2,12,59,56], 
       [10,22,61,8,37,53,57,55,21,25,44,39], 
       [19,40,69,35,46,31,67,38,7], 
       [26,47,36,43,45,17,32,4,24,29,58], 
       [54,50,30,14,27,65,52], 
       [16,1,66,63,28,48,0,68]
     ], 
     "properSymbolCount": 1, 
     "solvers": {
       "BestFusion": 8, 
       "FirstFit": 11, 
       "GeneticGroup": 7, 
       "GeneticStandard": 9, 
       "OverloadAndRemove": 8, 
       "OverloadAndRemovePresort": 7
     }, 
     "symbolCount": 50, 
     "symbols": [0,1,2,3,4,5,6,7,8,9,10,11,12,13,14,15,16,17,18,19,20,21,22,23,24,25,26,27,28,29,30,31,32,33,34,35,36,37,38,39,40,41,42,43,44,45,46,47,48,49], 
     "tileCount": 70, 
     "tileMaxSize": 5, 
     "tileMinSize": 2, 
     "tiles": [
       [7,31], 
       [12,41], 
       [21,49], 
       [12,40], 
       [6,49], 
       [25,32], 
       [1,9,16], 
       [23,48], 
       [35,38], 
       [8,18,21,33], 
       [28,35,37,43], 
       [1,6,16,31,40], 
       [12,17], 
       [0,8,18,31], 
       [9,14,44], 
       [33,34,42], 
       [2,41], 
       [21,26,29], 
       [17,31,45], 
       [27,29,30], 
       [4,31,40], 
       [7,16], 
       [37,47,48], 
       [0,16,25,40,46], 
       [27,49], 
       [16,24], 
       [10,26,39], 
       [14,15,35], 
       [13,41,46], 
       [34,39], 
       [23,24,42,49], 
       [19,21,36], 
       [6,39,45], 
       [12,32,46], 
       [1,8,17], 
       [15,30], 
       [14,27], 
       [24,28], 
       [1,11], 
       [21,22], 
       [19,29,38], 
       [0,3,25], 
       [1,5,32], 
       [5,26], 
       [22,38], 
       [26,30], 
       [1,19], 
       [11,14,26], 
       [3,17,27], 
       [13,17,34], 
       [20,38,49], 
       [25,36], 
       [9,13], 
       [6,47], 
       [20,22,42], 
       [21,24,38], 
       [10,12], 
       [4,13,35,47], 
       [39,40,49], 
       [12,18], 
       [5,36], 
       [16,35,48], 
       [8,13,17,42,49], 
       [0,7,24,38], 
       [3,9,40], 
       [16,33,44], 
       [2,7,17,25], 
       [1,2,5,48], 
       [27,28,31], 
       [5,29,30,45]
     ], 
     "times": {
       "BestFusion": 0.07, 
       "FirstFit": 0.03, 
       "GeneticGroup": 45.63, 
       "GeneticStandard": 4.37, 
       "OverloadAndRemove": 0.25, 
       "OverloadAndRemovePresort": 0.2
     }
   }, 
   {
     "approximation": "GeneticGroup [2014-10-30 08:56:50]", 
     "avgMultiplicity": 9.32, 
     "capacity": 15, 
     "category": "gauss", 
     "lowerBound": 4, 
     "pageCount": 21, 
     "pages": [
       [2,8,11,16,22,27,29,30,35,36,37,39,45,46,47], 
       [2,3,8,10,12,16,18,23,28,32,34,36,39,40,48], 
       [0,5,14,16,23,26,27,32,34,35,38,41,42,45,49], 
       [1,2,8,11,12,13,18,19,28,39,42,43,44,45,47], 
       [1,3,4,6,11,15,27,28,33,34,39,42,43,45,46], 
       [2,4,5,7,13,23,24,25,29,32,34,35,42,44,48], 
       [5,6,11,12,13,15,20,21,25,26,28,29,42,48,49], 
       [2,5,6,9,13,16,18,20,21,22,26,27,39,40,48], 
       [0,2,3,8,13,14,24,25,28,29,39,42,43,45,48], 
       [3,4,9,10,11,14,19,20,24,27,31,34,36,37,40], 
       [5,6,7,10,15,17,18,19,20,21,23,29,35,37,38], 
       [1,3,5,11,19,21,26,32,35,37,38,41,45,47], 
       [3,4,9,10,17,20,22,24,30,38,39,41,47,49], 
       [3,5,13,15,16,17,20,21,22,25,27,30,31,37,48], 
       [2,6,7,9,17,19,22,26,29,33,35,36,44,45,48], 
       [1,2,7,10,12,19,21,25,27,28,31,32,33,34,39], 
       [0,3,6,9,12,13,17,20,24,34,36,37,40,44,46], 
       [0,3,5,6,19,26,30,32,33,34,43,44,48,49], 
       [1,2,4,13,21,22,23,24,26,30,32,34,38,46,47], 
       [2,3,8,11,14,15,16,19,23,27,28,37,41,42,48], 
       [8,12,13,14,25,27,43]
     ], 
     "paginations": [
       [32,2,39,17,15], 
       [12,65,6], 
       [45,47,38], 
       [14,8,20,30], 
       [21,27,68,4], 
       [13,10,18,54], 
       [7,26,31], 
       [53,3,67,5], 
       [46,24,62], 
       [25,36,0], 
       [35,44,22], 
       [63,60,48], 
       [59,52,43,33], 
       [29,57,41,1], 
       [42,19,55,23], 
       [50,66,16], 
       [9,49,37], 
       [64,61,11], 
       [28,51,34], 
       [58,40,56], 
       [69]
     ], 
     "properSymbolCount": 0, 
     "solvers": {
       "BestFusion": 26, 
       "FirstFit": 28, 
       "GeneticGroup": 21, 
       "GeneticStandard": 25, 
       "OverloadAndRemove": 22, 
       "OverloadAndRemovePresort": 22
     }, 
     "symbolCount": 50, 
     "symbols": [0,1,2,3,4,5,6,7,8,9,10,11,12,13,14,15,16,17,18,19,20,21,22,23,24,25,26,27,28,29,30,31,32,33,34,35,36,37,38,39,40,41,42,43,44,45,46,47,48,49], 
     "tileCount": 70, 
     "tileMaxSize": 9, 
     "tileMinSize": 5, 
     "tiles": [
       [10,11,14,19,27,36,37,40], 
       [3,13,16,22,27,31], 
       [11,16,35,46,47], 
       [5,13,18,20,26,27], 
       [6,11,15,39,46], 
       [9,20,27,39,40,48], 
       [3,18,23,32,34,36,39,40], 
       [5,12,20,25,28,42,49], 
       [1,2,13,19,42,43,47], 
       [0,9,20,34,37,46], 
       [4,5,32,35,42,44], 
       [3,5,19,32,33,34,48], 
       [2,8,12,16,18,34], 
       [2,4,7,13,25,34,48], 
       [8,12,18,19,39,43,44], 
       [11,16,30,35,36], 
       [1,2,10,27,32,33], 
       [2,8,16,35,39,46], 
       [5,7,23,24,32,35,44], 
       [9,17,22,35,44,45], 
       [8,11,13,28,44,45], 
       [3,4,11,34,42,43], 
       [5,6,7,17,20,23,35], 
       [2,9,26,29,36,48], 
       [0,2,3,8,13,25,42,45], 
       [3,4,14,19,20,24,31,34], 
       [6,11,13,21,29,42,49], 
       [1,15,27,28,33,34,42,45], 
       [2,21,24,26,30,32,38,46], 
       [17,20,22,27,30,31,37], 
       [8,11,18,39,43,44], 
       [5,6,11,15,26,48,49], 
       [8,11,27,36,37,45], 
       [10,17,20,30,49], 
       [1,4,21,22,23,26,47], 
       [6,15,17,19,21,29,35,38], 
       [4,9,10,19,20,40], 
       [6,13,24,34,36,37,44,46], 
       [5,14,26,34,38,41], 
       [8,22,27,29,36,37,46,47], 
       [2,15,19,37,41], 
       [5,13,15,25,37], 
       [6,17,19,33,45,48], 
       [3,9,10,17,22,24,30], 
       [5,6,10,15,18,29,37], 
       [23,27,34,35,41,42,45], 
       [2,13,28,29,39,42,45], 
       [0,14,16,23,32,38,41,49], 
       [3,11,21,26,32,35,38,45,47], 
       [3,12,17,34,37,40,46], 
       [7,10,19,21,25,27,34], 
       [1,13,21,23,30,34,38,47], 
       [3,4,22,38,39,41,47], 
       [2,13,16,18,20,39,40], 
       [7,13,24,29,32], 
       [7,22,29,45,48], 
       [3,14,15,16,27,28,48], 
       [3,5,15,20,21,22,48], 
       [8,11,23,28,37,41,42], 
       [10,20,30,38,39,49], 
       [5,11,21,26,35,41], 
       [0,3,32,34,43,49], 
       [0,2,14,24,42,43,48], 
       [1,5,11,19,37,47], 
       [6,26,30,44,48], 
       [2,10,18,28,32,36,40,48], 
       [1,10,12,25,28,31,39], 
       [2,6,13,16,21,22,40], 
       [3,4,6,15,27,42,43,46], 
       [8,12,13,14,25,27,43]
     ], 
     "times": {
       "BestFusion": 0.05, 
       "FirstFit": 0.03, 
       "GeneticGroup": 62.43, 
       "GeneticStandard": 5.08, 
       "OverloadAndRemove": 0.91, 
       "OverloadAndRemovePresort": 0.92
     }
   }
 ]