[
   {
     "approximation": "OverloadAndRemove [2014-10-28 13:17:58]", 
     "avgMultiplicity": 5.43, 
     "capacity": 15, 
     "category": "gauss", 
     "lowerBound": 3, 
     "pageCount": 6, 
     "pages": [
       [3,4,7,9,11,16,17,21,22,25,28,29,31,33,34], 
       [2,5,8,9,10,11,14,20,21,22,26,28,29,31,32], 
       [2,3,5,6,7,8,10,11,12,15,17,24,25,30,32], 
       [1,2,3,5,6,9,10,12,14,18,19,22,25,31,33], 
       [2,8,13,15,16,17,19,20,22,23,24,26,27,29,30], 
       [0,2,9,10,12,13,15,16,21,24,27,28,31,34]
     ], 
     "paginations": [
       [0,5,11,16,22,24,28,40,45,9,36,49,61,63,4], 
       [1,6,10,14,18,26,32,34,41,46,47,62,29], 
       [58,27,35,21,39,42,48,51,52,55,60,43], 
       [7,17,37,44,54,2,13,8,23], 
       [31,15,12,19,30,20,56,25], 
       [3,57,59,53,64,33,50,38]
     ], 
     "properSymbolCount": 0, 
     "solvers": {
       "BestFusion": 7, 
       "FirstFit": 8, 
       "GeneticGroup": 6, 
       "GeneticStandard": 7, 
       "OverloadAndRemove": 6, 
       "OverloadAndRemovePresort": 6
     }, 
     "symbolCount": 35, 
     "symbols": [0,1,2,3,4,5,6,7,8,9,10,11,12,13,14,15,16,17,18,19,20,21,22,23,24,25,26,27,28,29,30,31,32,33,34], 
     "tileCount": 65, 
     "tileMaxSize": 5, 
     "tileMinSize": 2, 
     "tiles": [
       [13,16,24,31], 
       [5,21,22], 
       [12,21], 
       [10,12,30], 
       [31,34], 
       [10,15,24], 
       [5,9,18], 
       [5,8,29], 
       [9,16,21], 
       [25,28], 
       [13,23,29], 
       [13,27], 
       [17,20], 
       [28,32], 
       [21,29,34], 
       [7,29], 
       [9,13,31], 
       [3,6,15,25], 
       [5,14], 
       [10,25], 
       [8,11,25], 
       [3,33], 
       [24,26], 
       [2,6,8,25], 
       [10,20,26], 
       [8,15,17,25], 
       [5,9,29,31], 
       [5,15,24], 
       [22,26,30], 
       [1,3,9,10], 
       [4,7,11,34], 
       [5,18,25,31], 
       [15,27], 
       [15,30], 
       [15,16], 
       [2,10,14,26], 
       [10,14,28], 
       [4,17,29], 
       [2,8,22,23], 
       [5,17,24], 
       [10,11,21,31], 
       [16,22,28,31,33], 
       [6,18,19,22], 
       [6,9], 
       [12,31], 
       [3,16,34], 
       [28,34], 
       [9,22,25,29], 
       [7,8,12,30], 
       [2,19], 
       [19,24], 
       [14,31,32], 
       [2,16,24,28], 
       [4,11,33], 
       [0,10,12], 
       [14,29], 
       [14,33], 
       [1,9,14], 
       [12,27,34], 
       [3,4,29], 
       [29,32], 
       [0,24,27], 
       [3,28], 
       [5,20], 
       [2,6,7,8,32]
     ], 
     "times": {
       "BestFusion": 0.05, 
       "FirstFit": 0.06, 
       "GeneticGroup": 45.74, 
       "GeneticStandard": 4.55, 
       "OverloadAndRemove": 0.21, 
       "OverloadAndRemovePresort": 0.26
     }
   }, 
   {
     "approximation": "GeneticGroup [2015-11-05 20:25:46]", 
     "avgMultiplicity": 12.51, 
     "capacity": 15, 
     "category": "gauss", 
     "lowerBound": 3, 
     "pageCount": 17, 
     "pages": [
       [0,3,6,9,12,13,14,16,20,21,22,26,29,30,33], 
       [0,1,6,7,12,15,16,19,20,22,23,25,26,28,33], 
       [1,4,5,13,14,15,16,17,18,20,21,24,25,28,34], 
       [0,1,5,7,8,12,13,14,15,17,22,25,26,30,33], 
       [2,4,7,9,10,14,16,19,23,24,25,26,31,32,33], 
       [1,2,4,6,7,9,11,17,18,20,21,23,30,31,33], 
       [2,3,6,8,9,16,17,26,27,28,29,30,31,34], 
       [1,2,3,4,6,12,14,16,20,21,23,26,27,29,33], 
       [2,3,5,10,11,12,14,17,18,21,22,25,29,30,31], 
       [0,2,5,6,10,11,14,16,19,21,25,28,29,32,34], 
       [0,1,4,6,7,8,12,17,19,21,22,25,30,33,34], 
       [0,8,9,10,11,12,13,14,15,20,25,26,27,32,33], 
       [1,3,6,9,11,12,15,16,20,24,27,28,29,30,32], 
       [2,5,7,11,13,15,17,18,19,22,25,27,28,31,33], 
       [0,1,2,6,7,9,11,12,15,19,24,28,29,32], 
       [4,5,9,10,13,16,19,20,22,24,28,29,31,33,34], 
       [2,3,5,8,10,11,13,17,22,23,24,25,27,29,33]
     ], 
     "paginations": [
       [2,22,30,60,44,57], 
       [20,26,45,53,49], 
       [40,47,28,63,34], 
       [12,13,48], 
       [64,16,43], 
       [58,7,41], 
       [10,24,55,52], 
       [54,27,36,33], 
       [29,62,11], 
       [19,37,15,59,42], 
       [35,1,8,61], 
       [18,6,14], 
       [38,32,46], 
       [56,3,21,39], 
       [51,4,9], 
       [0,25,23], 
       [5,17,50,31]
     ], 
     "properSymbolCount": 0, 
     "solvers": {
       "BestFusion": 23, 
       "FirstFit": 24, 
       "GeneticGroup": 17, 
       "GeneticStandard": 21, 
       "OverloadAndRemove": 19, 
       "OverloadAndRemovePresort": 20
     }, 
     "symbolCount": 35, 
     "symbols": [0,1,2,3,4,5,6,7,8,9,10,11,12,13,14,15,16,17,18,19,20,21,22,23,24,25,26,27,28,29,30,31,32,33,34], 
     "tileCount": 65, 
     "tileMaxSize": 9, 
     "tileMinSize": 4, 
     "tiles": [
       [5,10,19,20,22,28,29], 
       [0,8,21,22], 
       [3,9,16,21,22,26,30], 
       [2,5,7,11,18,19,22,27,33], 
       [0,1,7,11,12,19,29], 
       [2,11,17,23,24,25,33], 
       [9,10,15,26,32,33], 
       [1,2,4,6,21,31,33], 
       [0,1,7,8,17,19,25,33], 
       [0,6,9,15,24,28,29], 
       [8,16,26,27,28,30], 
       [2,12,22,25,29,30], 
       [1,12,13,14,15,22], 
       [1,5,7,15,17,22,25,26,30], 
       [0,9,11,12,14,25], 
       [2,14,19,21,25,28], 
       [2,4,7,9,14,24,26,31,32], 
       [2,3,5,8,10,22,23], 
       [8,10,13,14,20,27], 
       [5,10,14,16,25,29], 
       [6,7,12,20,26], 
       [15,19,25,27,28,31], 
       [0,3,9,13,20,21,22,26], 
       [5,9,10,13,16,28,33], 
       [2,3,6,27,30,34], 
       [4,9,19,20,24,28,31,34], 
       [0,1,6,16,20,22,23,25], 
       [4,12,14,16,21,33], 
       [4,5,16,17,34], 
       [3,10,14,18,21,30,31], 
       [3,6,16,22,29,30], 
       [3,5,13,25,27,29], 
       [1,3,6,9,20,24,28,30], 
       [1,6,12,21,27,29,33], 
       [1,4,13,21,24,25], 
       [1,4,6,7,12,25,34], 
       [2,3,12,14,16,23,27,33], 
       [0,5,6,10,16,19,32], 
       [3,6,9,11,12,16,20,28], 
       [2,13,18,28,31], 
       [5,13,18,20,21,34], 
       [6,17,18,31], 
       [0,2,11,16,19], 
       [4,10,19,25,31], 
       [6,14,21,22,29,30,33], 
       [1,6,7,23,25,28], 
       [1,9,11,15,20,24,27,29,32], 
       [1,5,15,16,17,28], 
       [0,5,8,13,25,30,33], 
       [0,6,12,19,22,26,33], 
       [2,11,13,27,29,33], 
       [0,2,11,12,24,32], 
       [2,8,9,17,29,34], 
       [1,7,12,15,19,25], 
       [3,20,23,26,27], 
       [3,8,9,17,29,31], 
       [7,11,15,17,19,22,28,31,33], 
       [6,9,13,14,22,33], 
       [2,7,9,11,18,20,21,23,30], 
       [0,5,16,19,21,28,34], 
       [6,9,12,21,30,33], 
       [4,6,8,12,21,22,25,30], 
       [3,5,10,11,12,17,18,25,29], 
       [4,13,14,15,16,17,20,25], 
       [7,10,14,16,19,23,25,26,33]
     ], 
     "times": {
       "BestFusion": 0.04, 
       "FirstFit": 0.03, 
       "GeneticGroup": 58.03, 
       "GeneticStandard": 5.43, 
       "OverloadAndRemove": 0.75, 
       "OverloadAndRemovePresort": 0.73
     }
   }, 
   {
     "approximation": "GeneticGroup [2014-10-29 17:45:24]", 
     "avgMultiplicity": 5.03, 
     "capacity": 15, 
     "category": "gauss", 
     "lowerBound": 3, 
     "pageCount": 5, 
     "pages": [
       [0,3,4,9,12,14,15,17,21,22,23,24,25,32,34], 
       [3,10,12,13,14,15,16,19,20,21,27,28,30,33,34], 
       [1,2,6,8,9,11,14,18,19,22,25,29,31,33,34], 
       [1,2,5,7,11,12,20,23,24,25,26,27,28,30,31], 
       [0,1,3,4,5,6,8,11,13,16,18,27,30,33]
     ], 
     "paginations": [
       [45,3,4,14,53,11,17,42,54,7,46,38,44,22,48,2,52,15], 
       [13,35,56,27,39,23,41,25,33,51,36,61,0], 
       [26,1,18,59,8,19,62,32,60,55,58,21,9,47,34,50,49,40], 
       [63,57,30,31,43,5,6,37,12], 
       [20,24,10,28,16,29,64]
     ], 
     "properSymbolCount": 0, 
     "solvers": {
       "BestFusion": 6, 
       "FirstFit": 8, 
       "GeneticGroup": 5, 
       "GeneticStandard": 7, 
       "OverloadAndRemove": 6, 
       "OverloadAndRemovePresort": 6
     }, 
     "symbolCount": 35, 
     "symbols": [0,1,2,3,4,5,6,7,8,9,10,11,12,13,14,15,16,17,18,19,20,21,22,23,24,25,26,27,28,29,30,31,32,33,34], 
     "tileCount": 65, 
     "tileMaxSize": 5, 
     "tileMinSize": 2, 
     "tiles": [
       [10,34], 
       [1,14,19], 
       [3,24,32], 
       [21,25], 
       [3,4,17], 
       [2,20,26], 
       [12,28,30,31], 
       [0,17], 
       [18,25], 
       [9,19,29], 
       [4,5,33], 
       [3,4,12], 
       [25,26,28], 
       [13,33], 
       [3,9,14], 
       [24,34], 
       [0,5,11], 
       [17,24], 
       [2,6,9], 
       [2,18], 
       [1,16,18], 
       [11,29], 
       [9,34], 
       [21,28,34], 
       [0,3,6], 
       [12,13], 
       [8,18,33], 
       [3,19,20,27,30], 
       [13,18,30], 
       [0,27], 
       [5,7,24], 
       [2,7,20], 
       [2,8], 
       [13,14,15,19,27], 
       [9,11], 
       [14,21,33], 
       [12,16,28], 
       [11,26,27], 
       [21,22,32], 
       [10,16], 
       [1,22,25,33], 
       [10,15], 
       [23,34], 
       [1,12,24], 
       [0,23,32], 
       [12,15,32], 
       [14,15,21], 
       [1,6,22], 
       [9,12,32], 
       [22,31], 
       [18,31], 
       [16,33], 
       [9,14,24], 
       [0,25], 
       [9,23], 
       [19,25,33,34], 
       [16,19,20,28], 
       [20,23], 
       [8,11,25,31], 
       [6,8], 
       [14,18], 
       [15,28], 
       [2,11,14], 
       [24,30], 
       [4,8]
     ], 
     "times": {
       "BestFusion": 0.06, 
       "FirstFit": 0.03, 
       "GeneticGroup": 46.13, 
       "GeneticStandard": 4.26, 
       "OverloadAndRemove": 0.17, 
       "OverloadAndRemovePresort": 0.2
     }
   }, 
   {
     "approximation": "GeneticGroup [2014-10-29 17:45:24]", 
     "avgMultiplicity": 12.49, 
     "capacity": 15, 
     "category": "gauss", 
     "lowerBound": 3, 
     "pageCount": 17, 
     "pages": [
       [1,5,6,7,8,12,18,19,20,21,23,24,25,28,34], 
       [0,2,8,12,14,19,21,22,23,25,26,27,29,31,32], 
       [3,4,6,8,9,15,16,17,18,23,26,27,28,32], 
       [1,6,8,9,10,11,12,15,16,21,27,28,32,33,34], 
       [0,1,5,9,12,14,15,17,21,25,28,29,30,32,34], 
       [1,2,4,7,11,12,14,17,19,20,23,24,30,31], 
       [2,7,9,10,11,12,13,15,16,19,28,29,31,32,33], 
       [0,1,2,7,8,10,13,15,16,18,21,25,29,31,33], 
       [2,3,4,5,6,8,9,14,18,19,20,22,26,30,32], 
       [2,3,4,9,12,18,19,21,24,25,28,29,30,32,33], 
       [0,3,5,7,9,10,14,15,18,23,24,27,30,31,34], 
       [2,3,6,15,17,18,19,20,21,22,24,27,28,33,34], 
       [0,3,6,7,16,17,18,19,22,24,25,27,28,29,34], 
       [2,6,8,9,10,11,17,18,19,20,22,23,25,29,30], 
       [0,2,5,6,7,8,13,14,16,18,20,27,29,30,31], 
       [2,3,4,7,10,14,17,18,19,20,22,24,25,26,32], 
       [0,1,8,9,11,12,14,19,24,25,26,27,28,31]
     ], 
     "paginations": [
       [48,19,56,31,59], 
       [39,8,25,13,47], 
       [0,21], 
       [52,18,32,35], 
       [36,12,14], 
       [15,62,38], 
       [57,49,64,9], 
       [11,5,45], 
       [24,6,61,28,26], 
       [37,40,3,7,1], 
       [55,30,2], 
       [46,17,29,44,23], 
       [27,41,20,51], 
       [33,53,50], 
       [63,4,16,42,54], 
       [43,10,22,60], 
       [58,34]
     ], 
     "properSymbolCount": 0, 
     "solvers": {
       "BestFusion": 22, 
       "FirstFit": 22, 
       "GeneticGroup": 17, 
       "GeneticStandard": 21, 
       "OverloadAndRemove": 18, 
       "OverloadAndRemovePresort": 19
     }, 
     "symbolCount": 35, 
     "symbols": [0,1,2,3,4,5,6,7,8,9,10,11,12,13,14,15,16,17,18,19,20,21,22,23,24,25,26,27,28,29,30,31,32,33,34], 
     "tileCount": 65, 
     "tileMaxSize": 10, 
     "tileMinSize": 4, 
     "tiles": [
       [3,16,18,26,27,28,32], 
       [3,4,9,25,28,29], 
       [0,3,9,14,18,31], 
       [2,12,30,32,33], 
       [0,2,5,6,7,8,13,27], 
       [0,2,8,18,29,31,33], 
       [3,5,9,14,18,22,26], 
       [4,12,19,29,33], 
       [0,8,23,25,26,29,32], 
       [7,9,10,15,19,28,33], 
       [4,14,17,18,20,26], 
       [1,2,10,13,15,16,21,33], 
       [5,15,25,28,29,32,34], 
       [0,12,21,22,25,31,32], 
       [0,9,12,15,17,21,28,32], 
       [1,2,4,7,19,24,31], 
       [0,14,18,20,27,30,31], 
       [3,19,22,24,33,34], 
       [1,9,10,12,27,32,34], 
       [7,20,21,28], 
       [17,22,24,25,27,29,34], 
       [4,6,8,9,15,17,23,28], 
       [2,4,7,10,17,19,22,25], 
       [2,15,17,21,24,33,34], 
       [2,6,8,19,20,26,32], 
       [0,2,8,14,21,22,31], 
       [6,9,19,26,30,32], 
       [0,3,16,22,27,28,29,34], 
       [5,6,18,19,22,32], 
       [15,17,18,19,20,28], 
       [14,15,23,24,27,31,34], 
       [8,18,19,21,23,34], 
       [1,6,9,11,12,15,28,33], 
       [2,8,9,10,18,19,20,30], 
       [9,11,14,25,27,28,31], 
       [1,6,11,15,16,21,32], 
       [0,1,9,14,15,25,28,29,30], 
       [18,21,24,30,32], 
       [7,11,14,17,23,24], 
       [14,19,21,22,26], 
       [3,21,25,28,29,30,32], 
       [0,7,17,19,27,28,34], 
       [2,6,7,13,14,16,20,30], 
       [4,10,14,22,24,32], 
       [6,20,21,27,33], 
       [2,7,8,13,16,25,29,31,33], 
       [17,18,20,21,22,27], 
       [2,8,19,21,27,29,32], 
       [1,6,8,12,18,19,20,24,25], 
       [11,12,13,16,28,29,31], 
       [6,8,9,29,30], 
       [0,6,18,24,25,29,34], 
       [8,12,21,27,33,34], 
       [2,6,11,17,18,22,23,25], 
       [2,6,8,27,29], 
       [3,5,7,10,15,30,31], 
       [5,18,20,21,23,24,28], 
       [2,7,12,16,19,28,29], 
       [0,1,8,11,12,19,24,26,27,31], 
       [1,5,6,7,18,24,34], 
       [3,7,14,24,26,32], 
       [3,4,8,19,20,26], 
       [2,4,11,12,17,20,30], 
       [5,13,30,31], 
       [7,15,29,32]
     ], 
     "times": {
       "BestFusion": 0.04, 
       "FirstFit": 0.03, 
       "GeneticGroup": 58.27, 
       "GeneticStandard": 4.85, 
       "OverloadAndRemove": 0.76, 
       "OverloadAndRemovePresort": 0.69
     }
   }, 
   {
     "approximation": "OverloadAndRemove [2014-10-28 13:17:58]", 
     "avgMultiplicity": 5.26, 
     "capacity": 15, 
     "category": "gauss", 
     "lowerBound": 3, 
     "pageCount": 6, 
     "pages": [
       [2,3,4,10,11,12,13,19,21,24,25,27,28,29,33], 
       [0,8,9,13,14,15,19,25,26,27,28,30,31,32,34], 
       [2,4,5,7,13,20,21,23,25,26,28,30,31,32,33], 
       [4,5,7,9,12,13,14,15,17,19,20,21,22,30,32], 
       [1,3,6,7,9,10,14,17,18,20,22,27,29,32,33], 
       [0,4,6,7,12,14,16,18,20,23,24,29,33,34]
     ], 
     "paginations": [
       [3,5,7,14,18,20,26,28,31,33,35,39,46,51,55,17], 
       [1,63,11,30,49,25,0,54,32,60], 
       [2,53,56,8,10,61,12,47,38], 
       [4,15,21,23,24,34,52,64,19,40], 
       [6,9,42,48,58,29,22,37,44,43,16,41,13], 
       [45,27,57,50,36,59,62]
     ], 
     "properSymbolCount": 0, 
     "solvers": {
       "BestFusion": 7, 
       "FirstFit": 8, 
       "GeneticGroup": 6, 
       "GeneticStandard": 7, 
       "OverloadAndRemove": 6, 
       "OverloadAndRemovePresort": 6
     }, 
     "symbolCount": 35, 
     "symbols": [0,1,2,3,4,5,6,7,8,9,10,11,12,13,14,15,16,17,18,19,20,21,22,23,24,25,26,27,28,29,30,31,32,33,34], 
     "tileCount": 65, 
     "tileMaxSize": 5, 
     "tileMinSize": 2, 
     "tiles": [
       [0,15], 
       [20,28,31], 
       [22,33], 
       [0,7,16,24], 
       [5,22], 
       [4,21,25,29], 
       [14,24,33], 
       [4,10,33], 
       [11,19,27,33], 
       [16,20,24,34], 
       [10,21], 
       [25,32], 
       [6,12,16,23], 
       [13,14,15,21], 
       [5,7,12], 
       [20,26], 
       [2,3,21], 
       [21,24], 
       [5,20,21], 
       [3,9], 
       [26,34], 
       [15,32], 
       [4,25,26], 
       [1,10,20], 
       [20,22,29,32], 
       [8,31], 
       [6,7], 
       [16,18,20], 
       [3,6], 
       [11,13], 
       [12,13], 
       [4,14,16], 
       [17,18], 
       [3,29,33], 
       [15,20], 
       [10,11], 
       [3,10,28], 
       [2,12,25,29], 
       [4,29,34], 
       [7,15,19], 
       [7,14,17], 
       [4,9,20,30], 
       [10,14], 
       [1,6,33], 
       [2,13,28], 
       [7,32], 
       [3,11,19,24,25], 
       [8,14], 
       [2,13,30], 
       [19,25,28,30], 
       [3,22], 
       [0,9,32], 
       [21,26], 
       [9,12,17,32], 
       [15,27], 
       [9,22,27], 
       [5,13,33], 
       [2,5,23,28], 
       [2,19,29], 
       [4,14,32], 
       [7,21,22,30], 
       [25,27], 
       [6,9,29], 
       [13,26,31], 
       [6,22]
     ], 
     "times": {
       "BestFusion": 0.06, 
       "FirstFit": 0.04, 
       "GeneticGroup": 43.65, 
       "GeneticStandard": 4.35, 
       "OverloadAndRemove": 0.21, 
       "OverloadAndRemovePresort": 0.23
     }
   }, 
   {
     "approximation": "GeneticGroup [2015-11-05 20:25:46]", 
     "avgMultiplicity": 12.51, 
     "capacity": 15, 
     "category": "gauss", 
     "lowerBound": 3, 
     "pageCount": 17, 
     "pages": [
       [0,1,4,5,6,7,11,14,18,23,24,28,29,32,34], 
       [5,8,9,12,14,15,17,18,19,20,25,27,30,33,34], 
       [3,5,6,19,20,21,22,23,24,25,26,28,29,30,32], 
       [0,2,3,4,9,11,12,14,15,17,18,21,27,28,31], 
       [0,2,5,7,10,13,15,16,18,19,20,23,30,31,33], 
       [0,1,3,5,6,8,12,13,14,15,19,23,25,33,34], 
       [1,2,4,6,8,9,10,12,14,16,21,23,26,30,34], 
       [0,1,2,10,12,15,18,19,23,24,26,28,30,33,34], 
       [2,10,11,12,13,16,18,20,21,23,25,27,29,31,32], 
       [1,2,6,7,10,14,18,23,25,26,27,30,31,33,34], 
       [0,1,2,4,5,6,16,17,19,21,23,24,25,30,31], 
       [1,5,8,10,11,12,14,16,21,26,27,30,31,32,34], 
       [3,4,7,8,11,12,13,16,18,20,23,24,28,29,32], 
       [5,6,13,15,17,22,23,24,27,28,29,30,31,32,33], 
       [2,3,7,8,9,13,14,16,17,18,19,20,29,31,34], 
       [0,1,4,6,7,9,10,13,17,20,21,22,23,24,33], 
       [0,1,2,9,10,16,17,19,20,25,26,29,30,31,33]
     ], 
     "paginations": [
       [49,51,44,55], 
       [1,14,63,3], 
       [9,54,21,20,58], 
       [5,33,39], 
       [48,37,6], 
       [36,35,18,64], 
       [25,32,28], 
       [27,8,61], 
       [38,53,56,23], 
       [43,45,50,17], 
       [12,4,31,10], 
       [60,11,16], 
       [41,34,22], 
       [15,40,30,19,62], 
       [7,24,52,47], 
       [29,59,26,42], 
       [13,46,2,57,0]
     ], 
     "properSymbolCount": 0, 
     "solvers": {
       "BestFusion": 22, 
       "FirstFit": 23, 
       "GeneticGroup": 17, 
       "GeneticStandard": 21, 
       "OverloadAndRemove": 18, 
       "OverloadAndRemovePresort": 19
     }, 
     "symbolCount": 35, 
     "symbols": [0,1,2,3,4,5,6,7,8,9,10,11,12,13,14,15,16,17,18,19,20,21,22,23,24,25,26,27,28,29,30,31,32,33,34], 
     "tileCount": 65, 
     "tileMaxSize": 10, 
     "tileMinSize": 3, 
     "tiles": [
       [9,16,17,20,25,30,31], 
       [5,12,15,27,33,34], 
       [1,2,17,19,26,29,30,31], 
       [8,9,18,20,30,33,34], 
       [0,1,6,21,25,30,31], 
       [9,14,15,21,27,28,31], 
       [5,7,15,19,20,30,31,33], 
       [3,13,14,17,18,20,31], 
       [10,12,18,26,28,34], 
       [5,6,20,22,25,29], 
       [2,4,6,16,19,24,25,30], 
       [1,5,8,10,26,27], 
       [4,5,16,17,21,23,24], 
       [0,1,10,19,29,30], 
       [5,15,17,19,20,25,27], 
       [13,27,30,32,33], 
       [1,8,12,14,30,31,34], 
       [1,2,7,14,23,27,34], 
       [6,8,12,15,23,25,33,34], 
       [6,13,15,23,24,29,33], 
       [19,21,22,24,25,28,30], 
       [3,5,22,26,32], 
       [3,4,8,13,18,20,32], 
       [11,13,20,23,27,29,31], 
       [3,7,8,29,31,34], 
       [6,9,14,26,34], 
       [7,9,10,21,22,24], 
       [0,1,15,19,24,26,33], 
       [1,2,4,12,14,16,21], 
       [1,6,7,10,13,17], 
       [5,13,24,29,32], 
       [1,2,6,16,17,19,21,31], 
       [2,4,8,9,10,14,23,30], 
       [2,4,9,11,12,15,17,27], 
       [4,7,8,12,16,20,28,29,32], 
       [6,12,14,15], 
       [0,1,3,5,12,14,23,25], 
       [2,10,13,18,19,23], 
       [2,11,23,27,29,31,32], 
       [0,2,3,9,11,18,28,31], 
       [5,6,17,22,29,30,33], 
       [7,11,12,16,18,23,24,32], 
       [4,7,10,20,21,23,33], 
       [7,14,25,26,27,30,33], 
       [1,5,6,7,18,28,34], 
       [2,6,7,10,25,30,31,33], 
       [2,9,10,16,17,31], 
       [2,3,7,16,29,34], 
       [0,15,16,18,19,33], 
       [0,1,4,6,23,29], 
       [1,2,10,18,30,34], 
       [0,6,11,18,23], 
       [8,9,13,16,19,31], 
       [2,10,12,13,27,29], 
       [5,6,26], 
       [11,14,24,28,29,32], 
       [2,10,16,18,20,21,25,27], 
       [0,16,17,25,29,31,33], 
       [3,6,19,20,22,23,28,29,30,32], 
       [0,1,10,22,23,33], 
       [1,8,10,11,16,21,26,31,32], 
       [1,2,18,23,30,33], 
       [17,22,23,24,28,31,32,33], 
       [5,8,9,14,19,20,34], 
       [0,8,13,14,19,25]
     ], 
     "times": {
       "BestFusion": 0.04, 
       "FirstFit": 0.03, 
       "GeneticGroup": 58.11, 
       "GeneticStandard": 4.9, 
       "OverloadAndRemove": 0.78, 
       "OverloadAndRemovePresort": 0.76
     }
   }
 ]