[
   {
     "approximation": "GeneticGroup [2014-10-29 14:44:37]", 
     "avgMultiplicity": 4.47, 
     "capacity": 20, 
     "category": "gauss", 
     "lowerBound": 2, 
     "pageCount": 3, 
     "pages": [
       [0,3,5,6,7,8,10,11,14,16,18,20,21,22,23,24,25,26,27,29], 
       [0,1,2,3,4,5,7,9,10,11,12,13,16,19,22,23,25,26,27,28], 
       [0,2,4,6,7,8,9,10,11,14,15,16,17,18,21,22,24,28]
     ], 
     "paginations": [
       [12,4,18,14,2,22,24,23,13,5,0,19], 
       [11,15,7,9,10,1,16,20], 
       [3,8,17,6,21]
     ], 
     "properSymbolCount": 2, 
     "solvers": {
       "BestFusion": 4, 
       "FirstFit": 5, 
       "GeneticGroup": 3, 
       "GeneticStandard": 4, 
       "OverloadAndRemove": 4, 
       "OverloadAndRemovePresort": 4
     }, 
     "symbolCount": 30, 
     "symbols": [0,1,2,3,4,5,6,7,8,9,10,11,12,13,14,15,16,17,18,19,20,21,22,23,24,25,26,27,28,29], 
     "tileCount": 25, 
     "tileMaxSize": 8, 
     "tileMinSize": 2, 
     "tiles": [
       [5,8,10,16,23,26], 
       [1,4,27], 
       [8,11,14,16,20,22], 
       [2,4,8,11,15,16,24], 
       [3,10,18,20,26,27], 
       [0,7,11,14,22,25,29], 
       [7,14,15,18,24,28], 
       [0,1,2,7,11,13,25,27], 
       [0,10,15,17,18,22,28], 
       [2,4,9,26,27], 
       [5,10,19,25,26], 
       [0,12,13,16,23,26], 
       [3,5,6,11,18,20,21], 
       [6,7,18,23,24], 
       [0,14,16,23], 
       [0,2,5,22], 
       [3,12,22,28], 
       [0,4,9,21,24,28], 
       [5,14,16,22,23,24,25,29], 
       [5,7,21,22,27], 
       [7,9,12,16], 
       [6,10,11,28], 
       [3,8,26], 
       [20,29], 
       [7,10,14,23,25,26]
     ], 
     "times": {
       "BestFusion": 0.02, 
       "FirstFit": 0.02, 
       "GeneticGroup": 17.18, 
       "GeneticStandard": 2.55, 
       "OverloadAndRemove": 0.07, 
       "OverloadAndRemovePresort": 0.07
     }
   }, 
   {
     "approximation": "GeneticGroup [2014-10-29 14:44:37]", 
     "avgMultiplicity": 7.33, 
     "capacity": 20, 
     "category": "gauss", 
     "lowerBound": 2, 
     "pageCount": 6, 
     "pages": [
       [3,4,5,6,7,9,11,12,13,14,17,18,19,20,22,23,26,27,28,29], 
       [1,2,5,7,9,11,12,13,15,16,17,18,19,21,22,23,24,25,28,29], 
       [0,5,6,8,10,11,13,14,15,16,17,18,19,20,21,24,25,27,28,29], 
       [0,1,6,7,8,9,11,13,14,15,16,17,20,21,22,23,24,26,28,29], 
       [0,1,2,3,4,5,6,7,8,10,11,12,14,16,18,21,24,26,27,29], 
       [0,3,4,5,13,19,21]
     ], 
     "paginations": [
       [24,18,14], 
       [12,19,21,11,23,22,10], 
       [5,20,8,1,16,17], 
       [2,0,4,13], 
       [6,7,15,3], 
       [9]
     ], 
     "properSymbolCount": 0, 
     "solvers": {
       "BestFusion": 7, 
       "FirstFit": 7, 
       "GeneticGroup": 6, 
       "GeneticStandard": 7, 
       "OverloadAndRemove": 7, 
       "OverloadAndRemovePresort": 7
     }, 
     "symbolCount": 30, 
     "symbols": [0,1,2,3,4,5,6,7,8,9,10,11,12,13,14,15,16,17,18,19,20,21,22,23,24,25,26,27,28,29], 
     "tileCount": 25, 
     "tileMaxSize": 12, 
     "tileMinSize": 5, 
     "tiles": [
       [0,1,8,13,16,22,24,28], 
       [6,8,14,15,16,17,20,25,27,28,29], 
       [1,6,7,15,20,21,22,26,28,29], 
       [0,1,4,6,11,12,18,27], 
       [1,6,9,11,13,14,16,20,23], 
       [6,8,11,14,17,18,21], 
       [0,2,3,4,10,18,21,26,27,29], 
       [4,5,7,11,12,18,24,26,27], 
       [5,6,10,13,15,18,19,20,29], 
       [0,3,4,5,13,19,21], 
       [1,9,15,16,18,19,21,25,28,29], 
       [2,5,7,12,16,19,24,25], 
       [1,12,13,16,19,23,25,29], 
       [1,9,11,14,16,17,20,23,24,26], 
       [3,6,7,11,12,13,14,19,22,23,28], 
       [1,2,4,5,8,11,14,16,21], 
       [0,17,21,27,28], 
       [11,13,14,15,18,19,21,24,25,28], 
       [3,4,5,7,14,18,20,27,29], 
       [5,9,11,12,16,17,19,21,22,25,29], 
       [5,8,10,17,18,25,29], 
       [9,12,16,28,29], 
       [1,5,7,11,15,19,21,24,29], 
       [2,7,9,11,12,17,23,24], 
       [4,5,9,13,14,17,19,20,23,26,27,29]
     ], 
     "times": {
       "BestFusion": 0.02, 
       "FirstFit": 0.02, 
       "GeneticGroup": 26.75, 
       "GeneticStandard": 2.48, 
       "OverloadAndRemove": 0.13, 
       "OverloadAndRemovePresort": 0.11
     }
   }, 
   {
     "approximation": "GeneticGroup [2014-10-29 14:44:37]", 
     "avgMultiplicity": 4.43, 
     "capacity": 20, 
     "category": "gauss", 
     "lowerBound": 2, 
     "pageCount": 3, 
     "pages": [
       [3,5,6,7,8,9,11,13,14,15,16,17,18,19,22,23,24,26,27,29], 
       [0,1,2,3,4,5,8,10,11,12,13,14,17,18,20,22,23,24,25,26], 
       [2,3,5,6,7,9,10,14,16,19,20,21,22,26,28]
     ], 
     "paginations": [
       [21,11,14,7,19,10,24,4,13,16,23], 
       [8,2,20,15,5,0,18,22,1,9,12], 
       [3,6,17]
     ], 
     "properSymbolCount": 1, 
     "solvers": {
       "BestFusion": 4, 
       "FirstFit": 4, 
       "GeneticGroup": 3, 
       "GeneticStandard": 4, 
       "OverloadAndRemove": 4, 
       "OverloadAndRemovePresort": 4
     }, 
     "symbolCount": 30, 
     "symbols": [0,1,2,3,4,5,6,7,8,9,10,11,12,13,14,15,16,17,18,19,20,21,22,23,24,25,26,27,28,29], 
     "tileCount": 25, 
     "tileMaxSize": 9, 
     "tileMinSize": 2, 
     "tiles": [
       [4,20,23,26], 
       [0,22], 
       [3,4,8,11,17,20,25], 
       [2,5,6,9,10,20,21], 
       [7,14,15,16,17,19,27,29], 
       [1,2,5,10,17], 
       [3,5,7,14,16,21,26,28], 
       [13,19,24], 
       [4,5,10,13,24], 
       [1,12,13], 
       [5,8,13,15,23,24], 
       [9,22,23,27], 
       [0,3,10,12,13,14,26], 
       [5,9,11,26,27], 
       [3,5,7,9,17,18,23,26], 
       [10,17,18,23,26], 
       [7,11,15], 
       [2,19,20,21,22], 
       [5,12,17,20], 
       [3,5,6,8,14,18,22,26,27], 
       [0,3,5,12,25,26], 
       [13,17,23,24,27], 
       [10,12,23], 
       [6,23,24,26,29], 
       [5,6,7,26,27,29]
     ], 
     "times": {
       "BestFusion": 0.02, 
       "FirstFit": 0.02, 
       "GeneticGroup": 17.93, 
       "GeneticStandard": 2.27, 
       "OverloadAndRemove": 0.07, 
       "OverloadAndRemovePresort": 0.07
     }
   }, 
   {
     "approximation": "OverloadAndRemove [2014-10-28 14:57:10]", 
     "avgMultiplicity": 8.0, 
     "capacity": 20, 
     "category": "gauss", 
     "lowerBound": 2, 
     "pageCount": 7, 
     "pages": [
       [0,2,3,4,5,8,10,12,13,15,16,18,19,20,21,22,23,26,28,29], 
       [0,1,5,6,7,10,11,13,14,15,18,19,20,21,23,25,26,27,28,29], 
       [0,1,2,4,5,6,7,11,12,14,16,17,19,21,22,25,26,27,28,29], 
       [0,1,2,3,4,8,9,10,11,15,17,18,19,20,21,22,24,26,27,28], 
       [0,3,4,5,6,7,8,9,12,14,15,17,20,22,23,24,25,26,28,29], 
       [1,3,6,10,13,14,15,16,17,18,19,20,22,23,24,25,27,28], 
       [0,1,2,3,4,6,7,9,10,13,16,17,18,19,21,24,25,26,27,28]
     ], 
     "paginations": [
       [7,8,9,20,21], 
       [2,5,13,16,18], 
       [10,19,24,4], 
       [0,15,17], 
       [11,12,1], 
       [6,22], 
       [3,14,23]
     ], 
     "properSymbolCount": 0, 
     "solvers": {
       "BestFusion": 8, 
       "FirstFit": 8, 
       "GeneticGroup": 7, 
       "GeneticStandard": 7, 
       "OverloadAndRemove": 7, 
       "OverloadAndRemovePresort": 8
     }, 
     "symbolCount": 30, 
     "symbols": [0,1,2,3,4,5,6,7,8,9,10,11,12,13,14,15,16,17,18,19,20,21,22,23,24,25,26,27,28,29], 
     "tileCount": 25, 
     "tileMaxSize": 13, 
     "tileMinSize": 5, 
     "tiles": [
       [0,1,3,4,9,10,11,18,19,20,21,26,27], 
       [3,14,15,17,20,22,23,25,26], 
       [1,5,6,11,13,15,19,21,23,27,29], 
       [0,2,7,10,13,16,17,18,21,27], 
       [0,4,5,6,12,21,22,26,27,28], 
       [6,7,19,25,29], 
       [1,6,10,14,16,17,19,20,22,24,27,28], 
       [10,12,13,16,19,23,26], 
       [0,2,3,5,15,18,19,22,23,26], 
       [3,5,8,10,13,16,19,20,23,28], 
       [1,2,5,7,12,14,16,21,28], 
       [4,5,7,9,14,22,23,24,26,28,29], 
       [0,5,6,8,9,12,23,28,29], 
       [0,1,6,7,11,13,15,18,21,27], 
       [0,1,2,3,4,7,9,13,17,28], 
       [0,8,10,11,17,18,20,21,22,28], 
       [6,10,11,18,19,20,21,23,27], 
       [0,1,2,15,17,18,19,20,21,24,28], 
       [1,7,14,15,19,21,23,26,27,28], 
       [2,6,7,14,22,27,28,29], 
       [2,4,8,10,15,16,19,21,29], 
       [0,2,12,16,21,26,28], 
       [1,3,10,13,14,15,16,18,23,25], 
       [6,7,9,16,18,19,24,25,26,27,28], 
       [2,7,11,14,17,19,21,25,28]
     ], 
     "times": {
       "BestFusion": 0.02, 
       "FirstFit": 0.02, 
       "GeneticGroup": 29.25, 
       "GeneticStandard": 2.55, 
       "OverloadAndRemove": 0.13, 
       "OverloadAndRemovePresort": 0.15
     }
   }, 
   {
     "approximation": "GeneticGroup [2014-10-29 14:44:37]", 
     "avgMultiplicity": 11.53, 
     "capacity": 20, 
     "category": "gauss", 
     "lowerBound": 2, 
     "pageCount": 12, 
     "pages": [
       [1,2,3,4,5,7,8,9,10,11,13,14,15,16,17,18,22,23,26,29], 
       [0,2,3,4,5,9,10,11,12,14,16,17,18,19,21,22,24,28,29], 
       [0,1,2,5,6,7,9,10,13,15,16,18,20,21,22,23,25,26,28], 
       [1,3,4,5,6,7,9,11,14,15,17,20,21,22,24,25,27,28,29], 
       [0,2,4,6,7,8,9,10,11,12,14,15,17,19,21,23,24,25,26,27], 
       [1,2,4,6,7,9,10,12,13,14,15,16,17,18,21,23,24,27,28,29], 
       [2,3,4,5,6,8,10,12,13,17,18,22,23,24,26,27,28,29], 
       [0,1,3,4,5,6,8,9,13,15,16,17,18,19,21,23,25,27,28,29], 
       [0,4,6,8,9,10,11,12,15,19,20,21,23,24,26,27,28,29], 
       [0,1,2,5,10,11,12,13,14,15,16,19,20,21,22,23,27,28,29], 
       [0,1,3,5,6,9,10,11,12,14,15,16,22,24,29], 
       [0,1,3,4,6,7,10,11,13,14,15,17,18,19,21,22,25,26,27,28]
     ], 
     "paginations": [
       [18,7], 
       [17,20], 
       [2,0], 
       [12,8], 
       [13,3], 
       [10,14], 
       [24,22], 
       [21,23], 
       [9,5,16], 
       [19,11], 
       [4], 
       [1,6,15]
     ], 
     "properSymbolCount": 0, 
     "solvers": {
       "BestFusion": 14, 
       "FirstFit": 14, 
       "GeneticGroup": 12, 
       "GeneticStandard": 13, 
       "OverloadAndRemove": 15, 
       "OverloadAndRemovePresort": 15
     }, 
     "symbolCount": 30, 
     "symbols": [0,1,2,3,4,5,6,7,8,9,10,11,12,13,14,15,16,17,18,19,20,21,22,23,24,25,26,27,28,29], 
     "tileCount": 25, 
     "tileMaxSize": 17, 
     "tileMinSize": 9, 
     "tiles": [
       [0,2,6,7,10,15,16,18,20,21,22,23,25,28], 
       [0,1,6,7,10,11,13,14,15,18,19,21,25,27], 
       [0,1,2,5,9,13,15,21,22,23,25,26], 
       [0,4,7,9,10,11,12,17,19,21,23,25,27], 
       [0,1,3,5,6,9,10,11,12,14,15,16,22,24,29], 
       [0,6,8,9,11,12,21,23,26,27,28,29], 
       [1,3,7,10,11,13,17,18,19,21,25,26,27,28], 
       [1,2,5,7,8,9,10,16,17,18,22,23,26,29], 
       [1,4,5,6,7,9,11,14,17,20,21,25,27,28,29], 
       [0,4,6,8,10,11,12,15,19,20,21,27,28], 
       [1,2,6,7,9,13,14,15,16,17,18,21,23,24,27,28,29], 
       [0,5,12,13,15,21,22,27,28], 
       [3,4,6,7,9,11,15,17,20,22,24,25,28,29], 
       [0,2,4,6,7,8,10,11,14,15,17,19,24,25,26,27], 
       [2,4,6,7,10,12,13,14,15,21,23,24,27,29], 
       [4,10,11,13,15,17,18,21,22,25,26,27], 
       [0,4,6,8,9,11,12,15,19,20,21,24,26,29], 
       [0,2,3,5,10,16,17,19,22,24,28,29], 
       [3,4,7,8,11,13,14,15,16,18,22,26,29], 
       [0,1,2,10,11,12,13,14,16,19,20,21,22,23,27,29], 
       [2,4,5,9,10,11,12,14,16,17,18,19,21,22,28,29], 
       [0,1,3,4,6,8,9,13,15,16,17,19,21,23,27], 
       [2,4,6,8,10,13,22,23,24,27,28,29], 
       [0,3,4,5,6,15,16,17,18,19,21,25,28,29], 
       [2,3,5,6,8,10,12,13,17,18,22,23,24,26,27,28]
     ], 
     "times": {
       "BestFusion": 0.02, 
       "FirstFit": 0.02, 
       "GeneticGroup": 35.75, 
       "GeneticStandard": 2.91, 
       "OverloadAndRemove": 0.24, 
       "OverloadAndRemovePresort": 0.23
     }
   }, 
   {
     "approximation": "OverloadAndRemovePresort [2014-10-28 14:57:10]", 
     "avgMultiplicity": 4.07, 
     "capacity": 20, 
     "category": "gauss", 
     "lowerBound": 2, 
     "pageCount": 3, 
     "pages": [
       [0,1,4,5,7,8,9,10,12,13,14,16,17,19,21,22,24,25,26,29], 
       [1,2,4,6,9,10,11,12,13,15,18,19,20,21,22,24,27,28,29], 
       [0,2,3,5,6,7,8,11,12,13,14,16,18,21,22,23,25,26,27,28]
     ], 
     "paginations": [
       [4,7,8,15,3,5,9,12,16,17,20], 
       [22,19,21,0,10,23,2,11], 
       [1,14,18,24,6,13]
     ], 
     "properSymbolCount": 1, 
     "solvers": {
       "BestFusion": 4, 
       "FirstFit": 4, 
       "GeneticGroup": 3, 
       "GeneticStandard": 3, 
       "OverloadAndRemove": 3, 
       "OverloadAndRemovePresort": 3
     }, 
     "symbolCount": 30, 
     "symbols": [0,1,2,3,4,5,6,7,8,9,10,11,12,13,14,15,16,17,18,19,20,21,22,23,24,25,26,27,28,29], 
     "tileCount": 25, 
     "tileMaxSize": 8, 
     "tileMinSize": 2, 
     "tiles": [
       [4,12,20,21,22], 
       [2,6,14,16,23,27], 
       [2,10,15], 
       [0,1,9,17,25], 
       [5,7,14,19,21,22,26], 
       [9,10,19,26], 
       [5,8,18,21,22,23,25], 
       [1,5,10,19,25,26], 
       [0,5,19,24,26,29], 
       [4,7,9,25], 
       [1,4,12,20,28], 
       [2,11,18], 
       [4,14,17], 
       [11,23,25], 
       [2,12,14,18,26,28], 
       [1,12,13,22,25,26], 
       [8,12,14], 
       [5,16,19], 
       [0,3,5,7,14,16], 
       [4,10,13,21,27,29], 
       [14,29], 
       [2,4,9,21,22,24], 
       [1,9,10,11,19,20,21,29], 
       [1,2,6,12,21], 
       [0,3,13,18]
     ], 
     "times": {
       "BestFusion": 0.02, 
       "FirstFit": 0.02, 
       "GeneticGroup": 16.0, 
       "GeneticStandard": 2.17, 
       "OverloadAndRemove": 0.07, 
       "OverloadAndRemovePresort": 0.05
     }
   }
 ]