[
   {
     "approximation": "GeneticGroup [2016-02-18 12:52:44]", 
     "avgMultiplicity": 5.58, 
     "capacity": 20, 
     "category": "gauss", 
     "cplexLB": null, 
     "cplexOpt": null, 
     "cplexUB": null, 
     "lowerBound": 2, 
     "pageCount": 9, 
     "pages": [
       [0,2,3,6,7,8,9,12,13,14,21,23,25,26,30,31,33,35,37,39], 
       [0,2,3,8,11,13,16,21,22,23,24,25,26,27,29,32,35,36,37,38], 
       [2,3,4,8,9,12,13,15,16,18,21,23,25,26,27,28,29,31,32,39], 
       [0,4,7,8,9,11,14,15,16,17,21,23,25,28,29,32,34,35,36,38], 
       [1,5,7,9,10,17,19,20,21,22,23,25,26,27,28,31,32,33,37,38], 
       [0,1,2,5,6,7,10,12,14,17,18,20,25,26,32,34,36,37,39], 
       [1,5,10,11,13,20,21,22,24,26,28,30,33,35,38,39], 
       [0,1,2,5,7,8,10,23,26,28,29,30,33,34,35,37], 
       [3,5,8,9,12,13,14,17,19,21,23,25,28,31,33,34,35,36,38]
     ], 
     "paginations": [
       [6,8,5,19], 
       [3,18,13], 
       [17,14], 
       [16,9,7], 
       [2,11], 
       [1,10], 
       [0], 
       [15], 
       [12,4]
     ], 
     "properSymbolCount": 0, 
     "solvers": {
       "BestFusion": 11, 
       "FirstFit": 11, 
       "GeneticGroup": 9, 
       "GeneticStandard": 9, 
       "OverloadAndRemove": 12, 
       "OverloadAndRemovePresort": 12
     }, 
     "symbolCount": 40, 
     "symbols": [0,1,2,3,4,5,6,7,8,9,10,11,12,13,14,15,16,17,18,19,20,21,22,23,24,25,26,27,28,29,30,31,32,33,34,35,36,37,38,39], 
     "tileCount": 20, 
     "tileMaxSize": 16, 
     "tileMinSize": 5, 
     "tiles": [
       [1,5,10,11,13,20,21,22,24,26,28,30,33,35,38,39], 
       [0,5,6,7,10,14,18,20,25,26,32,36], 
       [1,5,7,9,10,17,19,20,21,22,26,27,28,33], 
       [2,11,13,16,21,22,23,25,27,35,36], 
       [8,9,14,17,19,25,31,33,34,35,36,38], 
       [0,2,3,21,23,31,39], 
       [0,7,13,14,21,25,37], 
       [11,23,25,28,29,35], 
       [0,6,8,9,12,13,14,23,26,30,31,35,37,39], 
       [0,4,8,9,16,25,28,38], 
       [1,2,10,12,14,17,25,34,36,37,39], 
       [7,21,22,23,25,27,31,32,37,38], 
       [3,5,12,13,19,21,23,25,28,33,34,35,38], 
       [0,8,22,23,26,35,38], 
       [3,4,12,13,15,16,18,27,28,29,31,32,39], 
       [0,1,2,5,7,8,10,23,26,28,29,30,33,34,35,37], 
       [0,4,7,8,9,14,15,16,17,21,23,29,32,34,35,36], 
       [2,3,8,9,15,16,21,23,25,26,32,39], 
       [2,3,8,11,22,24,26,27,29,32,35,37,38], 
       [9,13,14,25,33]
     ], 
     "times": {
       "BestFusion": 0.02, 
       "FirstFit": 0.02, 
       "GeneticGroup": 26.01, 
       "GeneticStandard": 2.33, 
       "OverloadAndRemove": 0.12, 
       "OverloadAndRemovePresort": 0.13
     }
   }, 
   {
     "approximation": "GeneticGroup [2016-02-18 12:52:44]", 
     "avgMultiplicity": 5.03, 
     "capacity": 20, 
     "category": "gauss", 
     "cplexLB": null, 
     "cplexOpt": null, 
     "cplexUB": null, 
     "lowerBound": 2, 
     "pageCount": 8, 
     "pages": [
       [2,5,7,8,10,11,14,16,17,18,19,22,25,26,27,32,33,34,35,36], 
       [0,2,5,6,7,8,12,14,16,20,24,25,27,29,30,33,35,37,39], 
       [0,1,8,9,12,13,14,16,19,21,24,25,26,27,28,31,32,36,38,39], 
       [1,2,3,6,8,9,10,11,14,15,17,19,22,25,27,30,31,32,35,39], 
       [2,3,7,9,12,13,14,19,21,22,25,26,27,31,35,37,38,39], 
       [4,5,6,8,9,10,11,13,15,16,22,26,32,33,35,37,38,39], 
       [1,2,3,4,7,8,11,13,16,17,18,19,20,24,25,28,30,33,39], 
       [1,2,8,12,14,15,17,19,20,21,22,23,27,28,29,30,31,32,33,34]
     ], 
     "paginations": [
       [9,12,7,3,0], 
       [11,13], 
       [15,5,4], 
       [14,1], 
       [19], 
       [8], 
       [16,17], 
       [6,18,10,2]
     ], 
     "properSymbolCount": 0, 
     "solvers": {
       "BestFusion": 9, 
       "FirstFit": 9, 
       "GeneticGroup": 8, 
       "GeneticStandard": 8, 
       "OverloadAndRemove": 9, 
       "OverloadAndRemovePresort": 9
     }, 
     "symbolCount": 40, 
     "symbols": [0,1,2,3,4,5,6,7,8,9,10,11,12,13,14,15,16,17,18,19,20,21,22,23,24,25,26,27,28,29,30,31,32,33,34,35,36,37,38,39], 
     "tileCount": 20, 
     "tileMaxSize": 18, 
     "tileMinSize": 3, 
     "tiles": [
       [14,25,33], 
       [1,6,8,10,15,17,22,25,27,30,35,39], 
       [12,15,27,29,30,32], 
       [2,5,7,8,10,11,17,22,32,34,36], 
       [1,9,13,21,24,25,26,27,32,36], 
       [9,12,16,24,28,31,39], 
       [1,8,14,15,19,21,22,30,33,34], 
       [5,18,22,32,36], 
       [4,5,6,8,9,10,11,13,15,16,22,26,32,33,35,37,38,39], 
       [5,7,17,19,26,33,34], 
       [1,12,17,19,22,23,28,29,30,31,33], 
       [0,2,5,6,7,8,12,20,25,27,29,30,33,35,37], 
       [5,16,17,26,27,32,35], 
       [0,6,14,16,24,27,35,39], 
       [1,2,3,9,10,11,14,19,22,30,31,32,35], 
       [0,8,12,14,16,19,25,27,28,31,38], 
       [1,2,8,11,13,17,18,19,25,28,30,39], 
       [1,3,4,7,16,17,20,24,25,30,33,39], 
       [2,20,22,23,28], 
       [2,3,7,9,12,13,14,19,21,22,25,26,27,31,35,37,38,39]
     ], 
     "times": {
       "BestFusion": 0.02, 
       "FirstFit": 0.01, 
       "GeneticGroup": 23.67, 
       "GeneticStandard": 2.07, 
       "OverloadAndRemove": 0.12, 
       "OverloadAndRemovePresort": 0.1
     }
   }, 
   {
     "approximation": "GeneticGroup [2016-02-18 12:52:44]", 
     "avgMultiplicity": 4.72, 
     "capacity": 20, 
     "category": "gauss", 
     "cplexLB": null, 
     "cplexOpt": null, 
     "cplexUB": null, 
     "lowerBound": 2, 
     "pageCount": 7, 
     "pages": [
       [0,3,4,6,9,10,14,15,19,20,21,22,24,25,26,31,33,34,36,39], 
       [0,3,6,8,9,11,13,14,15,17,18,23,24,26,28,29,36,38,39], 
       [4,5,6,9,10,11,13,17,20,21,22,28,29,30,31,32,33,35,37,38], 
       [0,4,9,12,13,18,21,22,23,24,25,26,27,29,30,31,32,36,38], 
       [1,2,3,5,6,8,10,11,15,16,19,20,23,26,29,33,35,36,38,39], 
       [0,1,2,3,4,8,10,11,15,16,17,19,21,24,25,29,32,33,37,39], 
       [0,1,6,7,8,9,11,14,17,19,22,23,27,31,32,34,36,38]
     ], 
     "paginations": [
       [12,11,5], 
       [16,18,4], 
       [3,10,14], 
       [17,1], 
       [7,6,8,19], 
       [9,2,15], 
       [0,13]
     ], 
     "properSymbolCount": 0, 
     "solvers": {
       "BestFusion": 8, 
       "FirstFit": 8, 
       "GeneticGroup": 7, 
       "GeneticStandard": 8, 
       "OverloadAndRemove": 9, 
       "OverloadAndRemovePresort": 8
     }, 
     "symbolCount": 40, 
     "symbols": [0,1,2,3,4,5,6,7,8,9,10,11,12,13,14,15,16,17,18,19,20,21,22,23,24,25,26,27,28,29,30,31,32,33,34,35,36,37,38,39], 
     "tileCount": 20, 
     "tileMaxSize": 15, 
     "tileMinSize": 4, 
     "tiles": [
       [0,1,7,8,9,11,14,17,23,27,31,34], 
       [0,12,13,22,23,26,29,31,38], 
       [8,11,15,16,21,24,25,33,39], 
       [5,6,9,10,11,17,29,30,35,37,38], 
       [11,17,26,36], 
       [0,14,19,26], 
       [2,3,5,10,16,23,26,29,35,36,38], 
       [1,2,15,23,33,36], 
       [8,11,15,16,19,20,36,38,39], 
       [0,1,2,3,4,10,17,19,25,29,32,39], 
       [4,5,10,11,21,28,31,32,37,38], 
       [0,3,6,9,10,21,22,24,26,31,34,36,39], 
       [4,15,20,25,31,33,34], 
       [6,7,19,22,32,36,38], 
       [6,11,13,17,20,22,29,30,33,37], 
       [1,3,17,21,24,25,37], 
       [3,6,11,13,14,15,17,23,24,39], 
       [0,4,9,12,18,21,24,25,26,27,30,32,36,38], 
       [0,3,8,9,13,14,17,18,23,24,26,28,29,36,38], 
       [2,5,6,8,10,15,29,35,36]
     ], 
     "times": {
       "BestFusion": 0.02, 
       "FirstFit": 0.02, 
       "GeneticGroup": 22.77, 
       "GeneticStandard": 1.96, 
       "OverloadAndRemove": 0.11, 
       "OverloadAndRemovePresort": 0.1
     }
   }, 
   {
     "approximation": "GeneticStandard [2016-02-18 12:52:44]", 
     "avgMultiplicity": 3.23, 
     "capacity": 20, 
     "category": "gauss", 
     "cplexLB": null, 
     "cplexOpt": null, 
     "cplexUB": null, 
     "lowerBound": 2, 
     "pageCount": 5, 
     "pages": [
       [0,5,6,7,9,12,13,14,16,17,18,20,23,24,26,30,31,35,37,38], 
       [1,3,5,9,10,11,16,18,20,21,23,27,28,29,31,32,34,36,37,39], 
       [3,7,8,9,11,12,14,15,17,20,22,25,31,32,33,34,35,38,39], 
       [0,1,2,3,4,6,8,12,13,15,16,17,18,19,21,31,33,34,35,37], 
       [4,10,21,22,26,27,31,34,36,38]
     ], 
     "paginations": [
       [1,2,3,15,16,9], 
       [0,4,5,6,13,18], 
       [7,10,11,17], 
       [8,12,14], 
       [19]
     ], 
     "properSymbolCount": 4, 
     "solvers": {
       "BestFusion": 6, 
       "FirstFit": 6, 
       "GeneticGroup": 5, 
       "GeneticStandard": 5, 
       "OverloadAndRemove": 5, 
       "OverloadAndRemovePresort": 6
     }, 
     "symbolCount": 40, 
     "symbols": [0,1,2,3,4,5,6,7,8,9,10,11,12,13,14,15,16,17,18,19,20,21,22,23,24,25,26,27,28,29,30,31,32,33,34,35,36,37,38,39], 
     "tileCount": 20, 
     "tileMaxSize": 14, 
     "tileMinSize": 2, 
     "tiles": [
       [5,21,29,36], 
       [7,18], 
       [5,12,13,16,17,18,20,23,24,31], 
       [0,13,14,16,30,35], 
       [3,9,10,20,23,27,29,31,39], 
       [9,29,32], 
       [1,3,5], 
       [8,12,20,22], 
       [0,1,3,6,12,13,15,17,19,21,33,34,35,37], 
       [18,35], 
       [8,9,14,15,17,32,33,39], 
       [7,15,25,34,35], 
       [0,1,2,8,13,15,16,18,31,33,34], 
       [10,16,27,28,31,34,36], 
       [1,4,8,13], 
       [26,37,38], 
       [6,7,9,14,26,31,37], 
       [3,8,11,12,14,15,25,31,38], 
       [11,16,18,21,27,28,31,37], 
       [4,10,21,22,26,27,31,34,36,38]
     ], 
     "times": {
       "BestFusion": 0.02, 
       "FirstFit": 0.01, 
       "GeneticGroup": 18.7, 
       "GeneticStandard": 1.77, 
       "OverloadAndRemove": 0.07, 
       "OverloadAndRemovePresort": 0.07
     }
   }, 
   {
     "approximation": "GeneticGroup [2016-02-18 12:52:44]", 
     "avgMultiplicity": 3.23, 
     "capacity": 20, 
     "category": "gauss", 
     "cplexLB": null, 
     "cplexOpt": null, 
     "cplexUB": null, 
     "lowerBound": 2, 
     "pageCount": 4, 
     "pages": [
       [1,5,7,8,10,15,17,18,21,23,24,26,27,29,30,31,33,37,38,39], 
       [1,2,3,7,10,11,12,15,17,19,20,23,26,27,28,30,31,32,34,35], 
       [0,2,4,5,8,9,10,11,12,13,16,19,22,23,25,28,30,35,36,38], 
       [0,1,6,7,11,13,14,16,17,18,19,20,28,31,37,38]
     ], 
     "paginations": [
       [15,17,7,16,11,13,10,3], 
       [5,9,14], 
       [1,0,18,6,12,19], 
       [2,4,8]
     ], 
     "properSymbolCount": 4, 
     "solvers": {
       "BestFusion": 5, 
       "FirstFit": 6, 
       "GeneticGroup": 4, 
       "GeneticStandard": 4, 
       "OverloadAndRemove": 5, 
       "OverloadAndRemovePresort": 5
     }, 
     "symbolCount": 40, 
     "symbols": [0,1,2,3,4,5,6,7,8,9,10,11,12,13,14,15,16,17,18,19,20,21,22,23,24,25,26,27,28,29,30,31,32,33,34,35,36,37,38,39], 
     "tileCount": 20, 
     "tileMaxSize": 13, 
     "tileMinSize": 2, 
     "tiles": [
       [0,2,5,12,16,22,23,25], 
       [2,4,5,9,11,35,38], 
       [1,11,13,16,18,28,31,38], 
       [5,21], 
       [0,6,11,18,19,31,38], 
       [2,3,7,11,15,19,20,23,26,28,30,34,35], 
       [8,10,16,35,36,38], 
       [31,33,39], 
       [7,11,14,17,20,37], 
       [1,3,10,15,17,26,32], 
       [1,8,15,17,39], 
       [10,18,23,24,29,30,31,33], 
       [12,16,22,28], 
       [5,7,8,17,24,26,27,37,38], 
       [2,3,11,12,17,23,26,27,28,31,34,35], 
       [1,5,17], 
       [1,10,17,29,37], 
       [15,18,27,30], 
       [9,10,13,19,25,35], 
       [4,16,28,30,35,36]
     ], 
     "times": {
       "BestFusion": 0.01, 
       "FirstFit": 0.01, 
       "GeneticGroup": 18.61, 
       "GeneticStandard": 1.73, 
       "OverloadAndRemove": 0.07, 
       "OverloadAndRemovePresort": 0.06
     }
   }, 
   {
     "approximation": "FirstFit [2016-02-18 12:52:44]", 
     "avgMultiplicity": 6.38, 
     "capacity": 20, 
     "category": "gauss", 
     "cplexLB": null, 
     "cplexOpt": null, 
     "cplexUB": null, 
     "lowerBound": 2, 
     "pageCount": 13, 
     "pages": [
       [0,1,2,4,5,7,15,22,23,24,28,29,30,31,34,36,37,39], 
       [2,4,6,8,9,10,15,17,19,20,24,25,28,30,31,32,33,36,38,39], 
       [1,3,10,11,13,14,15,17,18,19,20,21,23,25,26,29,33,35,36], 
       [2,4,5,6,7,8,9,11,14,15,18,21,27,28,32,33,34,35,37], 
       [1,2,6,7,9,11,13,16,19,23,24,25,26,28,32,33,34,35,36,37], 
       [1,3,5,7,10,11,17,18,20,23,24,25,28,29,30,32,34,36,37,38], 
       [2,4,9,10,11,12,13,14,18,27,29,33,34,36,38], 
       [1,3,5,6,8,14,15,16,17,19,23,24,26,28,29,30,32,33,35,36], 
       [0,1,3,5,7,18,20,24,26,28,31,32,36,37,38], 
       [0,3,4,6,10,13,14,15,16,18,23,25,27,29,31,32,35], 
       [1,2,6,7,14,16,17,19,21,22,28,29,30,32,35,37,38], 
       [0,5,7,10,11,13,16,26,27,28,29,30,33,34,35], 
       [8,11,16,21,22,24,26,31,32,34,38]
     ], 
     "paginations": [
       [0,4], 
       [1,10], 
       [2,6], 
       [3,7], 
       [5,11], 
       [8,19], 
       [9], 
       [12,14], 
       [13], 
       [15], 
       [16], 
       [17], 
       [18]
     ], 
     "properSymbolCount": 1, 
     "solvers": {
       "BestFusion": 13, 
       "FirstFit": 13, 
       "GeneticGroup": 13, 
       "GeneticStandard": 13, 
       "OverloadAndRemove": 13, 
       "OverloadAndRemovePresort": 14
     }, 
     "symbolCount": 40, 
     "symbols": [0,1,2,3,4,5,6,7,8,9,10,11,12,13,14,15,16,17,18,19,20,21,22,23,24,25,26,27,28,29,30,31,32,33,34,35,36,37,38,39], 
     "tileCount": 20, 
     "tileMaxSize": 17, 
     "tileMinSize": 7, 
     "tiles": [
       [0,1,2,4,23,24,28,29,30,31,36,37,39], 
       [2,6,8,9,15,17,20,24,25,28,30,31,32,36,38], 
       [1,3,10,17,18,19,20,21,25,26,29,33,35,36], 
       [5,6,7,8,9,14,15,18,21,27,28,32,35], 
       [2,4,5,7,15,22,28,29,30,34], 
       [1,2,7,9,11,16,19,23,24,25,28,33,34,36,37], 
       [10,11,13,14,15,19,21,23,25,35,36], 
       [2,4,11,27,33,34,35,37], 
       [1,5,10,11,17,18,23,25,29,30,32,34,37,38], 
       [2,4,9,10,11,12,13,14,18,27,29,33,34,36,38], 
       [4,10,19,24,31,32,33,39], 
       [6,13,26,32,33,35,37], 
       [1,3,8,14,15,16,17,19,23,24,26,28,29,32,33,35,36], 
       [0,1,3,5,7,18,20,24,26,28,31,32,36,37,38], 
       [3,5,6,8,16,24,28,30,33,35], 
       [0,3,4,6,10,13,14,15,16,18,23,25,27,29,31,32,35], 
       [1,2,6,7,14,16,17,19,21,22,28,29,30,32,35,37,38], 
       [0,5,7,10,11,13,16,26,27,28,29,30,33,34,35], 
       [8,11,16,21,22,24,26,31,32,34,38], 
       [3,7,20,23,24,28,32,36,37,38]
     ], 
     "times": {
       "BestFusion": 0.02, 
       "FirstFit": 0.02, 
       "GeneticGroup": 27.97, 
       "GeneticStandard": 2.4, 
       "OverloadAndRemove": 0.14, 
       "OverloadAndRemovePresort": 0.18
     }
   }
 ]