[
   {
     "approximation": "GeneticGroup [2014-11-03 14:16:29]", 
     "avgMultiplicity": 4.67, 
     "capacity": 20, 
     "category": "gauss", 
     "cplexLB": 5, 
     "lowerBound": 3, 
     "pageCount": 7, 
     "pages": [
       [3,4,5,6,7,8,9,12,15,17,23,25,32,39,42,46,47,49,50,53], 
       [5,6,7,8,12,15,16,18,20,27,31,32,34,40,41,42,43,45,52,54], 
       [0,1,11,12,15,18,21,22,24,25,31,32,36,41,45,46,47,50,52,54], 
       [0,4,7,9,11,14,20,23,26,29,31,32,33,34,36,37,39,44,46,48], 
       [0,4,7,12,14,16,17,21,24,30,33,36,37,39,43,44,46,49,51,53], 
       [0,2,3,5,11,13,15,16,20,22,24,27,34,35,36,38,46,47,52,53], 
       [1,3,5,9,10,13,18,19,24,28,29,37,39,40,42,46,48,50,51,52]
     ], 
     "paginations": [
       [27,35,36,28,2,15,13,42], 
       [49,25,8,6,50,19,1,41,29,10], 
       [33,52,48,31,51,54], 
       [14,4,24,39,17,38,43,22], 
       [21,0,7,3,11,40], 
       [26,34,12,37,5,44,23,30,46], 
       [45,47,32,53,16,18,9,20]
     ], 
     "properSymbolCount": 2, 
     "solvers": {
       "BestFusion": 9, 
       "FirstFit": 10, 
       "GeneticGroup": 7, 
       "GeneticStandard": 9, 
       "OverloadAndRemove": 8, 
       "OverloadAndRemovePresort": 8
     }, 
     "symbolCount": 55, 
     "symbols": [0,1,2,3,4,5,6,7,8,9,10,11,12,13,14,15,16,17,18,19,20,21,22,23,24,25,26,27,28,29,30,31,32,33,34,35,36,37,38,39,40,41,42,43,44,45,46,47,48,49,50,51,52,53,54], 
     "tileCount": 55, 
     "tileMaxSize": 8, 
     "tileMinSize": 2, 
     "tiles": [
       [21,30,39,44,49], 
       [7,15,18,54], 
       [3,5,7,15,17,42], 
       [0,14,16,17,24], 
       [4,20,31,32,46,48], 
       [16,24,34,36,52], 
       [15,31,32,41], 
       [4,12,30,37,43,46], 
       [16,34,40,43,52], 
       [18,24,42,46], 
       [6,27,40], 
       [7,39,51], 
       [3,34,35,36], 
       [7,12,39,53], 
       [9,39,44], 
       [4,6,8,12,15,32,50], 
       [3,18], 
       [11,20,33,34,39], 
       [3,19,29,39,46,50], 
       [5,8,31,42,45], 
       [1,5,28,40,46,52], 
       [24,36,44,46,53], 
       [7,26,29,33,34,48], 
       [5,11,38,47], 
       [0,26,46], 
       [8,15,16,43], 
       [0,2,5,47,53], 
       [6,23,46,49], 
       [4,7,25,39,47], 
       [18,20,32,41], 
       [3,11,20,22,46], 
       [1,15,22,24,32,54], 
       [19,29,42,51], 
       [12,18,36,45,50,52], 
       [0,2,13,22,24,34,52], 
       [9,12,17,23,25,32,42,50], 
       [4,17,42,46], 
       [15,20,47,53], 
       [4,7,14,20,23,48], 
       [4,26,33,34,36,39,44], 
       [14,21,33,43], 
       [6,8,12,27], 
       [4,5,12,39], 
       [31,37,48], 
       [5,15,20,24,27,35], 
       [1,29,37,40,48], 
       [2,13,38], 
       [9,13,18,24,40], 
       [11,22,25], 
       [31,43], 
       [12,20,32,42,52], 
       [31,32,36,46], 
       [0,21,41,47,50,54], 
       [1,10,29,48,51], 
       [18,46,50]
     ], 
     "times": {
       "BestFusion": 0.06, 
       "FirstFit": 0.05, 
       "GeneticGroup": 48.53, 
       "GeneticStandard": 4.23, 
       "OverloadAndRemove": 0.33, 
       "OverloadAndRemovePresort": 0.32
     }
   }, 
   {
     "approximation": "GeneticGroup [2015-11-06 14:03:27]", 
     "avgMultiplicity": 9.49, 
     "capacity": 20, 
     "category": "gauss", 
     "cplexLB": 5, 
     "lowerBound": 3, 
     "pageCount": 19, 
     "pages": [
       [1,4,11,12,13,16,20,23,25,26,29,31,34,35,37,39,40,41,45,46], 
       [0,3,5,8,13,15,16,20,23,25,26,28,36,38,40,44,47,53], 
       [5,6,9,10,12,15,16,20,22,24,28,31,35,36,45,47,50,51,52,54], 
       [0,3,4,5,9,10,12,19,25,26,29,31,33,37,40,41,42,47,49,52], 
       [0,1,3,4,7,12,13,16,24,25,26,27,28,35,36,48,49,50,51,52], 
       [0,6,7,8,9,18,19,21,25,27,32,35,36,40,42,43,46,48,49,53], 
       [6,7,11,13,14,15,17,18,19,23,33,34,38,41,45,46,47,48,49,54], 
       [7,8,12,13,17,20,21,23,24,27,32,38,42,47,48,49,50,51,52,53], 
       [2,4,8,9,11,15,19,23,24,26,30,32,35,38,39,42,43,45,50,54], 
       [3,6,9,14,23,24,27,28,30,31,35,36,37,38,40,42,44,49,52,54], 
       [0,7,8,10,12,14,16,21,22,27,29,30,31,32,39,41,42,43,48,53], 
       [3,4,10,15,17,18,21,27,28,29,30,34,36,37,38,43,49,50,52,54], 
       [0,4,12,15,16,18,20,21,27,30,36,39,41,42,44,46,49,52,54], 
       [0,1,4,10,11,19,20,21,23,24,25,26,33,36,38,41,42,43,44,50], 
       [1,3,7,8,15,22,23,24,25,28,31,32,33,35,37,42,46,47,51], 
       [1,2,3,4,7,9,15,16,22,29,32,34,35,40,45,47,48,53,54], 
       [7,8,9,11,14,17,19,20,21,22,23,27,32,34,36,39,42,47,48,50], 
       [2,4,5,7,11,27,30,32,33,34,36,39,40,41,42,44,45,46,48,54], 
       [2,6,10,13,14,16,20,21,25,27,37,40,41,43,44,45,47,52,54]
     ], 
     "paginations": [
       [13,47,34], 
       [18,12], 
       [40,17,6], 
       [36,42,24], 
       [10,53,38], 
       [52,22,20], 
       [29,41,51,5], 
       [50,15,48], 
       [28,49,7], 
       [46,32,19], 
       [30,26,4], 
       [11,25,27], 
       [39,31,33], 
       [1,54,14], 
       [2,8], 
       [21,16,37], 
       [0,44,43], 
       [45,9,3], 
       [23,35]
     ], 
     "properSymbolCount": 0, 
     "solvers": {
       "BestFusion": 24, 
       "FirstFit": 23, 
       "GeneticGroup": 19, 
       "GeneticStandard": 22, 
       "OverloadAndRemove": 21, 
       "OverloadAndRemovePresort": 22
     }, 
     "symbolCount": 55, 
     "symbols": [0,1,2,3,4,5,6,7,8,9,10,11,12,13,14,15,16,17,18,19,20,21,22,23,24,25,26,27,28,29,30,31,32,33,34,35,36,37,38,39,40,41,42,43,44,45,46,47,48,49,50,51,52,53,54], 
     "tileCount": 55, 
     "tileMaxSize": 13, 
     "tileMinSize": 6, 
     "tiles": [
       [7,8,9,17,19,20,22,27,34,36,47,48,50], 
       [0,11,23,25,36,38,41,42,43,44], 
       [1,3,15,22,25,31,35,37,46,47,51], 
       [5,11,27,34,39,40,41,42,45,46], 
       [0,10,14,21,22,31,32,39,43], 
       [6,11,13,17,23,33,38,45,46,47,49], 
       [6,10,12,24,28,31,35,47,52], 
       [8,15,19,24,26,35,38,45,50], 
       [7,8,23,24,28,32,33,35,37,42,47,51], 
       [2,11,27,30,36,39,44,48], 
       [7,13,25,26,35,36,48,49,51], 
       [3,10,17,18,28,29,34,38,52], 
       [0,3,15,20,26,38,40,47], 
       [1,4,11,12,20,23,34,35,46], 
       [4,10,21,24,26,33,50], 
       [8,17,20,24,27,32,50,53], 
       [1,3,4,9,15,34,35,40,45,47,48,53,54], 
       [5,6,9,10,15,20,22,28,36,50,51,54], 
       [5,8,13,16,20,23,25,28,36,44,53], 
       [9,24,28,37,38,42,49,52], 
       [0,7,19,25,35,42,43,48,53], 
       [3,7,16,22,35,48,53], 
       [7,8,18,19,27,32,35,36,42,43,46,49], 
       [2,6,13,14,16,21,25,44,45,47,52], 
       [10,12,19,26,29,40,42,52], 
       [3,4,10,15,18,21,30,34,36,37,43,52], 
       [8,12,16,21,22,30,39,42,48,53], 
       [27,36,49,50,52,54], 
       [2,4,9,11,15,23,24,32,38,39,43,50,54], 
       [13,15,23,41,45,48,54], 
       [0,7,22,27,29,30,31,41,42], 
       [4,15,20,21,27,44,46,49,52,54], 
       [6,14,23,30,35,36,37,40,44,54], 
       [0,4,12,15,30,42,44,46], 
       [4,13,16,25,26,35,37,40,41], 
       [10,13,20,27,37,40,41,43,47,52,54], 
       [4,5,19,25,31,37,40,47,52], 
       [2,7,9,29,32,48,53,54], 
       [0,3,4,12,24,27,28,36,48,49,50,52], 
       [4,12,16,18,30,36,39,41,49,54], 
       [12,16,24,28,35,36,45,52,54], 
       [7,11,13,14,17,18,19,33,41,47], 
       [0,3,5,9,19,33,41,42,49], 
       [8,14,19,20,22,23,27,32,34,39], 
       [7,9,11,17,20,21,27,36,42,50], 
       [4,7,30,32,33,34,46,54], 
       [3,9,27,31,36,49], 
       [12,16,20,25,29,31,34,35,37,39,45], 
       [12,23,38,48,50,51,52], 
       [4,19,23,30,38,42], 
       [7,13,17,21,23,24,38,42,47,49,53], 
       [13,14,17,23,34,47,48,49], 
       [6,7,8,9,18,21,25,32,35,36,40], 
       [0,1,16,25,28,35,48,49,50], 
       [1,10,11,19,20,24,26,33,38,44]
     ], 
     "times": {
       "BestFusion": 0.05, 
       "FirstFit": 0.04, 
       "GeneticGroup": 65.69, 
       "GeneticStandard": 5.33, 
       "OverloadAndRemove": 0.85, 
       "OverloadAndRemovePresort": 0.79
     }
   }, 
   {
     "approximation": "OverloadAndRemovePresort [2014-10-28 15:19:29]", 
     "avgMultiplicity": 5.22, 
     "capacity": 20, 
     "category": "gauss", 
     "cplexLB": 5, 
     "lowerBound": 3, 
     "pageCount": 9, 
     "pages": [
       [6,7,8,11,12,21,22,27,30,32,33,34,36,38,39,43,47,50,51], 
       [0,5,6,7,9,12,15,19,23,24,27,28,34,35,40,43,44,46,48,51], 
       [1,6,8,14,16,18,19,20,21,24,25,29,32,33,37,39,40,41,50,52], 
       [1,4,8,9,11,13,14,17,19,24,25,26,29,35,39,41,45,47,49,53], 
       [3,5,10,13,14,16,19,21,22,24,27,30,31,37,42,47,49,50,53,54], 
       [0,2,4,7,10,17,19,20,21,31,32,33,34,36,40,42,44,46,48], 
       [0,2,3,5,8,9,11,20,21,26,29,35,43,44,46,49,50,51,54], 
       [3,6,9,12,13,16,28,30,32,34,35,40,42,43,44,45,52,53], 
       [1,2,3,4,9,17,18,22,26,30,31,33,34,40,44,45]
     ], 
     "paginations": [
       [47,26,13,52,38], 
       [29,8,31,3,54,19,42,43,9,0], 
       [28,44,35,51,23,46,14], 
       [7,2,30,53,6,15,34,40], 
       [37,21,41,39,20,33,50,24], 
       [25,16,48,17,22,1], 
       [45,32,18,12], 
       [11,27,5,36], 
       [10,49,4]
     ], 
     "properSymbolCount": 0, 
     "solvers": {
       "BestFusion": 11, 
       "FirstFit": 11, 
       "GeneticGroup": 9, 
       "GeneticStandard": 11, 
       "OverloadAndRemove": 9, 
       "OverloadAndRemovePresort": 9
     }, 
     "symbolCount": 55, 
     "symbols": [0,1,2,3,4,5,6,7,8,9,10,11,12,13,14,15,16,17,18,19,20,21,22,23,24,25,26,27,28,29,30,31,32,33,34,35,36,37,38,39,40,41,42,43,44,45,46,47,48,49,50,51,52,53,54], 
     "tileCount": 55, 
     "tileMaxSize": 9, 
     "tileMinSize": 2, 
     "tiles": [
       [0,44,48], 
       [0,2,4,7,19,33,34,36,42], 
       [4,8,19,25,53], 
       [9,12,15,19,24], 
       [2,3,4,9,31], 
       [6,32,35,42,45], 
       [14,26,49], 
       [8,11,17,25,45,47,49], 
       [5,7,15,24,35,46], 
       [5,19,23,27,35,43,48], 
       [1,4,17,18,40,44,45], 
       [3,6,12,16,34,35,52,53], 
       [5,8,11,44,46,51], 
       [7,12,27,38,39,47], 
       [20,24,25,33,41,52], 
       [13,45], 
       [0,4,7,20,40,42], 
       [0,4,7,32], 
       [2,11,26,29,44,54], 
       [7,15,23], 
       [3,19,21,30,47,50,53], 
       [3,5,21,54], 
       [10,31,32,42], 
       [1,14,32], 
       [16,42], 
       [2,7,10,17,34,44,46], 
       [7,8,11,22,27,36,47], 
       [13,28,32,35,40,43,52], 
       [16,18,20,33,39,41], 
       [9,12,15,24,28,40,51], 
       [4,11,39,41,49], 
       [7,9,19,34,35,48], 
       [0,5,21,29,35,43], 
       [16,19,22,27,31,49], 
       [24,35,45,49], 
       [1,18,19,21,40], 
       [6,9,28,30,44], 
       [3,5,24,31,53], 
       [7,21,33,51], 
       [5,10,47,49], 
       [1,29,35,53], 
       [10,24,27,37], 
       [0,7,48], 
       [9,15,48], 
       [14,29,39,40,41,50], 
       [0,3,8,9,20,43,44,49,50], 
       [18,37,40], 
       [6,11,22,30,32,36,47,50], 
       [4,21,32,46,48], 
       [17,22,26,30,33,34], 
       [13,14,47,50,54], 
       [6,8,18,41], 
       [7,33,34,38,43,50], 
       [9,11,26,53], 
       [6,28,34,40]
     ], 
     "times": {
       "BestFusion": 0.06, 
       "FirstFit": 0.03, 
       "GeneticGroup": 50.52, 
       "GeneticStandard": 4.13, 
       "OverloadAndRemove": 0.4, 
       "OverloadAndRemovePresort": 0.34
     }
   }, 
   {
     "approximation": "GeneticGroup [2014-11-03 14:16:29]", 
     "avgMultiplicity": 9.82, 
     "capacity": 20, 
     "category": "gauss", 
     "cplexLB": 9, 
     "lowerBound": 3, 
     "pageCount": 20, 
     "pages": [
       [0,5,6,8,10,12,13,15,24,25,26,27,28,29,33,37,38,51,52,53], 
       [1,4,5,9,16,17,19,20,21,22,25,26,31,34,37,39,43,45,47,54], 
       [0,2,3,8,9,10,16,22,24,27,29,30,31,35,37,39,42,48,53,54], 
       [1,4,5,9,10,15,16,18,19,20,22,23,26,29,32,33,37,40,47,49], 
       [3,6,7,9,12,16,20,22,23,26,35,36,37,46,47,48,50,51,53], 
       [0,1,4,6,7,10,15,17,18,20,22,25,27,35,37,39,41,43,51,53], 
       [0,1,9,10,13,17,18,20,22,23,28,30,32,33,36,39,44,45,46,47], 
       [2,3,5,7,8,9,10,12,15,21,25,26,27,30,31,34,38,41,46,50], 
       [2,3,5,6,10,11,15,17,18,23,28,29,33,34,42,44,46,50,51,52], 
       [0,5,9,12,14,18,19,22,23,24,26,29,38,39,42,43,44,45,46,54], 
       [1,5,6,7,11,12,13,14,15,17,22,24,31,34,35,37,48,49,54], 
       [0,1,2,5,7,9,11,12,13,16,26,29,31,32,34,39,42,43,44,54], 
       [0,1,4,7,15,17,20,24,31,33,35,39,42,43,46,47,48,54], 
       [3,4,7,14,16,19,22,23,26,33,35,39,41,44,45,46,49,51,53,54], 
       [1,2,7,11,17,22,26,27,31,34,36,39,41,42,48,49,50,51,52,54], 
       [0,2,3,6,8,14,16,19,20,25,27,29,31,33,34,41,44,45,53], 
       [0,1,6,13,15,16,17,23,24,26,27,33,36,42,43,44,45,47,48,50], 
       [0,7,11,12,14,17,20,21,22,23,27,30,31,36,39,40,42,43,50,52], 
       [0,1,8,10,12,13,14,16,22,23,27,28,29,37,40,45,48,52], 
       [0,1,3,4,7,10,11,12,16,17,21,25,34,36,44,45,48,52,53]
     ], 
     "paginations": [
       [6,53,36,8,51], 
       [0,21,27], 
       [41,40], 
       [23,33,1], 
       [4,22], 
       [48,31,44], 
       [47,5,25], 
       [14,3,43,39], 
       [16,17], 
       [18,19,20], 
       [10,24], 
       [2,52], 
       [50,30], 
       [42,37,35], 
       [46,32,28], 
       [34,38,12], 
       [7,29], 
       [54,26,49], 
       [9,11], 
       [15,45,13]
     ], 
     "properSymbolCount": 0, 
     "solvers": {
       "BestFusion": 23, 
       "FirstFit": 24, 
       "GeneticGroup": 20, 
       "GeneticStandard": 23, 
       "OverloadAndRemove": 23, 
       "OverloadAndRemovePresort": 25
     }, 
     "symbolCount": 55, 
     "symbols": [0,1,2,3,4,5,6,7,8,9,10,11,12,13,14,15,16,17,18,19,20,21,22,23,24,25,26,27,28,29,30,31,32,33,34,35,36,37,38,39,40,41,42,43,44,45,46,47,48,49,50,51,52,53,54], 
     "tileCount": 55, 
     "tileMaxSize": 15, 
     "tileMinSize": 3, 
     "tiles": [
       [4,5,21,31,34,37,47], 
       [4,9,16,18,19,20,26,32,40,49], 
       [5,13,26,29,31,32,34,39,42,43,44,54], 
       [2,5,10,12,15,21,25,27,34,50], 
       [3,7,9,16,35,37,47,50,53], 
       [0,1,13,17,18,20,28,30,33,36,45,46,47], 
       [5,10,15,24,26,28,33,37,38,52], 
       [1,13,15,16,23,24,27,33,36,42,43,45,48], 
       [0,8,26], 
       [0,1,8,16,22,23,27,28,29,40,48], 
       [1,5,6,7,11,13,14,17,22,31,34,35,37,48,49], 
       [0,10,12,13,14,37,45,48,52], 
       [0,14,16,25,27,33,44], 
       [3,11,12,16,17,21,34,48], 
       [3,8,12,15,21,27,30,34,38,46], 
       [0,1,4,10,12,21,25,52,53], 
       [6,10,11,15,17,18,23,29,33,34,42,50], 
       [2,3,5,10,23,28,29,33,42,44,46,51,52], 
       [0,5,9,14,18,29,38,43,44], 
       [0,9,12,19,23,24,26,45,54], 
       [12,18,22,23,24,39,42,45,46,54], 
       [1,4,16,17,19,20,21,22,37,39,43,45,47,54], 
       [3,6,12,16,20,22,23,26,36,46,47,48,51,53], 
       [1,4,5,9,10,22,29,33,37,40,49], 
       [5,11,12,13,14,15,24,37,49,54], 
       [1,9,10,17,20,23,28,33,36,39,44], 
       [7,11,12,14,17,23,30,40,50,52], 
       [9,19,22,25,26,34], 
       [7,11,17,22,26,36,41,42,49,51,52,54], 
       [0,6,17,24,26,33,43,44,45,47,50], 
       [4,17,20,24,33,35,46,47,48,54], 
       [1,10,15,17,18,20,22,25,27,35,53], 
       [2,31,34,39,41,49,50,51,52,54], 
       [4,15,18,20,23,29,32,47,49], 
       [2,3,6,16,19,29,31,33,34,41,44], 
       [3,7,14,16,22,23,26,33,35,41,44,45,49], 
       [5,6,8,12,26,27,29,33,52], 
       [4,14,23,35,44,45,46,53,54], 
       [6,8,20,27,29,33,34,45,53], 
       [3,5,9,34,41,46,50], 
       [0,2,10,22,27,42,48,53], 
       [3,8,9,16,24,27,29,30,31,35,37,39,53,54], 
       [7,14,16,19,23,26,39,41,51,54], 
       [5,7,10,12,15,26,31], 
       [0,4,20,22,41,51], 
       [1,4,7,25,34,36,44,45,48], 
       [1,17,27,34,36,39,41,48,50], 
       [17,20,22,23,30,32,45], 
       [4,6,7,10,15,20,35,37,39,43], 
       [7,12,17,22,23,27,30,39,52], 
       [0,1,7,15,31,39,42,43,46], 
       [10,12,25,28,51,53], 
       [0,1,2,7,9,11,12,13,16,26,29,31,54], 
       [6,12,13,28,38], 
       [0,14,17,20,21,30,31,36,39,40,42,43]
     ], 
     "times": {
       "BestFusion": 0.05, 
       "FirstFit": 0.04, 
       "GeneticGroup": 66.97, 
       "GeneticStandard": 5.4, 
       "OverloadAndRemove": 0.85, 
       "OverloadAndRemovePresort": 0.91
     }
   }, 
   {
     "approximation": "OverloadAndRemovePresort [2014-11-03 14:16:29]", 
     "avgMultiplicity": 4.95, 
     "capacity": 20, 
     "category": "gauss", 
     "cplexLB": 5, 
     "lowerBound": 3, 
     "pageCount": 8, 
     "pages": [
       [1,5,7,8,12,16,17,18,24,25,27,30,32,35,37,44,46,47,48,51], 
       [3,8,11,12,21,22,23,25,26,28,29,31,35,39,42,43,46,48,49,52], 
       [0,1,6,9,10,18,20,23,28,30,32,33,36,39,40,43,47,52,53,54], 
       [0,1,2,4,7,16,17,19,24,31,33,36,39,40,41,43,44,48,49,51], 
       [3,6,10,11,12,13,14,24,25,27,29,31,43,46,47,49,50,51,52,54], 
       [2,5,6,12,13,17,18,19,20,21,27,29,34,35,36,37,50,54], 
       [3,4,7,8,10,11,13,19,23,27,32,33,37,38,42,44,45,46,47,51], 
       [0,1,6,10,15,22,26,30,31,35,37,39,45]
     ], 
     "paginations": [
       [40,34,5,30,53,10,37,15,44,19], 
       [33,54,9,13,48,42,26,28,32], 
       [50,3,4,36,52,41,16,22], 
       [20,38,14,2,45,49,46], 
       [0,8,7,24,29,12,18,27], 
       [6,43,17,25,11,1], 
       [39,35,47,51], 
       [23,31,21]
     ], 
     "properSymbolCount": 3, 
     "solvers": {
       "BestFusion": 10, 
       "FirstFit": 12, 
       "GeneticGroup": 8, 
       "GeneticStandard": 10, 
       "OverloadAndRemove": 9, 
       "OverloadAndRemovePresort": 8
     }, 
     "symbolCount": 55, 
     "symbols": [0,1,2,3,4,5,6,7,8,9,10,11,12,13,14,15,16,17,18,19,20,21,22,23,24,25,26,27,28,29,30,31,32,33,34,35,36,37,38,39,40,41,42,43,44,45,46,47,48,49,50,51,52,53,54], 
     "tileCount": 55, 
     "tileMaxSize": 10, 
     "tileMinSize": 2, 
     "tiles": [
       [6,10,11,49,54], 
       [12,19,34,35,36], 
       [0,1,24,31,41], 
       [6,9,30,32,33,40], 
       [28,30,33,40,43], 
       [16,27,32,37,46], 
       [2,19,35,37,50], 
       [3,29,31,43,47,49,54], 
       [11,12,24,47,50], 
       [3,11,25,28,39], 
       [5,30,44], 
       [2,5,54], 
       [43,46,50], 
       [8,11,21,22,48], 
       [4,17,39,48,51], 
       [1,27], 
       [18,53,54], 
       [20,27,29], 
       [11,13,25,29,51], 
       [7,12,47], 
       [4,31], 
       [1,10,26,35,39,45], 
       [1,23,54], 
       [10,15,30,37], 
       [6,12,24,25,51], 
       [5,6,17,18,34,37], 
       [21,42], 
       [14,27,29,50,52], 
       [26,49], 
       [13,24,54], 
       [8,24,27,35,44], 
       [0,6,15,22,30,31,39], 
       [8,12,25,26,31,42,52], 
       [3,22,23,28,29,42,48], 
       [5,25,27,32,35,37,46,51], 
       [3,4,7,8,37,38,44,45,46,47], 
       [9,18,20,39,54], 
       [5,12,44], 
       [16,24,31,33,44,48,51], 
       [19,33,44,47], 
       [7,8,16,17,18,25,27,30,37,48], 
       [0,10,30,36], 
       [22,28,49], 
       [2,5,13,21,50], 
       [35,47], 
       [0,1,2,4,49], 
       [2,40,41,49], 
       [7,10,11,13,27,33,37,46,51], 
       [23,28,31,35], 
       [0,4,7,19,36,41,43,48], 
       [0,1,9,18,33,36,40,52], 
       [4,19,23,32,42,47], 
       [20,30,32,39,47], 
       [1,8,18,48], 
       [23,25,26,29,43,46]
     ], 
     "times": {
       "BestFusion": 0.06, 
       "FirstFit": 0.03, 
       "GeneticGroup": 49.63, 
       "GeneticStandard": 4.08, 
       "OverloadAndRemove": 0.32, 
       "OverloadAndRemovePresort": 0.31
     }
   }, 
   {
     "approximation": "GeneticGroup [2015-11-06 14:03:27]", 
     "avgMultiplicity": 9.69, 
     "capacity": 20, 
     "category": "gauss", 
     "cplexLB": 7, 
     "lowerBound": 3, 
     "pageCount": 20, 
     "pages": [
       [0,2,3,4,8,10,13,23,25,28,30,32,34,38,39,41,46,49,54], 
       [0,2,3,6,7,13,14,16,19,21,23,25,26,35,37,40,44,47,48,53], 
       [3,4,7,10,12,15,17,21,22,23,26,29,30,32,34,39,47,51,52,54], 
       [1,3,7,12,14,15,16,19,20,28,36,39,41,43,44,46,47,48,49,52], 
       [4,6,7,8,9,19,21,25,27,29,30,31,34,35,38,40,41,44,50,54], 
       [0,2,3,8,9,10,11,12,14,21,26,29,33,36,39,43,47,48,49,50], 
       [2,4,10,17,21,23,24,25,26,27,30,31,33,35,36,40,43,45,51,53], 
       [1,3,6,7,8,10,11,13,20,22,24,26,27,32,34,37,40,42,44,52], 
       [0,1,4,5,6,8,17,19,21,23,27,35,38,39,40,43,46,48,52,54], 
       [2,4,9,14,16,17,20,21,22,26,28,31,33,37,38,41,44,45,51,52], 
       [5,7,9,13,15,17,18,20,26,27,28,29,33,38,41,42,46,52,53], 
       [1,4,8,10,14,16,17,27,29,30,31,36,37,38,41,44,49,51,52,53], 
       [0,2,4,9,12,13,14,15,16,18,24,26,27,32,34,45,48,50,51,52], 
       [2,3,5,9,10,12,14,15,18,19,23,35,39,40,41,43,46,48,50], 
       [0,8,11,19,24,29,31,32,34,35,38,39,42,44,45,48,49,51,52,54], 
       [0,2,3,5,7,13,17,19,20,22,28,31,32,33,36,43,46,48,51,53], 
       [0,4,5,9,10,11,13,14,21,22,29,32,34,36,39,43,45,46,50], 
       [0,1,6,7,9,12,17,24,32,33,39,41,43,44,45,46,50,52,53,54], 
       [2,4,7,8,13,14,15,18,19,22,37,40,43,44,46,48,49,50,51,52], 
       [3,6,12,16,33,42]
     ], 
     "paginations": [
       [30,0], 
       [2,51,27], 
       [20,21,16], 
       [17,26,23], 
       [18,45,47], 
       [37,50,5], 
       [10,1,31], 
       [38,40,41], 
       [48,9,43], 
       [32,39,13,42], 
       [52,6,8], 
       [11,28,34], 
       [22,44,7], 
       [53,4], 
       [33,25], 
       [12,35,19], 
       [36,15], 
       [29,54,3], 
       [49,24,14], 
       [46]
     ], 
     "properSymbolCount": 0, 
     "solvers": {
       "BestFusion": 24, 
       "FirstFit": 24, 
       "GeneticGroup": 20, 
       "GeneticStandard": 23, 
       "OverloadAndRemove": 23, 
       "OverloadAndRemovePresort": 23
     }, 
     "symbolCount": 55, 
     "symbols": [0,1,2,3,4,5,6,7,8,9,10,11,12,13,14,15,16,17,18,19,20,21,22,23,24,25,26,27,28,29,30,31,32,33,34,35,36,37,38,39,40,41,42,43,44,45,46,47,48,49,50,51,52,53,54], 
     "tileCount": 55, 
     "tileMaxSize": 14, 
     "tileMinSize": 5, 
     "tiles": [
       [0,8,10,13,25,34,38,39,41,46,49], 
       [2,4,23,24,30,33,35,36,40,45,51], 
       [0,7,13,14,21,23,48,53], 
       [1,7,9,12,33,44,45,52,53], 
       [2,3,9,10,15,19,23,35,41,46,50], 
       [0,9,12,14,26,29,33,47], 
       [13,15,27,28,33,38,41,42,46,53], 
       [4,9,13,16,18,24,27,45,51], 
       [5,9,15,17,20,26,28,29,41], 
       [0,4,6,19,21,40,43,54], 
       [4,10,17,21,27,30,31,40,45,53], 
       [1,8,10,17,27,29,30,37,41,44,49,52], 
       [0,2,5,7,13,31,36,46,48], 
       [4,14,17,20,21,22,28,31,33,37,44,45,51,52], 
       [4,7,8,37,40,44,48,50], 
       [4,5,9,10,14,22,29,32,34,36,43,46], 
       [3,4,7,10,17,21,22,29,34,47,51], 
       [1,15,20,36,46,47], 
       [4,6,7,8,9,21,27,29,31,35,38,40,54], 
       [2,5,13,20,22,28,43,51,53], 
       [10,17,30,34,39,51,54], 
       [4,7,12,15,22,23,26,30,32,39,47,52], 
       [0,12,13,14,15,18,24,26,48,50], 
       [1,7,12,14,16,19,20,28,39,43,44,49,52], 
       [4,13,15,22,44,49,51,52], 
       [0,11,29,32,34,35,42,44,45,49,51,52], 
       [3,7,15,16,36,41,44,46,48,49], 
       [6,14,16,19,25,26,35,37,40,44,47,48,53], 
       [1,4,14,16,29,31,36,51], 
       [6,32,33,41,43,45,46,52,54], 
       [2,3,4,10,23,28,30,32,34,38,49,54], 
       [4,24,25,26,27,33,43], 
       [2,14,17,22,38,44], 
       [8,19,24,31,38,39,42,44,48,49,51,54], 
       [8,10,16,27,36,37,38,41,51,53], 
       [2,3,17,19,20,31,32,33,36], 
       [0,5,11,13,14,21,29,32,36,39,43,45,50], 
       [2,8,9,10,11,12,21,26,36,48,49,50], 
       [3,8,10,11,34,37,40], 
       [14,17,21,26,41,51], 
       [3,6,7,13,24,26,27,32,34,40,42,44], 
       [1,8,10,20,22,24,27,32,40,52], 
       [9,14,16,17,20,52], 
       [0,1,4,6,8,17,23,27,39,46,48,52], 
       [2,12,14,15,16,24,32,34,50,52], 
       [7,29,34,35,50], 
       [3,6,12,16,33,42], 
       [4,9,19,25,29,30,34,41,44,54], 
       [5,19,23,27,35,38,39,54], 
       [2,13,14,18,19,43,44,46], 
       [3,14,21,29,33,36,39,43,47,48,49,50], 
       [0,2,3,6,21,35,37,48,53], 
       [5,7,9,18,26,33,41,42,52], 
       [3,5,12,14,15,18,23,35,39,40,41,43,48], 
       [0,9,17,24,39,41,44,50,53]
     ], 
     "times": {
       "BestFusion": 0.05, 
       "FirstFit": 0.05, 
       "GeneticGroup": 66.83, 
       "GeneticStandard": 5.02, 
       "OverloadAndRemove": 0.91, 
       "OverloadAndRemovePresort": 0.93
     }
   }
 ]