[
   {
     "approximation": "GeneticGroup [2016-02-18 13:06:54]", 
     "avgMultiplicity": 3.45, 
     "capacity": 20, 
     "category": "gauss", 
     "cplexLB": null, 
     "cplexOpt": null, 
     "cplexUB": null, 
     "lowerBound": 3, 
     "pageCount": 9, 
     "pages": [
       [0,3,7,12,13,16,18,21,22,23,24,26,37,38,39,41,47,51,54,56], 
       [1,2,3,12,13,16,17,19,26,27,31,33,37,40,46,47,48,53,55,59], 
       [0,2,5,7,9,10,13,15,24,25,27,32,35,38,41,44,51,53,57,58], 
       [2,7,11,15,23,26,27,28,29,33,38,39,43,44,47,48,49,50,53,56], 
       [3,4,6,13,14,19,22,25,26,30,31,34,35,36,38,39,46,57,58,59], 
       [2,3,7,14,15,17,19,21,28,31,32,39,40,45,46,52,57,59], 
       [3,7,8,10,12,13,18,20,21,26,29,34,35,36,38,40,48,49,50,52], 
       [3,4,5,8,10,13,17,18,22,25,27,28,30,35,42,45,48,50,51,58], 
       [8,10,12,17,18,22,25,32,53,54]
     ], 
     "paginations": [
       [2,9], 
       [16,14], 
       [4,12], 
       [17,1,11], 
       [10,3,15], 
       [8,18], 
       [5,0], 
       [7,19,13], 
       [6]
     ], 
     "properSymbolCount": 5, 
     "solvers": {
       "BestFusion": 10, 
       "FirstFit": 10, 
       "GeneticGroup": 9, 
       "GeneticStandard": 9, 
       "OverloadAndRemove": 10, 
       "OverloadAndRemovePresort": 11
     }, 
     "symbolCount": 60, 
     "symbols": [0,1,2,3,4,5,6,7,8,9,10,11,12,13,14,15,16,17,18,19,20,21,22,23,24,25,26,27,28,29,30,31,32,33,34,35,36,37,38,39,40,41,42,43,44,45,46,47,48,49,50,51,52,53,54,55,56,57,58,59], 
     "tileCount": 20, 
     "tileMaxSize": 16, 
     "tileMinSize": 4, 
     "tiles": [
       [7,8,18,20,21,34,40,50,52], 
       [23,27,28,33,38,43,44,50,53], 
       [12,13,16,22,26,37,39,47,54], 
       [3,13,14,25,26,30], 
       [5,13,15,24,25,32,41,57], 
       [3,7,10,12,13,20,21,26,29,34,35,36,38,48,49,52], 
       [8,10,12,17,18,22,25,32,53,54], 
       [3,5,8,13,17,25,35,42,45,50,51,58], 
       [3,14,15,19,21,31,40,45,52,57], 
       [0,3,7,12,13,18,21,22,23,24,38,41,47,51,56], 
       [3,13,22,26,31,36,38,39,46,57,58,59], 
       [2,11,15,23,28,33,39,43,47,48,49,50,56], 
       [0,2,5,7,9,10,24,25,27,32,35,38,44,51,53,58], 
       [4,22,42,51], 
       [1,13,16,19,26,31,33,37,40,46,47,48], 
       [4,6,13,19,34,35,38,59], 
       [2,3,12,13,17,27,33,37,40,53,55,59], 
       [7,15,26,29,39,49], 
       [2,7,17,19,28,31,32,39,46,59], 
       [10,13,18,22,27,28,30,35,48,51]
     ], 
     "times": {
       "BestFusion": 0.01, 
       "FirstFit": 0.02, 
       "GeneticGroup": 23.16, 
       "GeneticStandard": 2.39, 
       "OverloadAndRemove": 0.12, 
       "OverloadAndRemovePresort": 0.11
     }
   }, 
   {
     "approximation": "GeneticStandard [2016-02-18 13:06:54]", 
     "avgMultiplicity": 4.27, 
     "capacity": 20, 
     "category": "gauss", 
     "cplexLB": null, 
     "cplexOpt": null, 
     "cplexUB": null, 
     "lowerBound": 3, 
     "pageCount": 15, 
     "pages": [
       [2,5,11,12,14,29,34,36,39,41,43,52,53,55,57,59], 
       [2,7,8,11,13,16,17,19,21,22,25,32,36,42,44,50,56,57,58,59], 
       [0,1,3,7,9,11,14,23,24,28,29,32,44,45,50,51,52], 
       [5,8,12,15,23,26,27,29,30,36,40,41,45,48,49,52,56,57,58,59], 
       [6,11,12,13,15,16,17,19,24,34,38,44,46,53,55,56], 
       [2,9,19,22,23,27,28,29,35,37,38,52,55], 
       [5,9,12,13,17,25,32,34,37,38,43,45,48,49,55,57], 
       [8,9,10,13,16,17,20,21,26,31,33,39,40,41,43,46,47,49,55,57], 
       [0,1,3,4,5,10,18,25,26,28,34,36,43,48,50,59], 
       [1,4,19,26,28,39,43,49,51,54], 
       [0,6,7,9,12,13,16,19,20,22,39,40,45,53,54,55], 
       [3,5,6,7,8,13,14,18,22,26,38,41,53,55,57], 
       [11,14,15,23,28,36,41,48,52,54,57,58,59], 
       [0,5,7,20,22,27,28,29,33,36,40,45,46,48,54,55,57], 
       [1,5,6,14,18,24,29,30,33,38,52,57]
     ], 
     "paginations": [
       [3,19], 
       [1,0], 
       [2,8], 
       [4,11], 
       [5], 
       [6], 
       [7], 
       [18,12], 
       [9], 
       [10], 
       [13], 
       [14], 
       [15], 
       [16], 
       [17]
     ], 
     "properSymbolCount": 4, 
     "solvers": {
       "BestFusion": 15, 
       "FirstFit": 15, 
       "GeneticGroup": 15, 
       "GeneticStandard": 15, 
       "OverloadAndRemove": 15, 
       "OverloadAndRemovePresort": 16
     }, 
     "symbolCount": 60, 
     "symbols": [0,1,2,3,4,5,6,7,8,9,10,11,12,13,14,15,16,17,18,19,20,21,22,23,24,25,26,27,28,29,30,31,32,33,34,35,36,37,38,39,40,41,42,43,44,45,46,47,48,49,50,51,52,53,54,55,56,57,58,59], 
     "tileCount": 20, 
     "tileMaxSize": 17, 
     "tileMinSize": 4, 
     "tiles": [
       [11,13,21,25,36,42,44,50,57], 
       [2,7,8,16,17,19,22,25,32,36,50,56,57,58,59], 
       [0,1,3,7,9,11,14,23,24,28,29,44,50,51,52], 
       [2,5,11,12,14,29,34,36,39,41,43,52,53,55,57], 
       [5,12,23,26,27,29,30,36,40,41,45,48,52,57,58], 
       [6,11,12,13,15,16,17,19,24,34,38,44,46,53,55,56], 
       [2,9,19,22,23,27,28,29,35,37,38,52,55], 
       [5,9,12,13,17,25,32,34,37,38,43,45,48,49,55,57], 
       [0,3,24,32,44,45], 
       [0,1,3,4,5,10,18,25,26,28,34,36,43,48,50,59], 
       [1,4,19,26,28,39,43,49,51,54], 
       [5,8,15,26,36,41,45,49,56,57,59], 
       [8,10,17,20,26,33,39,43,49], 
       [0,6,7,9,12,13,16,19,20,22,39,40,45,53,54,55], 
       [3,5,6,7,8,13,14,18,22,26,38,41,53,55,57], 
       [11,14,15,23,28,36,41,48,52,54,57,58,59], 
       [0,5,7,20,22,27,28,29,33,36,40,45,46,48,54,55,57], 
       [1,5,6,14,18,24,29,30,33,38,52,57], 
       [9,13,16,17,20,21,31,40,41,46,47,55,57], 
       [29,39,53,59]
     ], 
     "times": {
       "BestFusion": 0.02, 
       "FirstFit": 0.01, 
       "GeneticGroup": 26.38, 
       "GeneticStandard": 2.27, 
       "OverloadAndRemove": 0.17, 
       "OverloadAndRemovePresort": 0.18
     }
   }, 
   {
     "approximation": "GeneticStandard [2016-02-18 13:06:54]", 
     "avgMultiplicity": 2.95, 
     "capacity": 20, 
     "category": "gauss", 
     "cplexLB": null, 
     "cplexOpt": null, 
     "cplexUB": null, 
     "lowerBound": 3, 
     "pageCount": 8, 
     "pages": [
       [0,4,10,11,12,13,15,19,23,25,28,37,38,42,47,50,52,54,55,58], 
       [10,15,17,18,21,25,27,34,37,38,42,44,47,48,50,52,53,55,57,59], 
       [3,6,12,13,14,25,28,29,30,31,32,37,42,44,46,51,56,57,59], 
       [0,6,9,11,16,19,20,23,24,28,30,31,32,34,45,49,51,53,54,56], 
       [1,2,4,5,19,23,24,25,30,32,34,35,38,42,44,48,53,54,57,58], 
       [6,9,11,12,16,25,26,31,33,34,37,38,40,41,43,45,47,50,51], 
       [11,12,13,16,19,20,22,23,24,27,29,35,39,42,47,49,51,54,56,59], 
       [0,1,7,8,14,17,27,31,36,45,49,50,52,56,58,59]
     ], 
     "paginations": [
       [0,5,19], 
       [2,3], 
       [4,7], 
       [1,8,12], 
       [9,10,18], 
       [11,17], 
       [13,14,15], 
       [6,16]
     ], 
     "properSymbolCount": 13, 
     "solvers": {
       "BestFusion": 8, 
       "FirstFit": 8, 
       "GeneticGroup": 8, 
       "GeneticStandard": 8, 
       "OverloadAndRemove": 8, 
       "OverloadAndRemovePresort": 9
     }, 
     "symbolCount": 60, 
     "symbols": [0,1,2,3,4,5,6,7,8,9,10,11,12,13,14,15,16,17,18,19,20,21,22,23,24,25,26,27,28,29,30,31,32,33,34,35,36,37,38,39,40,41,42,43,44,45,46,47,48,49,50,51,52,53,54,55,56,57,58,59], 
     "tileCount": 20, 
     "tileMaxSize": 16, 
     "tileMinSize": 3, 
     "tiles": [
       [0,4,10,13,19,25,28,42,50,52,54], 
       [28,34,45,51], 
       [10,21,37,42,48,50,52,53,55,57,59], 
       [10,15,17,18,21,25,27,34,38,44,47,48], 
       [3,6,12,13,25,30,42,44,46,51,59], 
       [0,11,12,15,23,28,47,55,58], 
       [8,31,36,45,49,50,52,56,59], 
       [14,28,29,31,32,37,56,57], 
       [0,6,9,11,23,24,30,31,45,53], 
       [1,2,5,19,25,30,32,38,42,44,48,58], 
       [23,44,54], 
       [6,9,11,12,16,25,26,31,33,34,37,38,40,47,50,51], 
       [9,16,19,20,24,32,49,53,54,56], 
       [12,16,20,22,42,54,59], 
       [20,23,29,47,56], 
       [11,13,19,20,24,27,35,39,42,49,51], 
       [0,1,7,14,17,27,36,45,58], 
       [12,41,43,45], 
       [2,4,23,24,25,34,35,53,54,57,58], 
       [10,12,37,38]
     ], 
     "times": {
       "BestFusion": 0.01, 
       "FirstFit": 0.01, 
       "GeneticGroup": 20.64, 
       "GeneticStandard": 2.04, 
       "OverloadAndRemove": 0.08, 
       "OverloadAndRemovePresort": 0.09
     }
   }, 
   {
     "approximation": "GeneticGroup [2016-02-18 13:06:54]", 
     "avgMultiplicity": 3.7, 
     "capacity": 20, 
     "category": "gauss", 
     "cplexLB": null, 
     "cplexOpt": null, 
     "cplexUB": null, 
     "lowerBound": 3, 
     "pageCount": 10, 
     "pages": [
       [0,3,8,10,13,16,22,23,25,34,35,40,41,42,44,48,50,51,53,59], 
       [1,4,6,7,8,10,21,23,37,38,40,41,42,44,45,46,56,57,58], 
       [3,5,6,7,10,11,14,17,18,21,22,23,24,25,31,32,38,50,56,58], 
       [2,6,7,12,16,17,18,22,26,27,30,32,44,45,47,51,54,56,57,59], 
       [1,2,11,12,16,22,30,32,33,35,36,37,41,42,44,50,51,53,55,56], 
       [2,7,8,11,20,23,26,29,34,37,43,45,49,51,52,55], 
       [2,5,9,12,15,16,25,27,29,35,36,42,51,52,55,57], 
       [0,3,4,12,13,14,16,20,30,33,37,38,39,40,44,45,52,57], 
       [0,5,7,12,19,23,25,26,27,36,37,39,40,41,43,44,50,52,53,56], 
       [4,8,9,10,15,16,17,22,23,25,26,28,29,30,31,33,37,45,48,59]
     ], 
     "paginations": [
       [6,3,13], 
       [5,17], 
       [15,16], 
       [12,19], 
       [1,4], 
       [11], 
       [10], 
       [2,7], 
       [18,9], 
       [0,8,14]
     ], 
     "properSymbolCount": 5, 
     "solvers": {
       "BestFusion": 11, 
       "FirstFit": 11, 
       "GeneticGroup": 10, 
       "GeneticStandard": 10, 
       "OverloadAndRemove": 11, 
       "OverloadAndRemovePresort": 13
     }, 
     "symbolCount": 60, 
     "symbols": [0,1,2,3,4,5,6,7,8,9,10,11,12,13,14,15,16,17,18,19,20,21,22,23,24,25,26,27,28,29,30,31,32,33,34,35,36,37,38,39,40,41,42,43,44,45,46,47,48,49,50,51,52,53,54,55,56,57,58,59], 
     "tileCount": 20, 
     "tileMaxSize": 17, 
     "tileMinSize": 4, 
     "tiles": [
       [4,8,10,15,16,17,25,29,31,45,48,59], 
       [1,2,11,16,32,35,36,41,42,51,53,55], 
       [3,12,14,16,20,30,33,38,40,44,45,52,57], 
       [3,8,53,59], 
       [12,22,30,32,33,36,37,41,44,50,51,53,56], 
       [7,21,41,46,58], 
       [10,13,16,25,40,41,44,51,59], 
       [0,3,4,12,13,16,20,33,37,38,39], 
       [9,10,22,26,33,37,48], 
       [0,5,19,23,25,27,37,52,56], 
       [2,5,9,12,15,16,25,27,29,35,36,42,51,52,55,57], 
       [2,7,8,11,20,23,26,29,34,37,43,45,49,51,52,55], 
       [2,6,7,12,17,18,22,26,27,30,32,45,47,54,56,57,59], 
       [0,13,16,22,23,34,35,42,48,50,53,59], 
       [16,17,23,28,30,33], 
       [3,5,6,7,11,18,24,25,32,50], 
       [3,5,6,10,14,17,21,22,23,24,31,32,38,56,58], 
       [1,4,6,7,8,10,23,37,38,40,41,42,44,45,46,56,57], 
       [7,12,26,27,36,39,40,41,43,44,50,53], 
       [12,16,18,44,51,57]
     ], 
     "times": {
       "BestFusion": 0.02, 
       "FirstFit": 0.01, 
       "GeneticGroup": 23.87, 
       "GeneticStandard": 2.08, 
       "OverloadAndRemove": 0.12, 
       "OverloadAndRemovePresort": 0.13
     }
   }, 
   {
     "approximation": "BestFusion [2016-02-18 13:06:54]", 
     "avgMultiplicity": 4.57, 
     "capacity": 20, 
     "category": "gauss", 
     "cplexLB": null, 
     "cplexOpt": null, 
     "cplexUB": null, 
     "lowerBound": 3, 
     "pageCount": 16, 
     "pages": [
       [5,7,11,17,20,25,26,28,30,34,35,41,43,44,46,49,50,55,56,58], 
       [1,4,9,11,18,21,22,23,24,25,28,30,31,32,47,49,50,52,55], 
       [3,4,5,6,9,15,16,18,19,22,39,42,48,52,53,54,56,59], 
       [3,4,7,12,13,25,31,32,34,37,40,41,42,45,57,58], 
       [7,8,9,11,19,20,25,27,29,31,35,36,37,38,39,42,46,50], 
       [0,5,6,24,28,29,30,31,33,37,42,44,51,57,58,59], 
       [5,6,11,12,13,14,15,16,17,22,31,33,40,42,47,51,52,56], 
       [6,11,15,25,26,33,35,36,37,43,44,45,47,48,49,50,52,53,54,56], 
       [5,12,15,27,31,33,41,42,43,45,47,50,55,57,58], 
       [5,6,13,15,17,18,20,27,29,31,32,40,55,59], 
       [7,17,25,29,34,35,38,40,43,44,49,52,56,57,58], 
       [3,7,8,10,16,22,28,37,39,41,42,43,44,49,53], 
       [4,6,10,11,15,17,20,23,34,35,37,41,48,55], 
       [4,17,20,23,24,25,26,28,34,37,44,49,53,55,57,58], 
       [1,2,14,20,24,29,31,33,34,37,41,44,48,51], 
       [2,4,7,8,13,22,23,24,25,29,31,32,35,36,44,47,48,54]
     ], 
     "paginations": [
       [0,2], 
       [1,12], 
       [3], 
       [4], 
       [5,10], 
       [6], 
       [7], 
       [8,19], 
       [9], 
       [11], 
       [13], 
       [14], 
       [15], 
       [16], 
       [17], 
       [18]
     ], 
     "properSymbolCount": 2, 
     "solvers": {
       "BestFusion": 16, 
       "FirstFit": 16, 
       "GeneticGroup": 16, 
       "GeneticStandard": 16, 
       "OverloadAndRemove": 16, 
       "OverloadAndRemovePresort": 16
     }, 
     "symbolCount": 60, 
     "symbols": [0,1,2,3,4,5,6,7,8,9,10,11,12,13,14,15,16,17,18,19,20,21,22,23,24,25,26,27,28,29,30,31,32,33,34,35,36,37,38,39,40,41,42,43,44,45,46,47,48,49,50,51,52,53,54,55,56,57,58,59], 
     "tileCount": 20, 
     "tileMaxSize": 18, 
     "tileMinSize": 3, 
     "tiles": [
       [5,7,11,17,25,26,28,30,34,35,41,43,46,49,50,55,56], 
       [1,4,9,11,18,21,22,23,24,25,28,30,31,32,47,49,50,55], 
       [20,25,34,35,44,58], 
       [3,4,5,6,9,15,16,18,19,22,39,42,48,52,53,54,56,59], 
       [3,4,7,12,13,25,31,32,34,37,40,41,42,45,57,58], 
       [8,9,19,20,25,31,36,37,42,46], 
       [0,5,6,24,28,29,30,31,33,37,42,44,51,57,58,59], 
       [5,6,11,12,13,14,15,16,17,22,31,33,40,42,47,51,52,56], 
       [6,11,15,36,37,44,45,47,48,49,52,53,54,56], 
       [5,12,15,27,31,33,41,42,43,45,47,50,55,57,58], 
       [7,11,19,27,29,35,38,39,50], 
       [5,6,13,15,17,18,20,27,29,31,32,40,55,59], 
       [9,23,52], 
       [7,17,25,29,34,35,38,40,43,44,49,52,56,57,58], 
       [3,7,8,10,16,22,28,37,39,41,42,43,44,49,53], 
       [4,6,10,11,15,17,20,23,34,35,37,41,48,55], 
       [4,17,20,23,24,25,26,28,34,37,44,49,53,55,57,58], 
       [1,2,14,20,24,29,31,33,34,37,41,44,48,51], 
       [2,4,7,8,13,22,23,24,25,29,31,32,35,36,44,47,48,54], 
       [25,26,33,35,37,43,48,50]
     ], 
     "times": {
       "BestFusion": 0.02, 
       "FirstFit": 0.01, 
       "GeneticGroup": 27.29, 
       "GeneticStandard": 2.25, 
       "OverloadAndRemove": 0.19, 
       "OverloadAndRemovePresort": 0.15
     }
   }, 
   {
     "approximation": "OverloadAndRemovePresort [2016-02-18 13:06:54]", 
     "avgMultiplicity": 3.02, 
     "capacity": 20, 
     "category": "gauss", 
     "cplexLB": null, 
     "cplexOpt": null, 
     "cplexUB": null, 
     "lowerBound": 3, 
     "pageCount": 8, 
     "pages": [
       [0,1,2,6,10,13,16,20,25,26,31,36,37,41,44,47,48,51,54], 
       [0,2,12,14,15,16,17,18,26,29,42,43,46,47,48,49,50,53,59], 
       [4,5,9,14,15,16,20,21,28,32,33,34,35,40,42,47,48,52,54], 
       [3,7,8,10,12,13,14,16,17,20,27,37,39,41,42,43,52,53,55,58], 
       [3,5,8,12,13,15,22,28,29,30,36,39,46,49,50,51,56,59], 
       [2,4,7,10,11,13,14,16,19,22,23,27,28,37,44,45,46,51,57,58], 
       [5,7,8,9,13,15,23,24,27,29,31,38,42,44,46,47,52,55,56,58], 
       [5,10,12,13,22,35,44,47,54,55]
     ], 
     "paginations": [
       [1,19,17], 
       [13,15,16,18], 
       [10,11,2], 
       [6,4,9], 
       [0,8], 
       [14,12], 
       [7,3], 
       [5]
     ], 
     "properSymbolCount": 14, 
     "solvers": {
       "BestFusion": 9, 
       "FirstFit": 9, 
       "GeneticGroup": 8, 
       "GeneticStandard": 8, 
       "OverloadAndRemove": 8, 
       "OverloadAndRemovePresort": 8
     }, 
     "symbolCount": 60, 
     "symbols": [0,1,2,3,4,5,6,7,8,9,10,11,12,13,14,15,16,17,18,19,20,21,22,23,24,25,26,27,28,29,30,31,32,33,34,35,36,37,38,39,40,41,42,43,44,45,46,47,48,49,50,51,52,53,54,55,56,57,58,59], 
     "tileCount": 20, 
     "tileMaxSize": 15, 
     "tileMinSize": 5, 
     "tiles": [
       [8,12,13,29,39,49,50,51,59], 
       [0,2,6,13,20,25,31,41,51,54], 
       [5,16,20,34,40,42], 
       [8,9,15,24,27,29,42,44,47,56], 
       [7,13,16,17,20,27,39,41,43,52], 
       [5,10,12,13,22,35,44,47,54,55], 
       [3,7,10,17,37,39,41,53], 
       [5,7,8,9,13,23,27,31,38,42,46,47,52,55,58], 
       [3,5,15,22,28,30,36,39,46,56], 
       [3,8,12,13,14,27,42,55,58], 
       [4,9,21,28,32,33,47,52,54], 
       [5,14,15,16,21,35,48,52], 
       [4,10,11,14,23,37,45], 
       [2,12,15,17,29,42,47,48,59], 
       [2,4,7,13,14,16,19,22,27,28,44,46,51,57,58], 
       [0,15,16,18,26,29,46,48,59], 
       [14,16,42,43,48,50], 
       [2,26,36,37,48], 
       [12,14,16,49,53,59], 
       [1,6,10,13,16,20,44,47,48,51]
     ], 
     "times": {
       "BestFusion": 0.01, 
       "FirstFit": 0.01, 
       "GeneticGroup": 21.57, 
       "GeneticStandard": 1.9, 
       "OverloadAndRemove": 0.11, 
       "OverloadAndRemovePresort": 0.1
     }
   }
 ]