[
   {
     "approximation": "GeneticGroup [2014-11-03 09:43:15]", 
     "avgMultiplicity": 5.49, 
     "capacity": 20, 
     "category": "gauss", 
     "lowerBound": 2, 
     "pageCount": 5, 
     "pages": [
       [0,1,3,5,6,7,9,10,15,16,19,20,21,24,26,27,28,32,33,34], 
       [2,3,6,7,8,11,12,15,16,17,18,21,22,23,25,27,29,30,31,34], 
       [0,1,2,3,4,8,9,10,11,12,13,15,19,20,24,25,27,28,30,31], 
       [1,2,3,4,5,9,12,13,14,16,18,19,20,21,22,26,28,30,31,34], 
       [0,1,2,6,11,13,17,18,19,22,28,30,32,33,34]
     ], 
     "paginations": [
       [10,4,18,23,11,24,29], 
       [30,1,31,0,13,33,5,7,25], 
       [28,8,20,2,34,12,16,19,26], 
       [6,15,3,32,27], 
       [14,22,21,9,17]
     ], 
     "properSymbolCount": 1, 
     "solvers": {
       "BestFusion": 6, 
       "FirstFit": 7, 
       "GeneticGroup": 5, 
       "GeneticStandard": 6, 
       "OverloadAndRemove": 6, 
       "OverloadAndRemovePresort": 6
     }, 
     "symbolCount": 35, 
     "symbols": [0,1,2,3,4,5,6,7,8,9,10,11,12,13,14,15,16,17,18,19,20,21,22,23,24,25,26,27,28,29,30,31,32,33,34], 
     "tileCount": 35, 
     "tileMaxSize": 12, 
     "tileMinSize": 2, 
     "tiles": [
       [3,15,16,22,23,27,31], 
       [2,6,15,18,23], 
       [0,2,8,20,24,25,31], 
       [1,4,19,28,31,34], 
       [6,10,28], 
       [2,7,15,17,23,34], 
       [2,5,13,14,22], 
       [6,7,11,21,25], 
       [4,9,11,13,25,27,30,31], 
       [1,6,17,30,32], 
       [0,6,10,15,20,21,26], 
       [6,24], 
       [0,2,8,9,11,12,25,30], 
       [2,8,21,25], 
       [1,11,18,32], 
       [3,5,9,13,16,18,20,22,26,28,30,34], 
       [2,10,12,13,24,25], 
       [13,17,19,28], 
       [0,5,7,9,15,20,24], 
       [2,9,13,15,28], 
       [12,20,31], 
       [0,6,22], 
       [2,30,33,34], 
       [0,1,3,10,19,27,32,34], 
       [3,7,20,26], 
       [18,25,29], 
       [4,12,19], 
       [1,9,12,21,31], 
       [0,1,8,19,24], 
       [3,5,15,16,24,33], 
       [2,12,15,23,25], 
       [3,7,12,15,27,29,30,34], 
       [4,18,19,21,26], 
       [7,8,11,16,17,29,30,34], 
       [3,8,15,19,24,27]
     ], 
     "times": {
       "BestFusion": 0.03, 
       "FirstFit": 0.06, 
       "GeneticGroup": 34.47, 
       "GeneticStandard": 3.2, 
       "OverloadAndRemove": 0.19, 
       "OverloadAndRemovePresort": 0.16
     }
   }, 
   {
     "approximation": "GeneticGroup [2014-11-03 09:43:15]", 
     "avgMultiplicity": 9.43, 
     "capacity": 20, 
     "category": "gauss", 
     "lowerBound": 2, 
     "pageCount": 9, 
     "pages": [
       [1,2,3,6,8,9,10,11,14,15,16,18,19,21,23,25,28,29,30,33], 
       [0,2,3,7,9,10,14,15,16,17,18,22,23,24,27,28,29,30,31,33], 
       [1,2,4,6,7,8,11,13,15,16,17,19,20,21,22,25,27,29,32,34], 
       [0,1,2,3,5,6,10,11,12,13,14,15,16,17,18,24,25,27,30,34], 
       [3,4,5,7,10,13,15,16,18,19,20,22,23,25,26,28,30,31,33,34], 
       [0,1,4,5,8,11,12,13,14,15,16,17,20,21,22,26,30,31,32,33], 
       [1,2,4,6,8,9,12,13,14,17,18,19,20,21,25,26,29,31,33,34], 
       [0,4,5,6,8,10,11,12,13,15,18,20,22,25,27,28,29,31,32,34], 
       [2,3,4,5,6,11,12,13,14,17,20,22,24,26,27,29,31,32,33,34]
     ], 
     "paginations": [
       [1,22,12,20], 
       [29,2,27], 
       [19,18,24,25,34], 
       [28,30,23,8], 
       [10,4,16,21], 
       [5,31,7,3], 
       [14,0,6], 
       [33,9,13,11], 
       [15,17,32,26]
     ], 
     "properSymbolCount": 0, 
     "solvers": {
       "BestFusion": 12, 
       "FirstFit": 12, 
       "GeneticGroup": 9, 
       "GeneticStandard": 11, 
       "OverloadAndRemove": 11, 
       "OverloadAndRemovePresort": 10
     }, 
     "symbolCount": 35, 
     "symbols": [0,1,2,3,4,5,6,7,8,9,10,11,12,13,14,15,16,17,18,19,20,21,22,23,24,25,26,27,28,29,30,31,32,33,34], 
     "tileCount": 35, 
     "tileMaxSize": 12, 
     "tileMinSize": 3, 
     "tiles": [
       [1,4,8,9,14,18,25,26,31,33], 
       [2,3,6,8,11,15,18,21,23,25,29,33], 
       [7,10,18,22,24,27,28,29,30,31], 
       [4,21,26], 
       [5,18,22,23,25,26,28,30,33,34], 
       [0,4,5,11,12,30], 
       [9,13,14,17,21,26,29,31,33,34], 
       [0,8,13,14,17,20,22,30], 
       [0,2,6,11,14,18,24,25,34], 
       [4,5,6,12,13,18,22,27,28,31,32], 
       [3,5,7,10,15,18,19,22,25,26,28,33], 
       [10,11,15,20,22,25,29,31,34], 
       [1,2,6,9,10,14,15,16,18,23,33], 
       [0,5,8,10,11,12,20,22,27,28,29], 
       [2,6,9,12,17,19,20,21,31,34], 
       [2,12,13,14,20,22,26,27,32,33], 
       [3,4,15,20,23,26,28,30,31,34], 
       [2,4,5,14,17,24,29,31,32,33], 
       [2,8,11,19,22,25,29,34], 
       [4,16,20,25,27,29,32], 
       [2,3,8,9,15,18,19,28,29,30,33], 
       [5,13,16,18,19,23,25,30], 
       [2,3,6,10,16,18,19,25,28,29], 
       [1,2,5,12,13,14,15,16,18,27,34], 
       [2,6,7,8,19,22,29,34], 
       [1,7,11,15,16,17,20,25,32], 
       [2,3,6,11,20,24,32,34], 
       [0,3,9,10,16,24,31,33], 
       [5,6,12,13,14,15,16,24,27,30], 
       [2,14,15,16,17,22,23,28,33], 
       [1,2,3,10,12,15,16,17,25,30,34], 
       [1,5,11,14,15,16,31,32,33], 
       [3,4,5,6,12,13,20,26,32,34], 
       [0,4,6,8,10,11,12,15,22,28,29,34], 
       [6,8,11,13,16,19,21,25,32]
     ], 
     "times": {
       "BestFusion": 0.03, 
       "FirstFit": 0.02, 
       "GeneticGroup": 43.15, 
       "GeneticStandard": 3.34, 
       "OverloadAndRemove": 0.33, 
       "OverloadAndRemovePresort": 0.29
     }
   }, 
   {
     "approximation": "GeneticGroup [2014-11-03 09:43:15]", 
     "avgMultiplicity": 4.71, 
     "capacity": 20, 
     "category": "gauss", 
     "lowerBound": 2, 
     "pageCount": 4, 
     "pages": [
       [0,2,3,4,5,9,11,12,13,15,18,21,22,23,25,27,30,32,33,34], 
       [1,2,4,6,8,14,16,20,22,23,24,25,26,27,28,29,30,31,32,33], 
       [0,1,2,3,4,5,7,8,9,10,11,13,14,17,18,20,21,26,28,30], 
       [0,6,8,9,10,11,12,13,14,15,16,19,20,22,24,27,29,33]
     ], 
     "paginations": [
       [1,14,16,30,25,19,23,2,29,8,20,34], 
       [27,9,7,4,22,32,5,10,0,33,3], 
       [21,12,24,15,18,6,31,11], 
       [26,17,28,13]
     ], 
     "properSymbolCount": 1, 
     "solvers": {
       "BestFusion": 5, 
       "FirstFit": 5, 
       "GeneticGroup": 4, 
       "GeneticStandard": 5, 
       "OverloadAndRemove": 5, 
       "OverloadAndRemovePresort": 5
     }, 
     "symbolCount": 35, 
     "symbols": [0,1,2,3,4,5,6,7,8,9,10,11,12,13,14,15,16,17,18,19,20,21,22,23,24,25,26,27,28,29,30,31,32,33,34], 
     "tileCount": 35, 
     "tileMaxSize": 9, 
     "tileMinSize": 2, 
     "tiles": [
       [6,28,29], 
       [4,11,18,21,23,25,34], 
       [12,18], 
       [4,8,27], 
       [6,16,23,27,32], 
       [6,26,30,33], 
       [1,4,5,8,10,11,17], 
       [4,14,16,25,28], 
       [30,32,33,34], 
       [2,8,22,24,26], 
       [14,16,23,31], 
       [1,8,9,13,20,28], 
       [3,7,21,30], 
       [15,19], 
       [2,9,25,32], 
       [5,7,9,13,21,26], 
       [2,5,18,33], 
       [6,9,10,11,12,24,27,29], 
       [0,2,7,10,11,18,21,28], 
       [13,18,21,33,34], 
       [2,4,5,22,25,27,33], 
       [3,17,21], 
       [2,6,8,20,29], 
       [0,4,9], 
       [1,3,13], 
       [0,3,5,11,13], 
       [0,6,8,10,12,16,20,22,33], 
       [1,4,6,25,30,32], 
       [10,13,14,29], 
       [3,18], 
       [3,4,11,12,22,30,32], 
       [0,5,14,30], 
       [6,20,25,31], 
       [20,29,31], 
       [3,11,15,33]
     ], 
     "times": {
       "BestFusion": 0.03, 
       "FirstFit": 0.03, 
       "GeneticGroup": 33.8, 
       "GeneticStandard": 2.83, 
       "OverloadAndRemove": 0.14, 
       "OverloadAndRemovePresort": 0.12
     }
   }, 
   {
     "approximation": "GeneticGroup [2014-11-03 09:43:15]", 
     "avgMultiplicity": 9.57, 
     "capacity": 20, 
     "category": "gauss", 
     "lowerBound": 2, 
     "pageCount": 10, 
     "pages": [
       [2,5,7,9,10,13,15,16,17,18,20,21,22,23,24,26,30,31,33,34], 
       [0,6,7,8,9,11,12,13,14,15,18,20,21,24,25,26,27,28,30,31], 
       [1,3,4,5,6,7,8,9,10,11,13,15,16,17,18,21,25,29,31,34], 
       [1,2,3,5,6,8,9,13,15,20,22,23,24,25,26,27,28,31,34], 
       [0,1,2,7,9,12,14,15,20,21,23,24,25,26,27,29,31,32,33], 
       [0,4,6,7,8,10,12,13,14,16,17,19,21,22,23,24,25,26,28,30], 
       [2,4,5,6,7,10,11,12,15,17,20,23,26,27,28,29,31,32], 
       [2,3,4,9,10,11,12,13,16,17,19,20,21,25,26,27,30,32,34], 
       [0,1,2,3,5,8,10,11,13,14,16,18,19,21,22,23,26,27,33,34], 
       [0,2,4,5,8,9,12,13,14,15,18,19,21,22,24,28,29,30,31,34]
     ], 
     "paginations": [
       [15,1,26,17], 
       [30,34,32,22], 
       [18,13,5,10,2], 
       [24,16,29], 
       [31,7,3], 
       [14,0,25], 
       [33,9], 
       [27,21,23], 
       [11,8,12,6,4], 
       [19,20,28]
     ], 
     "properSymbolCount": 0, 
     "solvers": {
       "BestFusion": 14, 
       "FirstFit": 14, 
       "GeneticGroup": 10, 
       "GeneticStandard": 12, 
       "OverloadAndRemove": 11, 
       "OverloadAndRemovePresort": 12
     }, 
     "symbolCount": 35, 
     "symbols": [0,1,2,3,4,5,6,7,8,9,10,11,12,13,14,15,16,17,18,19,20,21,22,23,24,25,26,27,28,29,30,31,32,33,34], 
     "tileCount": 35, 
     "tileMaxSize": 13, 
     "tileMinSize": 6, 
     "tiles": [
       [0,4,6,7,8,14,17,19,23,24,26], 
       [2,5,7,9,10,16,18,22,23,24,30,31], 
       [8,10,11,15,18,25,29,34], 
       [12,14,15,20,25,26,27,29,32], 
       [2,10,13,19,21,22,33], 
       [6,7,10,11,16,29], 
       [0,1,2,3,8,14,16,18,19,22,27,33], 
       [0,1,7,14,21,23,25,27,29,31,32], 
       [1,8,10,14,16,21,22,23,34], 
       [6,7,10,12,17,23,26,28,31,32], 
       [1,3,5,10,13,15,16,18,21,25,31,34], 
       [2,5,8,10,11,14,16,19,26], 
       [3,5,11,13,14,19,33], 
       [3,5,6,8,9,10,13,15,17,21,29], 
       [6,8,10,13,19,21,23,25,28], 
       [7,10,13,17,18,20,24,30], 
       [1,2,3,6,8,9,13,15,20,22,27,28,31], 
       [7,9,15,21,22,26,31,33], 
       [3,4,7,10,16,17], 
       [0,5,8,9,13,14,18,21,24,29,31,34], 
       [0,2,9,12,13,21,22,28,30,31], 
       [3,4,16,20,21,25,26,32,34], 
       [0,7,8,9,11,14,15,18,21,26,27], 
       [2,3,9,10,11,13,16,17,20,27], 
       [1,2,6,8,22,23,24,25,26,31,34], 
       [4,7,10,12,14,16,22,24,30], 
       [2,7,13,17,20,21,26,31,34], 
       [3,12,13,19,25,27,30], 
       [4,9,12,13,15,19,28,31,34], 
       [1,5,24,26,27,28,31,34], 
       [6,11,14,15,18,24,25,26,28,30,31], 
       [0,2,9,20,21,23,24,27,32,33], 
       [6,9,11,12,13,14,21,25], 
       [2,4,5,7,11,15,17,20,26,27,28,29,31], 
       [0,6,8,9,11,18,20,25,28,31]
     ], 
     "times": {
       "BestFusion": 0.03, 
       "FirstFit": 0.02, 
       "GeneticGroup": 42.83, 
       "GeneticStandard": 3.33, 
       "OverloadAndRemove": 0.32, 
       "OverloadAndRemovePresort": 0.32
     }
   }, 
   {
     "approximation": "GeneticGroup [2015-11-05 19:42:20]", 
     "avgMultiplicity": 4.94, 
     "capacity": 20, 
     "category": "gauss", 
     "lowerBound": 2, 
     "pageCount": 4, 
     "pages": [
       [0,3,7,8,10,11,12,15,16,17,18,21,23,24,26,27,28,30,31,33], 
       [1,2,3,5,6,8,9,11,14,15,17,18,19,21,22,23,25,27,31,32], 
       [0,1,2,3,4,5,12,13,14,17,18,19,20,23,24,29,30,31,32,34], 
       [4,6,7,9,10,13,16,17,18,19,20,22,23,25,26,27,28,31,33,34]
     ], 
     "paginations": [
       [13,34,32,16,28,0,20,24,9,22,7,3,10], 
       [11,23,2,12,6,14], 
       [26,1,33,15,29,21,30,31], 
       [4,5,25,8,17,19,27,18]
     ], 
     "properSymbolCount": 0, 
     "solvers": {
       "BestFusion": 6, 
       "FirstFit": 6, 
       "GeneticGroup": 4, 
       "GeneticStandard": 5, 
       "OverloadAndRemove": 5, 
       "OverloadAndRemovePresort": 5
     }, 
     "symbolCount": 35, 
     "symbols": [0,1,2,3,4,5,6,7,8,9,10,11,12,13,14,15,16,17,18,19,20,21,22,23,24,25,26,27,28,29,30,31,32,33,34], 
     "tileCount": 35, 
     "tileMaxSize": 8, 
     "tileMinSize": 2, 
     "tiles": [
       [3,7,21,24,26,27], 
       [2,4,14,20,30,34], 
       [2,11,14,15,27,32], 
       [0,17,24,28,33], 
       [4,7,22,23,31,34], 
       [6,13,27,28,34], 
       [3,8,25,31], 
       [12,18,28], 
       [6,10,16,17,18,19,20,22], 
       [8,18,21,26], 
       [15,21,24,30], 
       [1,6,18,22,25], 
       [3,9,11,23,25,31], 
       [11,23,26], 
       [2,8,19], 
       [1,31,34], 
       [0,7,26,31,33], 
       [13,16,34], 
       [25,34], 
       [6,7,9,13,16,20,26], 
       [11,12,16,30,33], 
       [1,2,13,20,24,29,30], 
       [8,10,11,23,27,33], 
       [3,5,6,9,17,21,32], 
       [3,23,28], 
       [7,19,22,27,31,33,34], 
       [0,3,5,30], 
       [4,9,17,18], 
       [3,11,15,16,26], 
       [0,12,14,20], 
       [0,13,18,19,24,29,32], 
       [0,1,17,31,32], 
       [3,7,10,12,16,28,30], 
       [5,12,23,29,31], 
       [7,11,31]
     ], 
     "times": {
       "BestFusion": 0.03, 
       "FirstFit": 0.02, 
       "GeneticGroup": 31.3, 
       "GeneticStandard": 2.97, 
       "OverloadAndRemove": 0.14, 
       "OverloadAndRemovePresort": 0.14
     }
   }, 
   {
     "approximation": "GeneticGroup [2015-11-05 19:42:20]", 
     "avgMultiplicity": 9.63, 
     "capacity": 20, 
     "category": "gauss", 
     "lowerBound": 2, 
     "pageCount": 10, 
     "pages": [
       [1,2,3,4,6,8,10,12,13,14,18,20,21,24,26,27,28,30,32,33], 
       [0,1,3,4,5,7,8,9,11,13,16,19,20,21,22,26,27,31,32,33], 
       [1,3,4,5,6,7,10,11,17,18,19,20,22,23,25,26,27,30,32,34], 
       [0,2,3,5,6,8,9,10,13,15,16,18,19,22,24,25,30,31,33,34], 
       [0,4,7,8,11,12,14,16,17,18,19,22,23,25,28,29,31,32,33,34], 
       [0,2,3,5,6,7,8,11,12,13,15,16,17,18,20,21,23,26,29,32], 
       [0,1,4,7,8,9,10,12,13,14,15,16,17,20,21,23,25,28,29,30], 
       [2,3,4,7,8,9,10,13,15,17,18,19,21,23,25,29,30,33,34], 
       [0,1,3,5,6,7,8,12,13,14,15,16,17,21,24,26,28,30,31,34], 
       [0,1,4,5,6,8,9,10,11,13,14,17,19,20,24,27,29,30,32,33]
     ], 
     "paginations": [
       [28,5,13], 
       [10,7,4], 
       [14,18,29,24], 
       [3,6,23,30], 
       [0,31,19,12], 
       [11,33,16], 
       [22,17,8,20], 
       [27,2,21], 
       [25,26,34], 
       [15,32,1,9]
     ], 
     "properSymbolCount": 0, 
     "solvers": {
       "BestFusion": 14, 
       "FirstFit": 14, 
       "GeneticGroup": 10, 
       "GeneticStandard": 12, 
       "OverloadAndRemove": 12, 
       "OverloadAndRemovePresort": 12
     }, 
     "symbolCount": 35, 
     "symbols": [0,1,2,3,4,5,6,7,8,9,10,11,12,13,14,15,16,17,18,19,20,21,22,23,24,25,26,27,28,29,30,31,32,33,34], 
     "tileCount": 35, 
     "tileMaxSize": 13, 
     "tileMinSize": 6, 
     "tiles": [
       [7,11,14,17,22,25,32,33], 
       [5,6,9,11,13,14,30,32], 
       [2,3,8,9,15,17,19,21,29,30,34], 
       [0,2,6,10,16,18,19,24,31,33], 
       [4,5,8,9,19,20,21,26,32,33], 
       [3,4,12,14,20,24,26,28,33], 
       [3,5,13,15,16,19,22,24,30], 
       [4,7,8,9,13,16,20,22,26,27,31], 
       [8,9,10,16,17,21,23,25,28,30], 
       [0,1,8,9,10,13,17,27], 
       [0,1,3,4,5,8,11,16,19,21], 
       [6,7,8,12,13,15,17,21,23,29,32], 
       [0,4,8,12,16,18,19,22,23,25,31], 
       [2,4,6,8,12,13,14,18,33], 
       [1,4,6,10,19,23,26,32,34], 
       [0,1,4,5,6,9,11,17,20,24,29], 
       [0,2,5,15,16,17,18,20,23,26], 
       [0,1,7,8,9,10,14,15,20,21,25], 
       [6,11,18,22,25,27,30], 
       [8,11,12,14,19,25,28,29,31,32,34], 
       [4,10,12,13,14,15,16,17,21,25,28,29,30], 
       [4,9,15,18,19,23,25,29,33], 
       [7,10,12,13,14,21,30], 
       [0,2,5,8,9,13,15,33,34], 
       [1,3,5,7,11,17,20,22,27,30,32], 
       [0,3,5,6,8,12,14,15,16,24,26,31,34], 
       [0,1,3,6,7,17,21,26,28,30,34], 
       [2,7,10,13,23,29,34], 
       [1,8,10,12,13,14,18,21,26,27,30,32], 
       [1,3,4,10,20,22,23,27], 
       [0,6,8,15,16,25,33], 
       [0,7,16,18,25,31,32], 
       [8,10,14,17,19,24,29,30,32,33], 
       [2,3,6,8,11,12,16,17,18,20,21,23,29], 
       [1,3,5,12,13,28]
     ], 
     "times": {
       "BestFusion": 0.03, 
       "FirstFit": 0.03, 
       "GeneticGroup": 43.38, 
       "GeneticStandard": 3.77, 
       "OverloadAndRemove": 0.33, 
       "OverloadAndRemovePresort": 0.31
     }
   }
 ]