[
   {
     "approximation": "GeneticGroup [2014-11-03 10:06:40]", 
     "avgMultiplicity": 4.8, 
     "capacity": 20, 
     "category": "gauss", 
     "lowerBound": 2, 
     "pageCount": 5, 
     "pages": [
       [1,4,11,15,16,18,19,22,23,25,26,27,28,29,32,33,34,35,38,39], 
       [0,1,3,6,7,9,10,12,15,16,17,22,24,25,28,30,31,35,37,38], 
       [0,1,3,5,6,8,10,11,13,14,18,19,20,23,25,26,29,35,36,39], 
       [2,7,8,10,14,15,17,18,19,20,23,27,30,32,33,34,36,37,38,39], 
       [1,4,5,6,7,9,11,17,19,21,24,25,30,33,34,36,37]
     ], 
     "paginations": [
       [34,11,18,30,26,3,28,19,1,10], 
       [32,16,22,24,12,29,15], 
       [7,14,20,33,23,13,0,5,6], 
       [9,17,21,31,25], 
       [4,27,2,8]
     ], 
     "properSymbolCount": 2, 
     "solvers": {
       "BestFusion": 6, 
       "FirstFit": 7, 
       "GeneticGroup": 5, 
       "GeneticStandard": 6, 
       "OverloadAndRemove": 6, 
       "OverloadAndRemovePresort": 6
     }, 
     "symbolCount": 40, 
     "symbols": [0,1,2,3,4,5,6,7,8,9,10,11,12,13,14,15,16,17,18,19,20,21,22,23,24,25,26,27,28,29,30,31,32,33,34,35,36,37,38,39], 
     "tileCount": 35, 
     "tileMaxSize": 9, 
     "tileMinSize": 3, 
     "tiles": [
       [1,3,6,13,35], 
       [18,19,23,29,32], 
       [5,7,21,25,36], 
       [1,11,23,28,33], 
       [4,5,9,17,19,25,33,36,37], 
       [3,8,11,19,29,36], 
       [1,14,19,25,29], 
       [5,10,11,29], 
       [17,25,34], 
       [2,15,20,32,34,37], 
       [11,15,23,25,27,28,29], 
       [11,16,27,28,33], 
       [0,1,7,15,17], 
       [3,26,29,36], 
       [1,10,13,18,19], 
       [6,10,25,38], 
       [0,9,22,30,35], 
       [8,14,15,18,27,32,36], 
       [15,19,22,26,33,35,39], 
       [22,38,39], 
       [3,5,6,11,23], 
       [8,30,32,34,38,39], 
       [7,12,22,24,25,38], 
       [0,3,8,10,39], 
       [3,9,12,31,37,38], 
       [10,14,17,19,23,30,33,34], 
       [4,18,26,27,28,38,39], 
       [1,6,11,24,30,34], 
       [1,16,19,27,32,34], 
       [0,1,6,15,24,28,37], 
       [4,11,15,22,29], 
       [7,14,20,38], 
       [9,16,22,25,31], 
       [6,8,20,23,26,29,39], 
       [22,27,28,38]
     ], 
     "times": {
       "BestFusion": 0.03, 
       "FirstFit": 0.02, 
       "GeneticGroup": 31.32, 
       "GeneticStandard": 3.2, 
       "OverloadAndRemove": 0.15, 
       "OverloadAndRemovePresort": 0.16
     }
   }, 
   {
     "approximation": "GeneticGroup [2015-11-05 21:41:09]", 
     "avgMultiplicity": 8.6, 
     "capacity": 20, 
     "category": "gauss", 
     "lowerBound": 2, 
     "pageCount": 11, 
     "pages": [
       [1,6,7,8,10,11,13,15,17,18,24,25,28,29,31,32,34,35,36,39], 
       [0,2,4,5,6,10,12,13,15,17,18,19,20,21,26,29,31,36,37,38], 
       [3,5,6,8,11,12,14,15,17,18,19,20,23,26,27,31,33,34,35,36], 
       [1,5,6,8,11,12,13,16,18,20,22,24,25,29,32,34,35,36,37,39], 
       [3,4,5,8,9,11,12,16,19,20,22,25,27,31,32,33,36,38], 
       [7,9,12,15,17,18,21,22,23,24,25,26,27,28,32,33,34,37,38,39], 
       [2,3,5,7,10,13,14,17,19,20,21,28,30,31,33,34,35,36,37,38], 
       [1,2,3,4,5,7,9,11,12,14,16,18,22,24,32,33,34,35,36,39], 
       [2,3,7,8,9,10,14,16,18,19,20,21,24,25,26,27,28,30,39], 
       [0,2,3,4,5,9,12,15,16,18,20,23,24,25,27,28,29,32,35,36], 
       [0,2,3,6,7,8,9,11,15,16,17,19,20,22,23,25,29,31,34,39]
     ], 
     "paginations": [
       [19,13,27,33], 
       [15,14,10], 
       [26,18,6,20], 
       [3,30,17,22], 
       [11,32,1], 
       [4,31,23], 
       [0,9,8], 
       [29,34,25], 
       [28,16], 
       [24,5,2], 
       [12,21,7]
     ], 
     "properSymbolCount": 0, 
     "solvers": {
       "BestFusion": 14, 
       "FirstFit": 14, 
       "GeneticGroup": 11, 
       "GeneticStandard": 13, 
       "OverloadAndRemove": 13, 
       "OverloadAndRemovePresort": 13
     }, 
     "symbolCount": 40, 
     "symbols": [0,1,2,3,4,5,6,7,8,9,10,11,12,13,14,15,16,17,18,19,20,21,22,23,24,25,26,27,28,29,30,31,32,33,34,35,36,37,38,39], 
     "tileCount": 35, 
     "tileMaxSize": 13, 
     "tileMinSize": 6, 
     "tiles": [
       [3,5,7,13,17,20,31,34,37,38], 
       [3,8,9,11,12,22,25,33,38], 
       [2,3,4,5,9,16,20,23,25,35,36], 
       [1,6,13,18,22,25], 
       [7,18,21,23,24,26,27,32,33,34,39], 
       [0,2,3,15,20,24,25,28,29,32,35,36], 
       [3,6,17,18,20,23,26,33,36], 
       [0,2,3,6,9,15,17,19,31], 
       [2,7,10,14,19,21,28,30,33,35,38], 
       [2,3,13,19,21,30,31,34,36,37], 
       [0,2,6,10,12,15,21,26,29,36,37], 
       [5,11,12,16,19,31,33,36], 
       [0,2,7,9,11,19,20,23,29,34,39], 
       [1,6,10,24,25,29,32,35,36], 
       [4,5,6,10,13,17,18,20,29,38], 
       [0,4,5,10,15,19,21,29,31], 
       [2,3,7,8,10,16,18,21,24,28,30], 
       [1,13,16,18,20,22,24,35,36,39], 
       [8,14,17,18,19,20,23,31,35], 
       [1,7,8,10,25,28,29,31,34,35], 
       [3,5,6,8,12,15,17,20,27,34,35,36], 
       [0,2,8,16,17,22,25,29,31,39], 
       [1,6,8,12,13,20,22,24,29,32,34,37], 
       [12,15,25,28,33,37], 
       [9,12,15,16,18,20,24,27,28,29,36], 
       [1,2,4,7,22,32,33,34,36,39], 
       [8,11,12,14,19,23,31], 
       [1,7,11,15,17,18,25,29], 
       [3,9,10,14,19,20,24,25,26,27,30,39], 
       [3,5,7,12,14,16,18,24,34,35,36], 
       [5,6,11,13,18,22,24,37], 
       [9,12,17,18,22,23,24,27,28,32,34,38,39], 
       [4,11,19,20,22,27,31,32], 
       [7,13,15,25,28,29,36,39], 
       [1,3,4,5,9,11,12,16,18,24,32,33]
     ], 
     "times": {
       "BestFusion": 0.03, 
       "FirstFit": 0.02, 
       "GeneticGroup": 41.04, 
       "GeneticStandard": 3.76, 
       "OverloadAndRemove": 0.3, 
       "OverloadAndRemovePresort": 0.29
     }
   }, 
   {
     "approximation": "BestFusion [2014-10-28 15:07:17]", 
     "avgMultiplicity": 4.2, 
     "capacity": 20, 
     "category": "gauss", 
     "lowerBound": 2, 
     "pageCount": 5, 
     "pages": [
       [3,4,5,7,8,10,12,13,14,15,17,18,19,21,24,26,28,32,33,37], 
       [0,1,2,4,5,6,7,8,11,14,17,18,20,22,23,25,28,29,30,31], 
       [2,3,4,6,7,10,11,12,15,17,20,21,22,25,26,28,34,35,36,39], 
       [0,4,5,10,12,16,18,20,22,23,26,27,30,31,32,33,34,37,38], 
       [1,4,5,7,9,13,16,17,19,21,22,23,25,26,28,29,30,35,36,38]
     ], 
     "paginations": [
       [0,2,3,4,6,18,21,24,17], 
       [1,5,7,9,10,11,13,14], 
       [8,12,16,25,26,31,33,34], 
       [15,19,20,22,23], 
       [27,29,30,32,28]
     ], 
     "properSymbolCount": 1, 
     "solvers": {
       "BestFusion": 5, 
       "FirstFit": 6, 
       "GeneticGroup": 5, 
       "GeneticStandard": 6, 
       "OverloadAndRemove": 5, 
       "OverloadAndRemovePresort": 5
     }, 
     "symbolCount": 40, 
     "symbols": [0,1,2,3,4,5,6,7,8,9,10,11,12,13,14,15,16,17,18,19,20,21,22,23,24,25,26,27,28,29,30,31,32,33,34,35,36,37,38,39], 
     "tileCount": 35, 
     "tileMaxSize": 10, 
     "tileMinSize": 2, 
     "tiles": [
       [14,15,21,28], 
       [1,7], 
       [3,4,5,8,12,17,24,28,32,33], 
       [17,18,19,37], 
       [7,8,10,13,24], 
       [2,6,7,29,31], 
       [4,26,28,33], 
       [0,7,8,14,28], 
       [11,34], 
       [4,6,11,18], 
       [2,22,25], 
       [7,8,23,30], 
       [6,11,17,21,26,35], 
       [5,17,18,20], 
       [17,29], 
       [0,4,5,12,18,23,32,37], 
       [7,15,21,25,36,39], 
       [5,14], 
       [3,4,19], 
       [10,18,26,27,30,32,33], 
       [16,18,31,34], 
       [3,4,17,21], 
       [4,12,26,33,37,38], 
       [16,20,22,26,32,33,34], 
       [10,13,15,21,37], 
       [2,10,12,15,20], 
       [3,4,21,22,26,28], 
       [13,19,21,23,26,29], 
       [5,9,25,30,35], 
       [1,4,17,19,21,25], 
       [7,9,17,22,23,25,38], 
       [11,12,21], 
       [16,21,28,36], 
       [3,6,22,26,36], 
       [12,17,22,35,39]
     ], 
     "times": {
       "BestFusion": 0.03, 
       "FirstFit": 0.02, 
       "GeneticGroup": 30.99, 
       "GeneticStandard": 2.83, 
       "OverloadAndRemove": 0.14, 
       "OverloadAndRemovePresort": 0.12
     }
   }, 
   {
     "approximation": "GeneticGroup [2014-11-03 10:06:40]", 
     "avgMultiplicity": 8.3, 
     "capacity": 20, 
     "category": "gauss", 
     "lowerBound": 2, 
     "pageCount": 11, 
     "pages": [
       [4,5,6,11,12,13,14,16,18,19,23,25,26,27,28,31,34,36,37,39], 
       [5,6,7,9,10,11,12,13,17,20,21,22,23,24,25,29,33,35,36,39], 
       [0,3,4,8,9,15,18,20,21,22,23,27,28,30,31,32,34,35,38,39], 
       [1,3,4,6,7,8,9,11,16,17,18,20,24,26,28,31,35,36,39], 
       [1,3,4,5,8,10,11,12,13,14,21,22,25,26,29,30,32,33,34,36], 
       [2,5,9,12,13,16,17,18,22,23,24,25,26,27,28,29,35,37,38,39], 
       [2,4,5,9,11,12,14,16,18,20,21,22,23,24,28,29,32,33,35,38], 
       [0,1,2,3,5,8,9,11,14,17,18,19,20,23,24,27,30,33,36,37], 
       [2,3,4,5,7,10,11,12,14,15,19,21,26,28,29,30,31,35,36,39], 
       [0,1,2,4,7,8,9,15,17,21,24,26,27,28,30,31,32,33,34,37], 
       [0,1,3,4,10,12,15,16,21,23,29,31,33,34,35,37,38,39]
     ], 
     "paginations": [
       [28,13,23], 
       [24,0,30,6], 
       [29,8,2], 
       [27,34], 
       [19,12,31,25,21], 
       [33,15,17], 
       [11,7,9,10], 
       [1,4,5], 
       [14,20,32], 
       [26,22], 
       [16,3,18]
     ], 
     "properSymbolCount": 0, 
     "solvers": {
       "BestFusion": 14, 
       "FirstFit": 15, 
       "GeneticGroup": 11, 
       "GeneticStandard": 13, 
       "OverloadAndRemove": 13, 
       "OverloadAndRemovePresort": 13
     }, 
     "symbolCount": 40, 
     "symbols": [0,1,2,3,4,5,6,7,8,9,10,11,12,13,14,15,16,17,18,19,20,21,22,23,24,25,26,27,28,29,30,31,32,33,34,35,36,37,38,39], 
     "tileCount": 35, 
     "tileMaxSize": 14, 
     "tileMinSize": 5, 
     "tiles": [
       [5,6,7,9,20,21,29,35], 
       [1,2,3,9,19,24,27,33,36,37], 
       [0,9,18,20,21,27,28,30,38,39], 
       [0,10,15,16,21,31,39], 
       [2,3,5,8,11,18,20,24,36], 
       [0,1,5,8,14,17,19,20,23,30], 
       [6,21,22,25,33,36], 
       [2,12,16,28,32], 
       [0,3,8,9,15,23,31,32,34,39], 
       [2,4,11,20,21,23,24,29], 
       [2,5,9,12,14,18,21,22,24,28,32], 
       [4,9,12,16,20,22,28,33,35,38], 
       [8,12,13,32,33], 
       [4,6,12,14,25,26,27,28,31,34,39], 
       [4,5,10,11,12,14,15,21,26,31,36,39], 
       [2,5,9,13,16,18,23,29], 
       [0,1,3,10,12,16,23,29,33,35], 
       [2,5,13,17,22,25,26,27,28,29,35,37,38,39], 
       [4,15,34,37,38], 
       [3,5,11,12,13,14,25,30,32,33,34,36], 
       [2,3,4,5,10,14,19,28,29,30,31,35], 
       [1,3,5,8,11,21,26,29], 
       [1,2,7,8,17,21,27,30,31,34,37], 
       [11,14,16,18,23,25,27,31], 
       [5,7,11,22,23,33,35,36,39], 
       [3,4,10,11,25,26,29,30,36], 
       [0,4,9,15,21,24,26,28,30,32,33,37], 
       [1,3,4,6,7,8,16,17,28,31], 
       [5,11,12,13,18,19,23,25,28,31,36,37,39], 
       [0,4,9,18,21,22,23,30,34,35], 
       [10,12,13,17,20,21,23,24,33,36], 
       [5,8,10,11,12,22,26,30,34,36], 
       [3,5,7,14,15,19,21,39], 
       [12,16,17,18,23,24,27,28,29,35,38], 
       [9,11,18,20,24,26,28,35,36,39]
     ], 
     "times": {
       "BestFusion": 0.03, 
       "FirstFit": 0.02, 
       "GeneticGroup": 41.46, 
       "GeneticStandard": 3.27, 
       "OverloadAndRemove": 0.31, 
       "OverloadAndRemovePresort": 0.27
     }
   }, 
   {
     "approximation": "OverloadAndRemove [2014-10-28 15:07:17]", 
     "avgMultiplicity": 4.33, 
     "capacity": 20, 
     "category": "gauss", 
     "lowerBound": 2, 
     "pageCount": 5, 
     "pages": [
       [0,2,3,4,10,11,13,14,17,18,20,21,24,26,28,30,33,35,37,38], 
       [4,5,8,9,10,13,14,15,16,18,21,23,24,25,27,28,29,35,36,39], 
       [2,4,6,7,10,15,17,18,20,22,25,26,30,31,33,34,35,38,39], 
       [0,1,2,3,10,11,12,13,14,16,18,19,21,23,26,28,29,31,35,36], 
       [0,3,7,8,15,16,18,24,26,32,34,37]
     ], 
     "paginations": [
       [3,5,8,14,16,17,21,22,24,28,30], 
       [6,0,4,7,15,10,31,33,34], 
       [20,18,25,12,1,9,11,32], 
       [2,19,13,26,23], 
       [27,29]
     ], 
     "properSymbolCount": 3, 
     "solvers": {
       "BestFusion": 6, 
       "FirstFit": 6, 
       "GeneticGroup": 5, 
       "GeneticStandard": 5, 
       "OverloadAndRemove": 5, 
       "OverloadAndRemovePresort": 5
     }, 
     "symbolCount": 40, 
     "symbols": [0,1,2,3,4,5,6,7,8,9,10,11,12,13,14,15,16,17,18,19,20,21,22,23,24,25,26,27,28,29,30,31,32,33,34,35,36,37,38,39], 
     "tileCount": 35, 
     "tileMaxSize": 10, 
     "tileMinSize": 2, 
     "tiles": [
       [5,10,14,15,16,23], 
       [2,4,6,7,15,17], 
       [2,11,12,13,16,19,21,28,31,35], 
       [3,4,13,33,35,38], 
       [8,9,16,23,25], 
       [3,11,18], 
       [23,24,25], 
       [4,8,9,36], 
       [10,14,28,35], 
       [17,25], 
       [8,10,24,28,35], 
       [10,34], 
       [15,18,25,30,33,38,39], 
       [0,11,18,23,29,36], 
       [2,4,17,18,26], 
       [8,9,10,14,27,36], 
       [2,10,13,17,21], 
       [4,13,17,37], 
       [20,22,34], 
       [1,10,13,16,18,19,26], 
       [7,20,22,39], 
       [2,3,17,18,20,28], 
       [14,21,28,30], 
       [0,1,3,14,16,18,36], 
       [3,28,37], 
       [4,6,20,22,35], 
       [1,11,28,29,35], 
       [0,7,8,16,26,37], 
       [0,2,11,35], 
       [3,15,18,24,32,34], 
       [3,20,24,30,33], 
       [13,29,35,36], 
       [4,25,26,31,33], 
       [13,15,18,27,28,39], 
       [15,21,35,36]
     ], 
     "times": {
       "BestFusion": 0.03, 
       "FirstFit": 0.02, 
       "GeneticGroup": 31.12, 
       "GeneticStandard": 2.79, 
       "OverloadAndRemove": 0.12, 
       "OverloadAndRemovePresort": 0.12
     }
   }, 
   {
     "approximation": "GeneticGroup [2015-11-05 21:41:09]", 
     "avgMultiplicity": 8.15, 
     "capacity": 20, 
     "category": "gauss", 
     "lowerBound": 2, 
     "pageCount": 10, 
     "pages": [
       [1,3,4,5,6,11,13,15,17,18,20,21,22,23,26,28,32,33,34,38], 
       [1,2,7,8,9,12,17,18,19,20,23,24,25,28,29,31,33,34,35,39], 
       [3,4,5,9,12,13,14,15,17,18,20,24,26,28,29,31,32,34,37,38], 
       [1,2,3,6,13,15,16,18,20,21,23,24,25,27,28,30,32,33,34,36], 
       [1,3,4,7,8,9,10,12,14,15,16,18,19,23,24,27,28,30,35,39], 
       [3,4,5,7,8,9,13,15,19,21,22,23,25,27,29,30,33,36,37,38], 
       [0,1,5,7,10,11,17,20,22,23,25,26,27,30,31,34,35,36,37,38], 
       [0,2,4,6,11,13,14,15,18,19,21,25,26,29,30,32,33,34,37,39], 
       [1,3,6,7,8,9,12,16,17,19,21,22,28,29,32,34,35,37,39], 
       [0,3,5,6,8,10,11,15,16,17,22,24,25,27,29,31,33,34,36,38]
     ], 
     "paginations": [
       [12,32,1,22], 
       [28,33,9], 
       [6,23,20], 
       [8,10,25,31], 
       [30,18,24,29], 
       [19,2,7,16], 
       [4,11,5], 
       [27,21,3,15], 
       [17,14,0], 
       [13,34,26]
     ], 
     "properSymbolCount": 0, 
     "solvers": {
       "BestFusion": 13, 
       "FirstFit": 14, 
       "GeneticGroup": 10, 
       "GeneticStandard": 12, 
       "OverloadAndRemove": 12, 
       "OverloadAndRemovePresort": 13
     }, 
     "symbolCount": 40, 
     "symbols": [0,1,2,3,4,5,6,7,8,9,10,11,12,13,14,15,16,17,18,19,20,21,22,23,24,25,26,27,28,29,30,31,32,33,34,35,36,37,38,39], 
     "tileCount": 35, 
     "tileMaxSize": 14, 
     "tileMinSize": 6, 
     "tiles": [
       [3,6,9,12,17,19,22,28,34], 
       [3,4,15,18,21,23,26,33,34], 
       [3,5,8,9,15,23,25,27,29,30,37], 
       [6,11,13,14,15,19,25,29,32,33], 
       [0,5,7,10,17,20,25,26,27,37,38], 
       [10,11,20,22,30,34,35], 
       [9,13,17,20,26,28,29,31,32], 
       [3,5,9,13,19,23,29,33,38], 
       [1,13,21,24,25,33], 
       [1,9,18,20,23,25,29,31,34,39], 
       [15,16,18,20,24,28,30,33,34], 
       [1,7,11,17,23,25,31,36,37], 
       [4,5,6,11,13,15,17,18,20,22,26,28], 
       [5,6,8,11,16,22,24,27,29,31,34,36], 
       [6,7,16,17,19,21,22,29,32,35,37,39], 
       [4,6,11,19,21,30,32,34], 
       [13,15,21,22,25,27,36,37], 
       [1,8,9,12,16,22,28,29,32], 
       [3,4,8,10,12,27,30,39], 
       [4,7,13,19,21,23,29,38], 
       [3,4,12,13,14,15,24,26,29,31,34,37], 
       [0,2,26,29,33,34,39], 
       [1,4,5,6,17,18,28,33,34], 
       [5,12,14,18,31,32,34,37,38], 
       [3,12,15,24,30,35,39], 
       [2,13,15,16,18,20,21,23,25,28], 
       [5,8,10,16,17,25,38], 
       [2,11,14,18,19,21,29,33,37,39], 
       [2,8,17,18,19,20,28,35], 
       [1,7,12,15,16,18,19,23,28,30], 
       [3,8,9,10,14,16,18,19,24], 
       [1,2,3,6,24,27,28,32,33,36], 
       [3,4,17,22,23,26,28,32,38], 
       [2,7,8,9,12,19,23,24,25,28,31,33,34,35], 
       [0,3,5,6,15,17,24,33,36]
     ], 
     "times": {
       "BestFusion": 0.03, 
       "FirstFit": 0.02, 
       "GeneticGroup": 40.98, 
       "GeneticStandard": 3.3, 
       "OverloadAndRemove": 0.27, 
       "OverloadAndRemovePresort": 0.29
     }
   }
 ]