[
   {
     "approximation": "GeneticGroup [2014-10-29 13:46:04]", 
     "avgMultiplicity": 16.92, 
     "capacity": 20, 
     "category": "gauss", 
     "cplexLB": 3, 
     "lowerBound": 2, 
     "pageCount": 4, 
     "pages": [
       [0,1,2,3,4,5,7,8,9,10,12,13,15,16,18,19,20,21,22,23], 
       [1,2,3,5,6,7,8,9,10,11,12,13,14,15,17,19,21,22,23,24], 
       [0,1,2,4,5,7,8,9,10,11,12,14,16,17,18,19,20,22,23,24], 
       [0,2,3,6,7,9,11,12,13,14,15,16,17,18,19,20,23]
     ], 
     "paginations": [
       [69,81,66,21,44,84,36,22,63,6,76,0,47,43,13,58,3,62,23,1,40,48,51,45,26,9,4,8,73,67,77,57,18,30,27,34,80,54,15], 
       [74,28,82,78,2,20,72,53,19,37,17,50,59,52,7,25,49,14,46,68,31,71], 
       [5,61,29,24,39,10,42,33,64,16,60,83,75,55,32,56,11], 
       [38,41,65,70,12,35,79]
     ], 
     "properSymbolCount": 0, 
     "solvers": {
       "BestFusion": 6, 
       "FirstFit": 6, 
       "GeneticGroup": 4, 
       "GeneticStandard": 5, 
       "OverloadAndRemove": 5, 
       "OverloadAndRemovePresort": 5
     }, 
     "symbolCount": 25, 
     "symbols": [0,1,2,3,4,5,6,7,8,9,10,11,12,13,14,15,16,17,18,19,20,21,22,23,24], 
     "tileCount": 85, 
     "tileMaxSize": 10, 
     "tileMinSize": 2, 
     "tiles": [
       [4,13,15,16,20], 
       [7,10,12,16,19], 
       [5,9,11,12,13,24], 
       [0,4,13,20,21], 
       [7,8,13,18,20,22], 
       [1,2,9,11,12,18,22,23], 
       [2,4,5,8,15,16,18,22], 
       [2,7,8,10,11,14,23], 
       [10,12,15,16,22], 
       [2,13,16,21,22], 
       [1,2,4,7,8,10,11], 
       [1,17,20], 
       [0,7,15,17,23], 
       [1,4,5,13], 
       [7,11,21], 
       [10,13,23], 
       [0,4,16,19,24], 
       [9,13,15,23,24], 
       [9,21], 
       [5,12,15,21,24], 
       [8,17,24], 
       [0,1,4,16,18], 
       [1,2,7,19,20], 
       [5,8,10,13,19,20], 
       [4,7,9,11,16,19,20], 
       [1,6,9,17,19], 
       [10,12,13,16,18,19], 
       [20,22,23], 
       [2,6,8,13,24], 
       [4,5,9,11,14,19,22], 
       [0,2,4,10,16,19,22], 
       [3,5,9,11,19,22,24], 
       [4,17,19], 
       [9,12,14,16,22,24], 
       [8,9,13,15,23], 
       [6,9,11,18,19], 
       [1,2,3,7,15,16,20,21], 
       [1,6,10,13,22], 
       [2,3,11,14,16,20], 
       [1,5,9,10,17,18,24], 
       [4,10,18,20,22], 
       [2,9,11,13,15,20], 
       [2,11,17,19,20,22], 
       [1,3,12], 
       [5,7,8], 
       [10,13,16,20], 
       [6,9,15], 
       [4,20,21,22], 
       [1,18,20], 
       [17,19,21], 
       [3,9,10,13,14,22,24], 
       [1,2,9,15,18,19], 
       [6,17,19,22], 
       [5,9,11,15,23], 
       [4,15,20,21,23], 
       [14,17,20], 
       [18,23,24], 
       [2,4,5,9], 
       [0,1,12,22], 
       [3,5,6,8,13], 
       [0,1,4,18,24], 
       [0,10,12,14,16,18,23], 
       [12,13,18,19,22,23], 
       [0,3,10,21,23], 
       [0,2,11,14,18], 
       [0,6,11,14,20], 
       [0,2,3,16,21], 
       [8,10,16,18,21], 
       [1,2,3,7,10,11,17,19,22,23], 
       [9,13,18], 
       [3,6,7,15,18], 
       [7,9,14,17], 
       [1,3,8,14,22,23,24], 
       [0,4,8,22], 
       [5,8,11,14], 
       [2,7,14,18], 
       [4,5,10,18,22], 
       [5,12,20,22], 
       [2,5,6,13,15], 
       [12,14,15,20], 
       [7,13,22,23], 
       [7,9,10,12,16], 
       [3,7,14,21], 
       [0,5,11,14,24], 
       [3,8,12,19]
     ], 
     "times": {
       "BestFusion": 0.16, 
       "FirstFit": 0.23, 
       "GeneticGroup": 99.64, 
       "GeneticStandard": 13.07, 
       "OverloadAndRemove": 0.64, 
       "OverloadAndRemovePresort": 0.63
     }
   }, 
   {
     "approximation": "GeneticGroup [2014-10-29 13:46:04]", 
     "avgMultiplicity": 34.0, 
     "capacity": 20, 
     "category": "gauss", 
     "cplexLB": 3, 
     "lowerBound": 2, 
     "pageCount": 11, 
     "pages": [
       [0,3,4,5,6,7,8,10,12,13,14,15,16,17,18,19,20,21,22,23], 
       [1,3,4,5,6,7,8,10,11,12,13,15,16,17,18,19,20,21,23,24], 
       [0,1,3,4,6,7,9,10,11,13,14,15,16,17,18,20,21,22,23,24], 
       [1,2,3,4,5,6,8,9,10,12,13,14,16,17,19,20,21,22,23,24], 
       [0,1,2,5,6,7,9,10,12,14,15,16,17,18,19,20,21,22,23,24], 
       [0,2,3,5,6,7,8,9,10,11,13,14,16,17,18,20,21,22,23,24], 
       [0,1,2,4,7,8,9,10,11,12,13,14,16,17,18,19,20,21,22,23], 
       [0,2,3,4,5,7,8,9,10,12,13,15,16,17,18,19,20,21,22,23], 
       [0,2,3,4,5,6,7,8,9,10,11,12,13,14,15,17,18,21,22,24], 
       [0,1,2,4,5,6,7,8,9,12,13,14,15,16,18,19,21,22,23,24], 
       [0,2,4,5,6,7,8,9,11,12,14,15,17,18,19,20,22,23,24]
     ], 
     "paginations": [
       [42,50,70,28,77,30,23,64,75,68,26,61,40], 
       [21,76,34,15,53,8,62,79,59,55,9], 
       [51,2,47,29,12,7,33,27,35,6], 
       [24,46,48,37,82,57,11,44,22,36], 
       [81,31,72,78,0,4,67], 
       [73,1,49,13,16,63,41,5,20,32], 
       [43,54,14,38,19], 
       [39,66,25,3,60,84], 
       [58,80,45], 
       [83,56,65,52,71,17], 
       [10,18,74,69]
     ], 
     "properSymbolCount": 0, 
     "solvers": {
       "BestFusion": 18, 
       "FirstFit": 18, 
       "GeneticGroup": 11, 
       "GeneticStandard": 14, 
       "OverloadAndRemove": 15, 
       "OverloadAndRemovePresort": 16
     }, 
     "symbolCount": 25, 
     "symbols": [0,1,2,3,4,5,6,7,8,9,10,11,12,13,14,15,16,17,18,19,20,21,22,23,24], 
     "tileCount": 85, 
     "tileMaxSize": 15, 
     "tileMinSize": 6, 
     "tiles": [
       [0,1,5,9,10,12,18,20,21,23,24], 
       [0,3,5,9,11,20,21,22,23], 
       [1,6,10,13,15,16,20,22,24], 
       [2,3,5,9,10,12,18,23], 
       [0,2,5,6,12,14,16,17,18,19,22], 
       [6,7,8,9,10,14,16,18,20,22,23], 
       [0,1,3,7,9,11,13,18,21], 
       [0,1,3,10,11,14,15,18,21,23,24], 
       [3,5,6,7,10,11,12,16,20,23,24], 
       [3,4,6,8,10,16,17,21,23,24], 
       [0,2,5,6,7,8,9,11,12,22,23], 
       [2,3,8,12,14,17,19,21,24], 
       [7,9,10,13,14,15,16,17,21,23,24], 
       [2,5,7,10,13,16,18,20,22,24], 
       [1,4,8,10,11,14,16,19,20,21,22], 
       [3,4,5,7,10,11,12,15,17,18,19,20], 
       [2,5,6,7,8,9,11,13,14,16,17], 
       [0,5,6,8,9,12,14,15,19,21,24], 
       [2,5,9,11,14,15,17,19,23,24], 
       [1,2,4,7,8,9,10,12,14,17,18,19,23], 
       [6,7,8,9,20,22,23,24], 
       [1,5,10,11,16,20], 
       [3,4,5,6,9,10,12,13,16,20,21,23], 
       [3,4,8,12,15,16,17,18,19,22], 
       [1,2,3,4,5,9,13,17,20,21,23,24], 
       [0,3,4,5,7,9,10,12,13,15,17,19,21], 
       [4,7,10,12,15,16,17,18,19,21,22], 
       [1,7,11,14,16,18,20,22,23,24], 
       [4,7,8,12,15,17,19,21,23], 
       [1,4,6,15,20,22], 
       [0,3,7,8,12,14,18,22], 
       [0,5,6,7,9,10,15,18,19,20,22,24], 
       [2,3,5,10,11,14,18,21,24], 
       [0,3,4,6,7,9,10,17,21,22,24], 
       [1,4,5,6,8,10,11,12,13,21,24], 
       [0,4,7,10,14,23,24], 
       [2,4,6,9,12,16,17,22,24], 
       [2,3,4,5,6,8,9,12,13,21,23], 
       [0,2,4,7,8,11,12,13,17,19,21,23], 
       [0,4,8,9,10,13,15,16,18,21,23], 
       [0,6,8,10,12,13,18,19,22], 
       [0,3,5,10,11,16,17,22,23,24], 
       [4,5,6,7,8,10,12,14,15,16,17,20,22], 
       [0,2,4,7,10,11,18,20,22], 
       [4,9,10,12,13,17,19,22], 
       [2,4,7,12,13,14,15,18,21,22,24], 
       [8,9,10,12,19,21,24], 
       [4,6,9,10,11,13,20,22,23], 
       [3,4,5,9,12,14,16,17,21], 
       [2,11,13,16,20,22,23], 
       [0,5,6,8,10,13,14,15,22,23], 
       [9,15,17,18,20,21,23], 
       [0,2,6,7,12,13,14,19,21,22], 
       [8,11,12,16,19,21], 
       [0,2,7,8,9,10,11,12,13,16,18,19,20,22], 
       [4,11,12,17,20,21], 
       [1,2,4,5,12,15,16,18,19,23,24], 
       [1,3,6,13,14,16,19,23,24], 
       [0,6,7,8,9,10,11,12,13,14,17,18,21,22], 
       [1,3,6,7,11,13,15,16,17,19], 
       [2,3,7,8,9,12,17,19,22], 
       [0,6,7,8,13,14,15,17,18,19,20,23], 
       [3,4,6,8,11,12,18,19], 
       [2,8,11,13,14,17,21,22,24], 
       [0,4,5,12,15,17,19,20,22], 
       [1,2,4,13,14,15,18,23], 
       [2,3,4,5,7,8,10,18,20,21,22], 
       [1,6,7,9,12,15,17,20,21,24], 
       [0,4,7,10,12,13,15,19,22], 
       [0,5,6,9,11,12,15,19,20,22], 
       [3,4,5,7,12,14,16,19,21], 
       [8,12,14,15,18,19,24], 
       [2,5,6,9,12,15,18,19,20,22,23,24], 
       [0,8,11,13,14,16,18,20,21,22,24], 
       [4,9,12,14,15,18,20,24], 
       [3,12,13,14,16,17,18,19], 
       [1,3,6,7,8,11,13,15,18,23], 
       [0,3,4,5,8,14,17,18,21,22,23], 
       [0,1,2,6,7,9,15,16,19,20,22], 
       [1,3,4,5,6,10,11,19,20,21,23], 
       [2,3,4,5,7,8,9,10,11,14,15,17,24], 
       [1,2,7,10,12,14,15,16,18,21,22,24], 
       [1,2,4,5,8,9,10,13,16,17,19,20,21,22,23], 
       [0,1,5,8,13,14,16,19,21,23,24], 
       [0,4,5,9,12,17,19,20,21,23]
     ], 
     "times": {
       "BestFusion": 0.11, 
       "FirstFit": 0.08, 
       "GeneticGroup": 127.6, 
       "GeneticStandard": 11.36, 
       "OverloadAndRemove": 1.44, 
       "OverloadAndRemovePresort": 1.26
     }
   }, 
   {
     "approximation": "GeneticGroup [2014-10-29 13:46:04]", 
     "avgMultiplicity": 50.0, 
     "capacity": 20, 
     "category": "gauss", 
     "cplexLB": 3, 
     "lowerBound": 2, 
     "pageCount": 30, 
     "pages": [
       [0,1,4,5,6,7,9,10,12,13,14,16,17,18,19,20,21,22,23,24], 
       [0,1,3,5,6,7,9,10,11,12,14,15,16,18,19,20,21,22,23,24], 
       [0,2,3,4,6,7,8,10,11,12,13,14,15,17,18,20,21,22,23,24], 
       [0,1,3,4,6,7,8,9,11,12,13,14,15,16,17,18,20,21,22,23], 
       [0,1,2,5,7,8,9,10,12,13,14,15,16,17,19,20,21,22,23,24], 
       [2,3,4,5,6,7,8,9,10,11,12,13,14,15,17,18,19,20,23,24], 
       [0,3,4,5,6,7,8,9,12,13,14,15,16,17,19,20,21,22,23,24], 
       [1,3,4,5,8,9,11,12,13,14,15,16,17,18,19,20,21,22,23,24], 
       [0,1,3,4,5,6,8,9,11,12,13,14,15,17,18,20,21,22,23,24], 
       [0,1,2,3,4,5,6,7,9,10,13,15,17,18,19,20,21,22,23,24], 
       [0,1,2,5,6,7,8,9,11,12,13,14,15,16,17,18,19,20,21,23], 
       [0,1,2,3,5,6,8,9,10,12,13,14,15,16,17,18,21,22,23,24], 
       [1,2,3,5,6,8,9,10,11,12,13,14,16,17,18,19,20,22,23,24], 
       [0,2,3,4,5,6,7,8,9,12,14,16,17,18,19,20,21,22,23,24], 
       [0,2,3,4,5,6,7,9,10,11,12,14,15,16,17,18,19,20,21,23], 
       [0,1,2,3,5,6,7,8,11,12,13,14,15,16,17,19,20,22,23,24], 
       [0,1,2,3,4,5,6,7,9,10,11,12,16,17,18,19,20,21,22,24], 
       [0,1,2,3,4,5,6,7,8,9,10,11,12,14,16,17,18,21,22,23], 
       [0,1,3,4,6,8,10,11,12,13,14,15,16,17,18,19,21,22,23,24], 
       [0,1,2,3,4,6,8,9,10,11,12,13,14,15,17,18,19,20,21,23], 
       [1,2,3,6,7,8,9,10,11,12,14,15,16,17,18,19,20,21,23,24], 
       [2,3,4,5,6,7,8,9,10,11,12,13,15,16,17,18,19,20,21,24], 
       [0,2,3,4,6,8,9,10,11,12,15,16,17,18,19,21,22,23,24], 
       [1,2,3,6,7,8,9,10,11,12,13,14,16,17,18,20,21,22,23,24], 
       [1,2,4,5,7,8,9,10,11,12,13,14,15,16,18,19,20,21,23,24], 
       [0,1,3,4,5,6,7,8,10,11,13,14,15,16,17,18,19,20,23,24], 
       [0,1,2,3,4,5,6,7,8,10,11,12,15,16,18,19,20,22,23,24], 
       [1,2,3,4,5,6,7,8,10,11,12,13,14,15,16,17,19,20,22,23], 
       [0,3,4,5,7,8,9,11,12,13,14,15,16,17,19,20,21,22,23,24], 
       [2,3,4,5,6,7,8,11,12,13,14,15,16,17,18,19,20,21,22,23]
     ], 
     "paginations": [
       [5,19,61,3,69,68], 
       [55,21,46], 
       [9,40,63], 
       [34,10,22], 
       [62,76,24], 
       [44,8], 
       [30,73,17], 
       [81,31,6], 
       [71,11,58], 
       [74,78], 
       [70,1,65,43], 
       [12,77,23], 
       [16,52], 
       [38,72,56], 
       [48,83], 
       [54,26], 
       [59,53,32], 
       [15,42,37,50], 
       [0,35], 
       [25,4], 
       [75,57,60], 
       [49,41,27,47,13], 
       [66,64], 
       [36,67], 
       [84,2,51], 
       [33,45,28,80], 
       [39,14], 
       [18,29], 
       [20,82], 
       [7,79]
     ], 
     "properSymbolCount": 0, 
     "solvers": {
       "BestFusion": 37, 
       "FirstFit": 37, 
       "GeneticGroup": 30, 
       "GeneticStandard": 34, 
       "OverloadAndRemove": 36, 
       "OverloadAndRemovePresort": 37
     }, 
     "symbolCount": 25, 
     "symbols": [0,1,2,3,4,5,6,7,8,9,10,11,12,13,14,15,16,17,18,19,20,21,22,23,24], 
     "tileCount": 85, 
     "tileMaxSize": 19, 
     "tileMinSize": 9, 
     "tiles": [
       [0,1,3,4,6,8,10,11,13,14,16,17,18,19,21,22,23,24], 
       [1,5,6,8,11,12,13,15,16,17,19,20,21,23], 
       [1,2,4,7,9,11,12,13,15,18,19,20,21,23], 
       [0,1,5,7,10,12,13,14,17,18,19,21,22,23], 
       [0,1,3,4,6,10,11,12,14,15,17,18,19,20,23], 
       [0,1,5,7,9,10,12,14,16,18,19,20,21,22,23], 
       [1,3,4,5,8,11,12,15,16,17,19,23,24], 
       [2,6,7,8,11,12,14,15,16,17,18,19,20,21,22], 
       [2,3,4,7,9,10,11,12,13,15,17,18,19,20,23,24], 
       [2,3,4,6,7,8,10,11,12,13,17,18,20,21,23,24], 
       [0,1,6,7,8,12,13,17,20,21,22,23], 
       [1,4,6,8,11,12,13,14,15,17,18,20,22,23,24], 
       [0,3,5,6,8,9,12,13,14,16,18,21,24], 
       [2,4,5,6,7,8,10,11,13,15,16,17,18,21], 
       [1,2,3,5,6,12,15,16,18,19,20,23,24], 
       [0,1,2,3,4,7,8,9,10,11,14,18,22], 
       [2,3,5,6,8,9,10,11,12,13,14,16,18,19,20,22,23], 
       [0,3,4,5,6,7,8,9,12,13,14,15,16,20,23], 
       [1,2,4,5,6,7,8,10,11,12,13,15,16,19,20,22], 
       [0,1,4,7,9,10,12,13,14,16,18,20,21,23,24], 
       [0,3,4,5,8,9,11,13,14,16,19,20,22,24], 
       [0,1,6,7,9,10,11,12,14,15,16,18,19,20,21,24], 
       [0,1,4,6,8,9,11,13,14,15,16,17,20,21,22,23], 
       [0,5,6,8,9,10,12,13,14,15,16,18,21,22,23,24], 
       [0,1,9,14,15,17,19,21,23], 
       [0,1,2,3,4,6,8,9,10,11,13,14,15,17,18,20,21,23], 
       [0,2,6,8,11,12,13,14,15,16,17,19,20,22,23,24], 
       [4,5,6,7,9,11,12,13,15,16,17,18,19,20], 
       [0,5,6,7,8,10,11,13,15,16,17,18,20,23,24], 
       [1,2,3,4,6,7,8,10,11,12,14,15,16,17,20,22,23], 
       [0,3,4,5,6,7,9,12,13,14,15,16,17,19,20,21,22,24], 
       [1,4,5,8,9,11,12,13,16,17,18,19,21,22,23,24], 
       [0,1,2,4,5,6,9,11,12,17,18,19,20,21,22], 
       [1,3,4,8,10,11,13,14,17,19,20,23,24], 
       [0,1,3,4,6,7,9,12,13,14,15,16,18,20,21,22,23], 
       [3,6,11,12,14,15,16,17,19,21,22,24], 
       [1,2,3,6,7,8,9,10,11,13,17,20,22,23,24], 
       [0,1,2,5,8,9,11,14,17,18,21,22,23], 
       [4,6,7,8,9,12,16,17,18,19,20,21,22,23], 
       [0,1,2,3,4,5,6,7,8,10,11,12,16,18,19,20,22,23,24], 
       [4,6,7,8,10,12,13,14,15,17,22,23,24], 
       [5,6,7,9,10,11,12,13,18,20,21], 
       [0,1,2,3,4,6,7,9,11,12,16,18,21,22,23], 
       [0,1,6,7,8,9,11,12,13,14,18,19,21,23], 
       [2,4,5,6,7,8,9,10,11,12,13,14,15,17,18,19,23,24], 
       [0,3,4,5,7,10,11,13,14,15,17,19,20,23,24], 
       [0,1,3,6,7,9,10,12,15,16,18,21,22,24], 
       [2,4,6,7,9,11,12,15,18,20,21,24], 
       [0,2,3,4,5,9,11,14,15,18,19,20,21], 
       [3,4,5,6,7,8,10,15,16,17,21,24], 
       [0,1,5,6,7,10,11,12,14,16,17,18,21,23], 
       [1,2,4,5,7,9,10,12,13,14,15,16,18,20,21,23,24], 
       [1,2,8,9,10,11,13,16,17,18,19,20,22,23,24], 
       [0,1,3,5,6,7,9,10,11,12,16,17,19,20,22,24], 
       [0,1,2,3,5,7,8,12,14,15,17,19,20,22,24], 
       [0,3,5,6,7,9,11,12,14,15,19,21,23,24], 
       [0,2,4,5,6,7,8,12,14,16,17,19,21,23,24], 
       [1,2,3,6,7,8,9,10,11,12,14,15,16,18,19,21,23,24], 
       [0,1,3,4,5,6,8,9,11,15,17,18,21,22], 
       [1,2,3,4,5,6,9,10,11,12,16,17,18,19,22], 
       [2,8,9,10,11,12,15,16,17,21,24], 
       [4,5,6,7,9,10,12,14,16,17,19,20,22,23], 
       [0,2,5,7,8,9,10,13,14,15,16,17,19,20,21,22,23,24], 
       [0,2,3,4,8,10,11,13,14,15,17,18,20,21,22,23,24], 
       [0,2,6,8,9,11,12,15,17,18,19,21,22,23], 
       [0,5,7,11,12,13,14,15,16,17,18,19,20,23], 
       [0,3,4,6,8,9,10,12,15,16,18,19,21,23,24], 
       [1,2,3,6,9,10,12,13,14,16,17,18,20,21,22,24], 
       [4,5,10,13,17,18,19,22,23], 
       [0,1,6,7,9,10,12,13,14,17,21,24], 
       [0,2,5,6,7,8,9,11,12,13,14,15,16,17,20,21,23], 
       [1,3,5,6,8,11,12,13,14,15,17,20,21,22,24], 
       [0,2,3,7,9,14,17,18,19,20,21,22,23,24], 
       [3,5,7,8,12,13,14,15,17,20,21,24], 
       [0,1,2,6,9,10,13,15,18,19,20,21,22,23,24], 
       [1,2,3,6,7,8,9,10,11,12,14,17,19,20,23], 
       [0,1,2,5,7,9,10,12,13,14,15,16,19,20,21,22,23,24], 
       [0,1,2,5,6,9,12,13,14,15,16,17,18,22], 
       [0,1,3,4,5,6,7,9,10,13,17,19,20,21,23], 
       [2,3,4,5,6,7,11,13,14,16,17,18,19,20,21,22,23], 
       [1,3,4,5,6,7,8,11,14,15,17,23,24], 
       [1,3,4,9,11,13,14,15,18,19,20,21,22,23,24], 
       [0,4,5,7,8,9,11,12,15,17,20,21,22,23,24], 
       [2,4,5,6,7,10,11,12,15,16,17,18,19,21,23], 
       [1,2,4,5,7,8,9,10,11,14,16,21,23,24]
     ], 
     "times": {
       "BestFusion": 0.13, 
       "FirstFit": 0.09, 
       "GeneticGroup": 152.76, 
       "GeneticStandard": 11.44, 
       "OverloadAndRemove": 3.24, 
       "OverloadAndRemovePresort": 2.74
     }
   }, 
   {
     "approximation": "GeneticGroup [2014-10-29 13:46:04]", 
     "avgMultiplicity": 17.8, 
     "capacity": 20, 
     "category": "gauss", 
     "cplexOpt": 4, 
     "lowerBound": 2, 
     "pageCount": 4, 
     "pages": [
       [1,3,4,5,6,7,8,9,12,13,14,15,16,17,18,19,21,22,23,24], 
       [0,1,2,3,4,5,6,8,9,10,11,12,14,15,16,17,20,21,22,24], 
       [0,1,2,3,4,5,7,8,10,11,12,13,16,18,19,20,21,22,23,24], 
       [0,2,4,5,6,7,8,9,10,11,13,14,15,17,18,19,20,22,23,24]
     ], 
     "paginations": [
       [14,68,51,41,57,58,24,3,49,84,6,44,15,66,8,71,25,26,77,47,53,48,39,13,45,76,40,65,23,83,18,70,78,59,81,11,17,46], 
       [35,42,67,31,64,20,32,74,27,38,54,73,30,1,5,12,10,75,69,43], 
       [60,55,33,34,16,72,37,62,7,61,2,79,0,36,22,28,82,63,56], 
       [29,21,9,19,52,50,4,80]
     ], 
     "properSymbolCount": 0, 
     "solvers": {
       "BestFusion": 6, 
       "FirstFit": 6, 
       "GeneticGroup": 4, 
       "GeneticStandard": 5, 
       "OverloadAndRemove": 5, 
       "OverloadAndRemovePresort": 5
     }, 
     "symbolCount": 25, 
     "symbols": [0,1,2,3,4,5,6,7,8,9,10,11,12,13,14,15,16,17,18,19,20,21,22,23,24], 
     "tileCount": 85, 
     "tileMaxSize": 9, 
     "tileMinSize": 2, 
     "tiles": [
       [2,8,18,20,24], 
       [0,6,14,22], 
       [5,8,10,19], 
       [3,7,15,17,21,24], 
       [0,6,9,18,23], 
       [2,9,24], 
       [3,5,21,22], 
       [4,8,10,21], 
       [8,12,16,17,22], 
       [0,5,8,11,15,18,20], 
       [1,4,11,24], 
       [14,16,21,23], 
       [0,24], 
       [1,4,5,14,17], 
       [4,12,15,17,24], 
       [1,6,23], 
       [2,5,8,18,19], 
       [3,5,9,12,16,18], 
       [6,14,15,23,24], 
       [4,6,17,18,20,22,23], 
       [0,3,15,16], 
       [0,2,11,15,17,19,20,23], 
       [1,2,5,7,23], 
       [1,9,17,18,23], 
       [3,5,14,15,22], 
       [5,14,19], 
       [8,9,13,23], 
       [2,5,11,14,15,16,17,24], 
       [2,20,21,22,24], 
       [2,5,6,7,11,13,15,23], 
       [6,8,9,10,17,22], 
       [15,16,20,22], 
       [9,11,12,15], 
       [5,11,22,23,24], 
       [0,1,12,19,22,23], 
       [6,8,9,12,14,17,20], 
       [1,2,3,7,16,19,21], 
       [2,4,5,7,11,12,16,19,23], 
       [1,10,12,15,16,17], 
       [5,9,12,16,18,23,24], 
       [6,9,13,14,16,18,23,24], 
       [4,5,9,16,17], 
       [6,12,14,20,21], 
       [0,1,5,10,20,21], 
       [5,13,15,18,19,22], 
       [4,5,8,12], 
       [1,3,7,8,16,17,22,24], 
       [6,7,9,13,17], 
       [3,8,21,24], 
       [1,9,12,23], 
       [4,7,15,19,20], 
       [3,14,21], 
       [5,7,10,13,14,22], 
       [6,8,16,17,18,22,24], 
       [2,5,14,21,22,24], 
       [2,5,19,21], 
       [1,2,7,8,16,18,22,23], 
       [4,8,17,18], 
       [5,12,14,16,17,18], 
       [3,4,7,9,16], 
       [10,13,19,20,24], 
       [3,10,12,18,19,24], 
       [2,7,11,13,16,21], 
       [4,10,12,19,21], 
       [0,6,9,16,17], 
       [4,5,13,17,19], 
       [4,7,8,9,18,24], 
       [1,2,8,17], 
       [7,12,18,21], 
       [0,3,16,21], 
       [1,3,5,24], 
       [4,5,15,19,22], 
       [7,8,10,23,24], 
       [2,4,6,8,14,15,17], 
       [0,8,10,14,16,21], 
       [2,8,10], 
       [1,3,5,7,8,18], 
       [3,4,14], 
       [13,15,16,22], 
       [0,3,5,7,10,11,18,19,20], 
       [6,7,9,10,24], 
       [4,5,18,19], 
       [10,11,16,18,20,23], 
       [1,3,4,13,15], 
       [1,7,8,15,24]
     ], 
     "times": {
       "BestFusion": 0.16, 
       "FirstFit": 0.14, 
       "GeneticGroup": 123.11, 
       "GeneticStandard": 12.9, 
       "OverloadAndRemove": 0.75, 
       "OverloadAndRemovePresort": 0.69
     }
   }, 
   {
     "approximation": "GeneticGroup [2014-10-29 13:46:04]", 
     "avgMultiplicity": 34.44, 
     "capacity": 20, 
     "category": "gauss", 
     "cplexLB": 4, 
     "lowerBound": 2, 
     "pageCount": 11, 
     "pages": [
       [0,1,3,4,5,6,7,8,10,13,15,16,17,18,19,20,21,22,23,24], 
       [0,2,3,4,6,7,8,10,11,12,13,14,15,16,17,19,20,22,23,24], 
       [1,2,3,4,5,7,9,10,12,13,14,15,17,18,19,20,21,22,23,24], 
       [0,1,2,3,4,6,8,11,12,13,14,15,16,18,19,20,21,22,23,24], 
       [1,3,4,5,6,7,8,9,10,11,12,14,16,17,18,19,21,22,23,24], 
       [0,1,2,4,5,6,7,8,9,10,11,12,13,14,15,20,21,22,23,24], 
       [0,1,2,5,6,7,8,9,10,11,12,14,16,17,18,19,20,21,23,24], 
       [1,2,3,4,5,6,7,8,9,10,11,12,13,14,15,16,17,20,21,22], 
       [0,2,3,4,5,6,8,9,10,11,12,13,14,16,17,18,19,20,21,24], 
       [1,2,3,4,6,7,8,9,10,12,14,15,16,18,19,20,21,22,24], 
       [0,2,4,5,6,7,8,9,11,12,13,14,15,16,17,18,19,21,22,24]
     ], 
     "paginations": [
       [84,78,76,60,81,58,74,80,40,56], 
       [8,75,52,42,37,17,24,9], 
       [77,69,32,65,6,35,1,63,0,15,50,19], 
       [48,62,68,33,79], 
       [23,2,51,53,10,49,29,28], 
       [47,26,31,70,14,21,83,39], 
       [66,22,44,82,55,12,13,34,18], 
       [11,5,43,41,72], 
       [67,27,7,36,64,20,4,45,54,59,61], 
       [73,38,16,25,46], 
       [3,57,30,71]
     ], 
     "properSymbolCount": 0, 
     "solvers": {
       "BestFusion": 16, 
       "FirstFit": 17, 
       "GeneticGroup": 11, 
       "GeneticStandard": 15, 
       "OverloadAndRemove": 15, 
       "OverloadAndRemovePresort": 14
     }, 
     "symbolCount": 25, 
     "symbols": [0,1,2,3,4,5,6,7,8,9,10,11,12,13,14,15,16,17,18,19,20,21,22,23,24], 
     "tileCount": 85, 
     "tileMaxSize": 15, 
     "tileMinSize": 5, 
     "tiles": [
       [1,4,5,13,14,20,23], 
       [1,4,5,7,13,14,18,20,21,24], 
       [3,5,6,7,8,9,11,14,16,18,21,22], 
       [0,4,5,6,7,8,9,12,13,17,19,21], 
       [2,3,5,8,10,11,12,16,24], 
       [1,2,3,4,5,7,8,10,13,14,22], 
       [1,3,7,9,10,13,14,15,17,18,21,23,24], 
       [10,11,13,18,24], 
       [2,3,4,6,7,11,12,13,15,16,17,19,20,23], 
       [2,6,10,12,14,16,17,22], 
       [5,8,9,11,14,23,24], 
       [1,2,5,6,7,8,11,12,14,15,17,22], 
       [0,7,11,12,17,18,20], 
       [1,7,8,9,11,12,14,16,17,18,20,21,23], 
       [5,6,8,9,10,13,14,15,20,23], 
       [1,2,3,5,9,12,15,18,19,20,22,23], 
       [1,2,3,8,9,10,12,15,19,24], 
       [2,7,14,15,17,19,23], 
       [8,14,17,18,19,21,24], 
       [1,2,4,7,15,17,20,21], 
       [0,3,6,8,9,11,12,13,14,16,19], 
       [0,2,7,8,9,11,12,14,15,22,23], 
       [2,5,6,7,9,10,16,18,19,24], 
       [3,5,6,9,10,11,12,14,17,18,21,22,23,24], 
       [2,3,10,12,15,16,19,20,22], 
       [1,7,8,10,12,15,16,18,19,20,22,24], 
       [1,2,4,9,11,13,20,22,23], 
       [4,5,6,11,13,14,17,18,19,20], 
       [1,3,4,6,7,9,10,12,14,16,17,19,21], 
       [3,4,6,9,12,14,17,18,19,21,22,24], 
       [0,2,4,5,8,9,11,13,15,16,18,19,24], 
       [0,4,5,6,7,8,12,15,21,23,24], 
       [1,2,4,5,7,17,21,22], 
       [0,1,2,3,6,8,11,12,13,14,15,16], 
       [1,2,5,6,11,12,16,17,18,24], 
       [2,4,5,19,22,23], 
       [0,3,5,6,9,10,17,18], 
       [0,4,7,8,11,15,19,22,24], 
       [3,4,6,7,10,14,15,16,18,22,24], 
       [0,1,6,7,10,11,12,14,20,21,23,24], 
       [1,5,6,7,17,19,21], 
       [1,2,4,5,9,11,13,15,16,17,20], 
       [0,3,4,6,10,11,12,13,14,15,16,17,19,20,24], 
       [1,2,3,7,8,11,12,13,21,22], 
       [0,1,6,7,8,9,10,11,14,19,20,24], 
       [0,3,4,5,11,13,14,16,19,24], 
       [1,2,3,9,10,12,16,18,20,22], 
       [1,2,4,8,9,12,20,21,22,23], 
       [0,2,4,6,16,18,19,21,23], 
       [6,7,8,9,10,16,17,22,24], 
       [5,7,10,13,14,19,20,21,22,24], 
       [1,3,4,6,7,8,11,12,14,17,18,19,22,24], 
       [2,3,4,6,7,10,11,12,13,14,19,20,22,23,24], 
       [4,8,9,10,14,18,23,24], 
       [0,2,6,9,11,13,14,16], 
       [0,1,5,6,11,14,18,19,21,23,24], 
       [0,1,3,4,13,15,18,22,23,24], 
       [2,5,6,7,8,11,12,14,15,16,17,18,19,22], 
       [0,1,4,5,8,13,17,18,19,20,24], 
       [2,3,4,8,9,12,16,17,18,21], 
       [0,1,3,5,6,7,8,15,16,17,22,23], 
       [2,4,10,14,16,19,21], 
       [3,8,11,12,13,18,21,22,23], 
       [3,5,9,10,14,15,18,19,24], 
       [3,5,8,10,13,14,18,19,21], 
       [1,3,9,10,13,15,17,20,22,24], 
       [2,5,6,7,8,10,12,16,18,20,23], 
       [0,2,4,8,9,10,11,16,17,19,20,21,24], 
       [1,2,3,6,11,12,14,15,18,20,23,24], 
       [4,5,9,10,12,14,17,19,20,24], 
       [2,7,11,14,15,21,24], 
       [0,2,5,8,9,11,16,18,22], 
       [3,5,7,8,11,14,15,20,21,22], 
       [6,10,14,15,16,18,19,20,21,22], 
       [3,4,6,8,10,13,15,17,19,22,23], 
       [12,14,15,16,17,19,20,23], 
       [0,1,5,7,10,16,20,22,24], 
       [2,9,10,12,17,18,22,23], 
       [0,4,7,10,13,16,18,19,20,22,24], 
       [0,1,2,6,12,16,18,19,20,24], 
       [0,3,4,5,6,7,8,13,16,19,20,21,23,24], 
       [0,5,7,10,16,17,18,19,21,22,23], 
       [2,6,7,8,16,19,21,23,24], 
       [0,4,5,10,11,15,21,22], 
       [7,15,16,19,21]
     ], 
     "times": {
       "BestFusion": 0.14, 
       "FirstFit": 0.09, 
       "GeneticGroup": 138.91, 
       "GeneticStandard": 10.41, 
       "OverloadAndRemove": 1.6, 
       "OverloadAndRemovePresort": 1.39
     }
   }, 
   {
     "approximation": "GeneticGroup [2014-10-29 13:46:04]", 
     "avgMultiplicity": 49.96, 
     "capacity": 20, 
     "category": "gauss", 
     "cplexLB": 4, 
     "lowerBound": 2, 
     "pageCount": 27, 
     "pages": [
       [0,1,2,3,4,6,7,8,9,10,12,14,15,16,17,18,19,21,23,24], 
       [0,1,2,3,4,6,7,8,9,11,12,13,14,15,16,17,19,22,23,24], 
       [0,1,2,5,6,7,8,9,10,11,14,15,16,17,18,20,21,22,23,24], 
       [0,1,2,4,5,6,7,9,10,11,12,13,14,15,19,20,21,22,23,24], 
       [0,2,3,4,5,6,7,8,10,11,12,13,14,15,16,17,18,19,21,22], 
       [1,3,4,5,7,8,9,10,11,12,13,14,15,16,18,20,21,22,23,24], 
       [0,1,2,6,7,8,9,10,11,12,13,14,15,16,17,18,19,20,21,22], 
       [0,3,4,7,8,9,10,11,12,13,14,15,17,18,19,20,21,22,23,24], 
       [0,1,2,3,5,6,7,9,10,11,13,15,17,18,19,20,21,22,23,24], 
       [0,2,3,4,5,6,7,8,9,10,11,12,13,14,16,17,18,20,23,24], 
       [2,3,4,5,6,7,8,9,10,12,15,16,17,18,19,20,21,22,23,24], 
       [1,2,3,4,5,6,7,8,9,10,13,14,16,17,18,19,20,22,24], 
       [1,2,3,4,7,8,9,10,11,12,13,14,15,17,19,20,21,22,23,24], 
       [0,2,3,4,5,8,9,10,11,12,14,15,16,18,19,20,21,22,23,24], 
       [0,1,2,3,4,5,6,7,9,10,11,14,16,17,18,19,20,21,22,24], 
       [0,1,2,3,4,5,6,8,9,10,11,12,13,16,17,19,20,21,22,23], 
       [0,1,2,3,4,5,7,8,9,11,12,13,14,15,17,18,21,22,23,24], 
       [0,1,2,3,4,5,6,8,9,11,13,15,16,17,18,20,21,22,23,24], 
       [1,2,3,4,5,6,7,9,11,12,13,14,15,16,19,20,21,22,23,24], 
       [0,1,2,3,5,7,8,9,11,12,13,14,17,18,20,21,22,23,24], 
       [0,1,2,3,4,5,9,10,11,12,13,14,15,17,18,19,21,22,23,24], 
       [0,1,2,3,4,6,7,8,9,11,12,13,16,17,18,19,20,21,22,23], 
       [0,1,3,4,5,6,7,8,9,10,11,14,15,16,17,19,20,21,23,24], 
       [1,3,4,5,6,7,8,9,10,11,12,13,14,16,17,18,21,22,23,24], 
       [0,1,2,3,4,5,6,8,10,11,13,14,15,16,17,18,19,21,23,24], 
       [0,1,2,3,4,5,7,8,10,11,12,13,14,15,16,18,20,21,22,24], 
       [0,2,3,5,6,8,9,10,11,12,13,14,15,17,19,20,21,22,23,24]
     ], 
     "paginations": [
       [1,45,65,9,32,16,5,60,4], 
       [62,12], 
       [42,71,80,74,72], 
       [58,67,82], 
       [79,55,29], 
       [39,3,78,68], 
       [81,40,38,14,31], 
       [43,76,49,66], 
       [25,10], 
       [84,2], 
       [75,77,21,63,7], 
       [70,69,18], 
       [8,56,57], 
       [26,13,34,27], 
       [33,59], 
       [20,51], 
       [54,48], 
       [36,50,0], 
       [53,17,73], 
       [64], 
       [35,44], 
       [15,19,83], 
       [22,23,28], 
       [41,37,30], 
       [6,11], 
       [47,46], 
       [52,61,24]
     ], 
     "properSymbolCount": 0, 
     "solvers": {
       "BestFusion": 34, 
       "FirstFit": 38, 
       "GeneticGroup": 27, 
       "GeneticStandard": 34, 
       "OverloadAndRemove": 33, 
       "OverloadAndRemovePresort": 34
     }, 
     "symbolCount": 25, 
     "symbols": [0,1,2,3,4,5,6,7,8,9,10,11,12,13,14,15,16,17,18,19,20,21,22,23,24], 
     "tileCount": 85, 
     "tileMaxSize": 19, 
     "tileMinSize": 10, 
     "tiles": [
       [2,4,5,8,9,13,15,17,18,20,21,22,23,24], 
       [1,3,4,6,7,10,12,14,15,16,19], 
       [0,2,4,5,6,7,9,10,12,13,14,16,17,18,20,23,24], 
       [1,3,4,5,7,8,9,10,12,13,15,16,18,20,21,22,23,24], 
       [1,2,3,4,6,8,9,12,14,15,16,17,18,19], 
       [0,1,4,7,8,9,12,16,17,18,19,21,23], 
       [0,2,3,4,5,6,8,10,11,13,14,15,16,17,18,19,21,23,24], 
       [3,4,5,6,8,12,15,16,17,18,19,20,22,23,24], 
       [1,2,3,4,8,9,10,11,12,14,15,19,20,21,22,24], 
       [1,4,6,8,9,12,15,17,18,19,24], 
       [0,1,2,3,5,6,7,9,10,11,15,17,18,20,21,22,23,24], 
       [1,2,3,4,5,6,8,10,14,16,17,21,23,24], 
       [0,1,2,3,6,7,11,13,15,16,17,19,23,24], 
       [0,2,3,4,5,9,10,11,12,14,15,16,18,21,22,23,24], 
       [1,6,7,8,9,11,12,13,17,18,19,20,21,22], 
       [2,3,4,7,8,9,11,12,13,16,18,19,20,23], 
       [3,4,6,7,8,9,12,14,15,16,17,18,19,21,24], 
       [1,4,6,7,9,11,13,14,15,16,19,20,21,22,23,24], 
       [1,2,4,5,6,7,8,9,17,18,19,22,24], 
       [1,2,3,4,6,9,11,12,13,16,17,18,21,22], 
       [0,1,2,3,5,8,9,10,12,13,16,17,19,21,23], 
       [3,5,6,8,9,10,12,15,16,17,18,19,21,22,23,24], 
       [0,1,3,6,7,8,9,10,11,14,15,16,17,20], 
       [1,3,4,9,10,11,15,16,17,19,20,21,24], 
       [0,6,8,10,11,13,14,17,19,21,22,23], 
       [1,2,3,6,9,11,13,15,17,18,19,22,23,24], 
       [0,3,4,5,9,10,11,12,14,15,16,18,19,20,21,24], 
       [0,2,4,5,8,9,10,11,12,14,15,16,18,19,20,23], 
       [0,1,3,4,5,6,7,8,10,14,15,19,20,23,24], 
       [0,3,4,7,10,11,15,17,18,22], 
       [1,4,5,7,9,10,11,12,14,16,17,18,21,22,23,24], 
       [1,8,9,10,11,13,15,16,17,19,21,22], 
       [0,1,2,6,8,9,12,14,15,17,18,19,21,23,24], 
       [0,1,2,3,4,7,10,11,14,16,17,18,19,20,21,24], 
       [0,2,3,4,5,8,9,14,15,16,18,20,21], 
       [0,1,2,3,4,5,9,10,12,13,14,15,17,18,19,22,24], 
       [1,2,4,5,6,9,11,15,16,17,18,20,21,22,24], 
       [1,3,4,5,6,10,12,14,16,21,22,23,24], 
       [1,2,6,7,9,10,11,15,16,18,19,20,21,22], 
       [4,5,7,8,10,11,12,13,14,15,18,21,22,23,24], 
       [2,6,7,9,11,12,13,14,17,18,19,20,22], 
       [1,3,4,8,9,10,11,12,13,14,16,17,18,21,23,24], 
       [1,2,5,8,10,11,15,16,17,20,21,23,24], 
       [0,3,7,8,9,10,11,12,13,15,18,19,21,22,23,24], 
       [0,3,5,9,10,11,12,13,14,15,17,18,19,21,22,23], 
       [0,1,2,4,6,7,8,10,14,16,17,23], 
       [0,3,4,5,8,10,11,12,13,15,18,20,22,24], 
       [0,1,2,3,4,5,7,10,12,14,16,20,21,24], 
       [0,1,2,3,4,5,8,11,12,13,15,17,22,23], 
       [0,4,7,8,10,11,13,15,17,18,19,20,23,24], 
       [0,3,4,6,8,9,15,16,17,20,21,22,23,24], 
       [1,2,3,4,5,6,8,9,10,11,12,13,17,20,21,22,23], 
       [0,2,3,5,8,9,10,12,13,14,15,17,19,20,23], 
       [1,2,3,4,5,7,9,11,15,19,20,21,23,24], 
       [0,1,2,3,4,5,7,9,11,12,13,14,15,18,21,22,23,24], 
       [2,3,4,5,7,8,10,11,12,13,15,16,17,19,21], 
       [1,3,4,7,8,9,10,11,13,14,15,17,19,21,22,23,24], 
       [1,3,4,9,10,11,12,13,14,15,17,19,20,22,24], 
       [0,1,2,4,5,6,7,9,10,11,13,14,15,19,20,21,23,24], 
       [0,2,3,4,5,6,7,9,10,11,16,17,19,20,21,22,24], 
       [0,1,4,6,12,14,16,17,18,19,21,23], 
       [0,5,6,8,9,10,11,13,17,19,20,21,22,24], 
       [0,1,2,3,4,7,8,9,12,14,15,16,19,22,23], 
       [2,4,5,7,9,10,12,15,16,17,18,19,20,21,23], 
       [0,1,2,3,5,7,8,9,11,12,13,14,17,18,20,21,22,23,24], 
       [2,3,4,7,8,14,16,17,18,19,21,23,24], 
       [3,4,7,9,10,12,13,14,15,17,20,21,22,23,24], 
       [0,1,4,5,7,9,11,13,15,20,21,22,24], 
       [1,3,5,8,9,11,13,14,15,18,20,21,22], 
       [1,2,3,4,5,6,9,10,13,14,16,17,18,19,22,24], 
       [3,4,6,7,8,9,13,14,17,18,19,20,24], 
       [0,1,2,6,7,8,9,10,14,15,17,18,20,22,23], 
       [0,1,2,5,7,10,11,14,15,16,17,18,20,21,22,23], 
       [3,5,6,7,9,11,12,14,16,19,21,22,23,24], 
       [1,2,5,6,7,8,11,14,18,20,23], 
       [2,3,4,5,6,10,12,16,18,19,20,21,23,24], 
       [0,3,8,9,10,11,12,13,14,15,17,18,20,21,24], 
       [2,5,7,8,9,10,12,15,16,17,18,19,23], 
       [1,3,5,7,10,11,12,13,14,16,18,20,21,24], 
       [0,3,5,6,7,8,10,13,14,15,16,17,18,19,21,22], 
       [0,1,6,8,9,10,11,16,17,18,21,22,23,24], 
       [0,1,2,6,7,9,10,12,13,14,15,16,17,19,20,21,22], 
       [0,1,2,4,5,6,10,11,12,13,14,15,19,20,22,24], 
       [0,1,2,3,4,6,8,12,17,18,19,20,21,22,23], 
       [0,3,4,5,6,7,8,9,10,11,12,13,16,18,23]
     ], 
     "times": {
       "BestFusion": 0.13, 
       "FirstFit": 0.09, 
       "GeneticGroup": 154.04, 
       "GeneticStandard": 10.06, 
       "OverloadAndRemove": 2.73, 
       "OverloadAndRemovePresort": 2.86
     }
   }
 ]