[
   {
     "approximation": "GeneticGroup [2014-11-03 10:20:31]", 
     "avgMultiplicity": 8.46, 
     "capacity": 20, 
     "category": "gauss", 
     "lowerBound": 2, 
     "pageCount": 6, 
     "pages": [
       [0,2,3,5,6,7,8,9,11,13,14,15,16,18,19,21,23,25,27,29], 
       [0,1,3,7,10,11,12,13,14,16,19,20,21,24,25,26,28,30,31,34], 
       [0,1,2,4,5,6,9,11,12,13,14,15,22,24,26,28,29,30,31,32], 
       [1,6,10,11,13,14,16,17,19,20,21,22,23,24,25,27,28,32,33,34], 
       [0,2,3,4,8,9,10,11,13,14,15,16,18,20,22,26,29,30,31,33], 
       [0,1,3,4,7,8,10,12,13,17,18,19,23,24,27,28,29,30,31,34]
     ], 
     "paginations": [
       [25,37,7,33,19,58,16,36,45,52,44,43,48], 
       [55,59,29,28,23,31,21,13,14,38,50,51,57], 
       [18,20,56,27,4,12,1], 
       [0,34,49,5,53,46,22,26,10], 
       [41,15,9,2,3,42,17], 
       [30,54,47,32,39,8,24,35,40,11,6]
     ], 
     "properSymbolCount": 0, 
     "solvers": {
       "BestFusion": 8, 
       "FirstFit": 10, 
       "GeneticGroup": 6, 
       "GeneticStandard": 8, 
       "OverloadAndRemove": 7, 
       "OverloadAndRemovePresort": 8
     }, 
     "symbolCount": 35, 
     "symbols": [0,1,2,3,4,5,6,7,8,9,10,11,12,13,14,15,16,17,18,19,20,21,22,23,24,25,26,27,28,29,30,31,32,33,34], 
     "tileCount": 60, 
     "tileMaxSize": 9, 
     "tileMinSize": 2, 
     "tiles": [
       [22,34], 
       [1,5,9,12,14,15,29], 
       [0,2,4,13,20,29], 
       [3,8,15,31], 
       [4,26], 
       [19,25,28,32], 
       [17,18], 
       [3,13,15,21,23,25], 
       [8,10,13,18,34], 
       [16,26,30,33], 
       [6,10,13,21], 
       [4,7,19,30], 
       [0,5,9,13,14,26,28,30,32], 
       [3,10,13,14,20,25,28,31,34], 
       [19,24,26,28,30], 
       [4,9,16,33], 
       [0,13,15], 
       [9,15,18,20,22], 
       [6,11,22,26], 
       [2,9,15,16,18,19], 
       [0,4,12,14,22], 
       [1,21,26,31], 
       [10,17,20,27,28], 
       [3,10,12,20], 
       [13,17,29,30,34], 
       [2,3,14,23,25], 
       [6,33,34], 
       [1,2,4,6,11,24,31], 
       [1,10,11,14,16,25,26,30], 
       [0,3,16,25,28], 
       [3,7,8,17,27,28], 
       [0,1,3,10,19,26], 
       [7,12,13,23,24], 
       [14,21,25], 
       [11,13,14,17,23,32,33], 
       [4,12,23,31], 
       [5,7,9,15,18,29], 
       [11,21,23,27], 
       [0,11,16,30,34], 
       [0,18,19,27,34], 
       [10,12,24,29], 
       [8,11,13,20], 
       [2,8,10,14,30,33], 
       [8,9,16,18,25], 
       [5,23], 
       [0,5,6,9,11,15,27], 
       [1,16,21,22,24,27,32,33], 
       [0,1,3,8,23], 
       [7,8,14,19], 
       [22,23,25], 
       [7,10,11,19,21,28,31], 
       [0,13,24,28,31,34], 
       [8,11,16,18,21], 
       [6,19,20,32], 
       [7,10,24,27,28,30], 
       [0,7,12,14,16], 
       [0,4,5,6,15,22,24,28], 
       [13,19,28], 
       [2,13,21,27], 
       [3,12,21]
     ], 
     "times": {
       "BestFusion": 0.07, 
       "FirstFit": 0.06, 
       "GeneticGroup": 62.22, 
       "GeneticStandard": 5.6, 
       "OverloadAndRemove": 0.44, 
       "OverloadAndRemovePresort": 0.41
     }
   }, 
   {
     "approximation": "GeneticGroup [2015-11-05 20:11:16]", 
     "avgMultiplicity": 16.54, 
     "capacity": 20, 
     "category": "gauss", 
     "lowerBound": 2, 
     "pageCount": 16, 
     "pages": [
       [0,1,4,5,6,7,8,10,12,13,15,17,21,24,25,29,30,31,32,34], 
       [0,1,2,3,4,9,16,17,19,20,21,23,25,26,27,28,30,31,32,33], 
       [1,2,4,6,8,9,11,12,14,15,17,19,20,21,23,24,25,27,28,32], 
       [0,1,3,5,6,8,9,10,11,12,14,16,18,20,25,26,27,28,29,30], 
       [4,5,7,10,12,13,14,15,16,18,19,20,21,23,26,27,28,29,31,32], 
       [1,2,3,4,7,11,12,16,17,18,19,22,23,26,28,29,30,31,33,34], 
       [2,4,5,6,7,9,11,13,14,17,19,20,22,25,26,27,28,32,34], 
       [0,1,7,8,12,13,14,16,17,18,19,20,23,24,25,29,30,32,33,34], 
       [0,5,6,7,10,12,13,14,15,16,17,19,20,22,24,27,30,31,32,34], 
       [4,5,6,9,10,11,12,15,16,20,23,24,25,26,28,29,30,31,32,34], 
       [0,1,2,5,6,10,11,12,15,17,20,21,23,24,26,27,30,31,33,34], 
       [0,1,4,5,6,8,9,10,11,13,14,16,17,21,22,25,26,27,28,34], 
       [0,2,3,6,8,10,11,15,16,17,18,22,24,25,26,27,30,31,33,34], 
       [0,3,4,6,9,10,11,12,13,14,15,18,19,20,21,22,24,29,31,32], 
       [1,2,3,5,8,9,10,11,13,14,16,17,18,19,21,22,23,27,29,33], 
       [0,3,4,6,7,9,14,15,17,18,19,20,21,22,26,28,29,31,32,33]
     ], 
     "paginations": [
       [47,39,52,41,46], 
       [27,45,35,14], 
       [44,42,37,55], 
       [26,2,50], 
       [18,0,51], 
       [7,30,57,6], 
       [59,10,48,32], 
       [19,29,20,49,36,4], 
       [21,5,15,33,24,56], 
       [22,1,23,8], 
       [40,58,9], 
       [25,12,53], 
       [34,16,3], 
       [43,38], 
       [17,54,13], 
       [11,28,31]
     ], 
     "properSymbolCount": 0, 
     "solvers": {
       "BestFusion": 21, 
       "FirstFit": 21, 
       "GeneticGroup": 16, 
       "GeneticStandard": 20, 
       "OverloadAndRemove": 20, 
       "OverloadAndRemovePresort": 21
     }, 
     "symbolCount": 35, 
     "symbols": [0,1,2,3,4,5,6,7,8,9,10,11,12,13,14,15,16,17,18,19,20,21,22,23,24,25,26,27,28,29,30,31,32,33,34], 
     "tileCount": 60, 
     "tileMaxSize": 14, 
     "tileMinSize": 4, 
     "tiles": [
       [5,7,10,12,13,16,19,20,23,26,27,31], 
       [9,15,16,26,30,32], 
       [0,1,5,9,10,12,16,18,25,26,27,29], 
       [2,3,6,8,11,17,27,30], 
       [0,8,12,17,18,23,24,33], 
       [5,10,20,27,30,32], 
       [2,3,16,17,22,23,29,30,33,34], 
       [4,7,11,12,16,18,19,26,30,31,33,34], 
       [12,16,23,25,28,30], 
       [1,5,6,11,12,17,21,23,26,27,30,31,33], 
       [4,5,17,19,20,22,32], 
       [6,15,18,19,21,22,26,32], 
       [0,1,4,5,8,10,14,16,17,25,26,27], 
       [2,3,8,11,14,18,22,27,29], 
       [0,1,3,4,16,19,25,27,31,32], 
       [5,6,7,12,16,30,34], 
       [3,10,11,15,17,18,25,31,33,34], 
       [1,3,5,8,9,10,16,17,18,19,21,22,23,33], 
       [5,7,13,14,15,16,18,28,29], 
       [1,7,23,24,29,30,32,33,34], 
       [1,18,20,34], 
       [10,13,16,19,22,24,27], 
       [4,5,9,10,11,15,24,25,32], 
       [6,9,10,12,15,20,23,26,29,30,31,34], 
       [0,13,14,19,20,27,30,34], 
       [1,5,8,9,10,11,13,14,16,21,22,25,28,34], 
       [0,1,3,5,6,11,14,16,20,25,26,28,30], 
       [2,3,16,19,20,21,23,30,32], 
       [0,3,7,9,14,15,19,20,21,26,29,31,33], 
       [8,13,14,16,17,18,20,23,25,29,32,33,34], 
       [2,3,4,7,12,17,23,26,34], 
       [0,3,4,6,17,18,28,31,32,33], 
       [9,11,13,19,20,22,28,32,34], 
       [0,5,15,16,17,19,22,32,34], 
       [0,2,6,8,10,15,16,22,24,25,26,30,31,33], 
       [0,2,3,4,17,20,21,30,31], 
       [7,8,12,13,14,19], 
       [1,2,6,8,15,17,19,24,25,27,28], 
       [0,4,9,10,11,13,18,19,20,21,24,29,31,32], 
       [1,5,6,7,8,13,21,24,31], 
       [0,1,2,6,10,12,15,17,21,23,24,27,30], 
       [0,7,8,10,17,30,34], 
       [1,2,9,11,12,14,15,19,20,21,23,28], 
       [0,3,4,6,11,12,13,14,15,18,21,22,24], 
       [4,6,8,9,12,14,21,27,32], 
       [0,1,2,9,19,20,26,27,28,33], 
       [0,1,5,6,10,17,25,31,32], 
       [4,5,8,10,12,15,17,34], 
       [2,4,5,7,9,25,26,28,32], 
       [7,8,12,13,17,18,19,23,24,30], 
       [5,8,14,16,18,20,25,27], 
       [4,12,14,15,20,21,26,29,32], 
       [8,12,13,15,17,21,25,29,30,31], 
       [0,5,6,8,9,13,17,26], 
       [1,2,3,10,11,13,16,17,21,23,29,33], 
       [2,4,6,11,14,20,28,32], 
       [0,6,7,10,12,13,15,20,24,31,32], 
       [1,11,18,28,33,34], 
       [2,10,20,21,23,24,34], 
       [2,5,6,7,14,17,20,22,27,32]
     ], 
     "times": {
       "BestFusion": 0.06, 
       "FirstFit": 0.04, 
       "GeneticGroup": 76.62, 
       "GeneticStandard": 5.86, 
       "OverloadAndRemove": 0.89, 
       "OverloadAndRemovePresort": 0.87
     }
   }, 
   {
     "approximation": "GeneticGroup [2014-11-03 10:20:31]", 
     "avgMultiplicity": 8.03, 
     "capacity": 20, 
     "category": "gauss", 
     "lowerBound": 2, 
     "pageCount": 6, 
     "pages": [
       [4,5,6,7,8,10,11,13,14,15,19,20,22,23,24,25,26,29,30,34], 
       [0,2,3,4,5,7,8,11,12,14,17,18,20,21,24,25,27,28,30,31], 
       [0,1,4,5,6,7,9,10,12,17,18,19,20,23,25,27,28,31,32,33], 
       [0,2,3,4,5,6,9,10,13,14,15,16,18,19,21,22,23,24,26,28], 
       [0,1,2,3,6,7,8,13,14,16,18,20,21,22,24,28,29,32,33,34], 
       [9,10,12,13,15,16,17,25,26,27,29,30,31]
     ], 
     "paginations": [
       [25,14,18,43,29,21,37,26,45,56,2,12,34,58], 
       [44,5,54,57,42,51,8,49,47,7,41,22], 
       [40,31,24,23,19,32,33,10,59,35,9,39], 
       [52,36,6,27,50,3,38,16], 
       [17,55,15,11,53,30,13,4,1,0], 
       [46,48,28,20]
     ], 
     "properSymbolCount": 0, 
     "solvers": {
       "BestFusion": 7, 
       "FirstFit": 8, 
       "GeneticGroup": 6, 
       "GeneticStandard": 7, 
       "OverloadAndRemove": 7, 
       "OverloadAndRemovePresort": 7
     }, 
     "symbolCount": 35, 
     "symbols": [0,1,2,3,4,5,6,7,8,9,10,11,12,13,14,15,16,17,18,19,20,21,22,23,24,25,26,27,28,29,30,31,32,33,34], 
     "tileCount": 60, 
     "tileMaxSize": 9, 
     "tileMinSize": 2, 
     "tiles": [
       [1,13,21], 
       [13,16,20,29,32], 
       [20,23,24,29,30], 
       [9,22], 
       [1,2,8,13,20,24,29,32], 
       [2,4,12,14,17,25], 
       [5,10,14,16,26,28], 
       [0,3,7], 
       [8,18], 
       [4,9,25,28], 
       [12,17,18,19], 
       [20,22,33], 
       [4,6,25,26,30], 
       [3,14,21,22,28,29], 
       [15,23,24,29], 
       [16,33], 
       [0,2,3,13,14,19,22,24], 
       [3,18,24,34], 
       [15,25], 
       [0,1,17,23,28], 
       [16,25], 
       [19,20,23,26,29], 
       [12,17,27], 
       [1,4,17,19,25], 
       [0,6,10,19,23,28], 
       [4,8,11,15,19], 
       [6,13,22,29,34], 
       [10,16,23,24,26,28], 
       [12,13,29,30], 
       [7,13,15,19,20,22,34], 
       [7,32,34], 
       [0,10,23,27,31,32,33], 
       [0,1,6,31], 
       [0,18,19,31], 
       [8,11,19,22,29], 
       [0,4,7,19], 
       [0,3,4,10,15,18,28], 
       [11,24,29], 
       [16,21,23,26,28], 
       [9,19], 
       [1,5,7,19,20,25,27,28,32], 
       [0,2,8,14,21,27,28], 
       [0,7,8,11,17,24,30], 
       [4,5,14,20], 
       [17,24,27,30], 
       [11,19,34], 
       [9,13,17,26,31], 
       [5,12,18,20,24,28,30], 
       [10,13,15,27], 
       [2,3,11,14,30], 
       [0,9,10,15], 
       [0,2,5,11,12,24,25], 
       [6,15,19,21,22], 
       [0,6,8,14,24,33], 
       [2,12,21], 
       [3,6,20,28,34], 
       [5,10,14,24], 
       [2,14,27,30,31], 
       [7,10,20,34], 
       [6,10,18,31]
     ], 
     "times": {
       "BestFusion": 0.06, 
       "FirstFit": 0.05, 
       "GeneticGroup": 59.43, 
       "GeneticStandard": 5.38, 
       "OverloadAndRemove": 0.4, 
       "OverloadAndRemovePresort": 0.4
     }
   }, 
   {
     "approximation": "GeneticGroup [2014-11-03 10:20:31]", 
     "avgMultiplicity": 15.83, 
     "capacity": 20, 
     "category": "gauss", 
     "lowerBound": 2, 
     "pageCount": 15, 
     "pages": [
       [0,2,4,7,8,10,11,13,17,18,20,21,23,24,26,27,28,30,32,34], 
       [1,2,3,4,9,10,11,12,16,19,20,21,22,24,27,28,29,30,32,33], 
       [0,2,3,4,5,6,7,10,14,15,16,18,20,24,27,30,31,32,33,34], 
       [2,5,6,8,9,11,13,15,16,18,19,20,22,23,24,25,28,30,32,34], 
       [1,2,3,6,12,13,15,17,18,20,21,22,23,25,26,27,28,29,30,33], 
       [0,1,4,5,7,8,10,12,16,17,18,21,22,23,27,28,29,30,33,34], 
       [0,1,4,5,6,7,10,13,14,15,17,19,20,21,24,28,29,31,32,34], 
       [0,4,5,6,9,10,11,12,13,15,16,18,19,20,22,26,28,29,30,34], 
       [2,4,5,6,8,9,10,12,13,17,18,21,22,23,26,27,29,30,31,34], 
       [0,1,3,6,9,11,13,14,15,17,22,24,26,27,28,30,31,32,33,34], 
       [1,2,3,4,5,8,9,10,11,13,16,17,23,25,27,29,30,31,32,34], 
       [1,2,4,5,6,7,8,9,10,11,12,13,18,23,25,29,31,32,33,34], 
       [6,7,8,11,12,14,15,16,18,19,21,22,23,25,26,28,29,31,32,34], 
       [1,2,3,4,7,9,10,11,14,18,19,20,24,25,26,29,30,32,33], 
       [0,3,6,9,10,11,13,15,17,19,21,25,26,27,29,31,32,33,34]
     ], 
     "paginations": [
       [18,49,21,51], 
       [42,29,57,6,0,28], 
       [17,36,46,38], 
       [37,55,23,16], 
       [41,45,10], 
       [58,13,4,1], 
       [12,14,22], 
       [39,52,54,9,59], 
       [34,2,24], 
       [30,20,7,40,50,26], 
       [5,56,25,8,15], 
       [35,53,27], 
       [48,31,47,11,44], 
       [32,43,33], 
       [19,3]
     ], 
     "properSymbolCount": 0, 
     "solvers": {
       "BestFusion": 20, 
       "FirstFit": 21, 
       "GeneticGroup": 15, 
       "GeneticStandard": 18, 
       "OverloadAndRemove": 18, 
       "OverloadAndRemovePresort": 19
     }, 
     "symbolCount": 35, 
     "symbols": [0,1,2,3,4,5,6,7,8,9,10,11,12,13,14,15,16,17,18,19,20,21,22,23,24,25,26,27,28,29,30,31,32,33,34], 
     "tileCount": 60, 
     "tileMaxSize": 14, 
     "tileMinSize": 5, 
     "tiles": [
       [3,4,11,12,16,20,27], 
       [1,7,28,30,33], 
       [2,4,6,10,12,13,17,18,23,30], 
       [0,3,9,11,15,17,21,25,27,31], 
       [1,8,17,18,29,30], 
       [1,4,5,8,13,17,27,29,30,34], 
       [3,4,10,12,16,19,21,24,27,32], 
       [0,1,6,9,24,26,27,33,34], 
       [1,4,8,10,13,16,25,30,31,34], 
       [0,4,5,11,13,20,26,29,30], 
       [3,12,13,18,20,22,28,29,33], 
       [8,11,19,21,25,26,31], 
       [1,4,5,14,15,19,28,31,32], 
       [0,4,7,10,12,16,18,21,23,27,28,29,30], 
       [0,6,7,14,20,21,24,28,29,34], 
       [3,4,9,10,11,23,25,29,32,34], 
       [2,5,8,11,19,22,23,24,28], 
       [2,4,5,7,10,15,18,20], 
       [2,4,8,18,21,26,27,28], 
       [3,6,10,13,15,19,21,26,29,32,33,34], 
       [3,6,9,11,26,27,28,31,33], 
       [0,7,8,13,17,18,20,28,32,34], 
       [1,10,13,14,15,17,21,24,28,31], 
       [5,6,9,15,16,18,19,22,23,24,25,28], 
       [5,6,9,13,17,18,21,22,26,27,29,31,34], 
       [2,9,13,17,27,31,32,34], 
       [0,3,9,14,15,17,22,27], 
       [1,2,4,6,7,9,11,12,13,32,33,34], 
       [9,11,16,19,20,21,29,30,33], 
       [1,3,4,12,21,22,28,29,30], 
       [1,6,14,15,27,30,33], 
       [6,7,8,14,15,16,18,23,25,28,29,32,34], 
       [1,4,7,9,10,25,26,29,30], 
       [2,3,14,20,24,25,26,32,33], 
       [4,6,8,12,21,23,34], 
       [4,5,7,10,12,18,23,25,29,31,32,34], 
       [0,3,10,15,18,20,31,33,34], 
       [6,11,13,16,19,20,22,24], 
       [5,6,7,10,14,16,24,27,30,31,32,34], 
       [4,6,9,11,12,19,20,28], 
       [6,9,13,14,22,24,26,31,32,33], 
       [3,6,17,18,21,22,25,27,28,30], 
       [1,11,16,21,27,28,33], 
       [1,4,11,14,18,19,24,26,30,33], 
       [12,15,16,23,25,32], 
       [1,2,3,13,15,17,18,20,23,25,26,28,30,33], 
       [0,2,3,5,16,18,27,30,31], 
       [7,8,12,14,16,18,22,26,28,32,34], 
       [11,15,16,21,23,28,29], 
       [0,8,11,20,24,26,28,30,34], 
       [1,6,13,17,26,30,32,34], 
       [0,2,4,10,17,23,24,27,28,32], 
       [6,10,12,16,18,19,34], 
       [1,2,5,8,9,18,23,25,34], 
       [0,4,10,13,15,22,30,34], 
       [13,15,16,18,23,24,30,32,34], 
       [2,3,5,10,11,13,23,25,27,29,30], 
       [1,2,10,16,24,28,29,33], 
       [0,1,5,17,18,22,23,29,33,34], 
       [9,12,16,20,29,34]
     ], 
     "times": {
       "BestFusion": 0.06, 
       "FirstFit": 0.04, 
       "GeneticGroup": 73.31, 
       "GeneticStandard": 5.58, 
       "OverloadAndRemove": 0.84, 
       "OverloadAndRemovePresort": 0.8
     }
   }, 
   {
     "approximation": "GeneticGroup [2014-11-03 10:20:31]", 
     "avgMultiplicity": 7.69, 
     "capacity": 20, 
     "category": "gauss", 
     "lowerBound": 2, 
     "pageCount": 5, 
     "pages": [
       [1,2,4,5,6,7,9,11,13,15,16,17,19,20,23,25,28,31,32,34], 
       [1,3,4,7,10,13,14,20,21,22,23,24,25,26,27,28,29,31,33,34], 
       [0,1,2,3,4,5,7,8,9,11,12,17,18,21,24,25,29,30,31,34], 
       [2,3,5,8,9,11,13,15,16,19,21,22,24,25,26,27,29,30,31,34], 
       [1,4,5,6,7,9,10,12,15,18,19,20,21,22,23,25,29,32,33,34]
     ], 
     "paginations": [
       [25,19,2,24,13,4,32,11,14,40,27,59,7,26,49,39], 
       [28,41,42,55,33,56,9,35,20,44,34,30,58,51], 
       [17,12,45,38,43,22,57,18,50,37,10,16,36,6], 
       [29,8,31,1,47,23,53,15,48], 
       [21,5,3,46,54,0,52]
     ], 
     "properSymbolCount": 0, 
     "solvers": {
       "BestFusion": 7, 
       "FirstFit": 7, 
       "GeneticGroup": 5, 
       "GeneticStandard": 6, 
       "OverloadAndRemove": 6, 
       "OverloadAndRemovePresort": 6
     }, 
     "symbolCount": 35, 
     "symbols": [0,1,2,3,4,5,6,7,8,9,10,11,12,13,14,15,16,17,18,19,20,21,22,23,24,25,26,27,28,29,30,31,32,33,34], 
     "tileCount": 60, 
     "tileMaxSize": 8, 
     "tileMinSize": 2, 
     "tiles": [
       [1,4,5,6,7,12,25,29], 
       [13,22,25,30,34], 
       [4,5,7,11,28], 
       [6,20,21,22,32], 
       [2,9,23,32], 
       [7,12,20,32,33,34], 
       [1,3,7,12,30,31], 
       [11,15], 
       [3,9,13,15,19,24,31], 
       [13,14,25,28,31], 
       [2,18,24], 
       [1,7,11,23,25,31], 
       [11,18,21,25], 
       [2,15,19,20,28,34], 
       [4,23,32], 
       [19,29], 
       [3,4,5], 
       [0,3,5,7,18,29,34], 
       [3,4,17,18,31], 
       [1,5,9,23,28], 
       [14,22,23,24], 
       [9,19,32,33], 
       [0,2,3,9,11,12,21], 
       [2,22,24,27], 
       [5,32], 
       [11,13,17], 
       [1,5,15,17], 
       [5,7,13,15,23], 
       [23,27,28], 
       [11,13,16,21,24,25,34], 
       [13,28,29], 
       [2,9,19,22,25,34], 
       [5,7,28,34], 
       [10,33,34], 
       [1,26,33], 
       [14,26], 
       [2,4,18], 
       [9,21,24,25,30,31], 
       [1,4,5,7,8], 
       [15,17,19,20,25], 
       [6,16,20], 
       [3,13,25,28], 
       [3,4,10,33], 
       [3,5,9,17,29], 
       [7,20,27,33], 
       [3,4,7,8,25,29,31,34], 
       [9,12,15,20,33], 
       [5,8,13,19,26], 
       [5,22,29,31], 
       [6,9,11,19,34], 
       [4,8,9,11,31], 
       [1,13,21,27,34], 
       [12,23], 
       [8,16,27], 
       [1,5,9,10,12,15,18,25], 
       [23,29], 
       [1,7,10,22,26,28], 
       [1,9,17,24,31], 
       [4,22,23], 
       [1,13,31]
     ], 
     "times": {
       "BestFusion": 0.07, 
       "FirstFit": 0.05, 
       "GeneticGroup": 55.04, 
       "GeneticStandard": 5.2, 
       "OverloadAndRemove": 0.32, 
       "OverloadAndRemovePresort": 0.37
     }
   }, 
   {
     "approximation": "GeneticGroup [2014-11-03 10:20:31]", 
     "avgMultiplicity": 16.11, 
     "capacity": 20, 
     "category": "gauss", 
     "lowerBound": 2, 
     "pageCount": 16, 
     "pages": [
       [0,1,2,4,6,8,11,13,14,15,17,21,22,23,24,25,26,28,29,34], 
       [5,6,8,9,10,11,13,15,17,19,20,21,23,24,27,28,29,30,31,33], 
       [0,1,3,4,5,7,9,10,11,14,16,17,19,20,21,24,27,28,30,32], 
       [0,1,2,4,6,8,11,12,13,15,17,18,23,26,27,28,30,31,32,33], 
       [0,2,3,4,7,9,10,12,14,15,16,18,19,20,22,26,29,31,32,34], 
       [1,3,4,9,10,11,13,15,18,19,20,22,23,25,27,28,29,30,33,34], 
       [2,4,5,6,7,8,9,10,11,12,15,16,23,24,25,27,28,29,31,33], 
       [0,3,5,6,8,10,13,14,15,16,17,18,19,20,21,22,23,25,26,27], 
       [0,3,5,6,10,11,12,15,16,17,19,23,24,25,26,27,31,32,33,34], 
       [0,1,2,4,6,7,9,14,17,21,22,24,25,26,27,30,31,32,34], 
       [2,3,4,5,6,8,9,10,12,13,17,18,19,20,21,23,25,29,31,32], 
       [0,1,4,5,6,7,15,16,18,19,20,21,22,25,27,29,30,31,33,34], 
       [0,1,2,7,8,11,12,13,14,15,17,19,21,25,26,27,28,29,31,33], 
       [0,1,2,3,4,5,7,12,13,15,16,17,18,20,21,23,27,28,29,31], 
       [1,4,5,6,10,11,12,15,16,17,18,19,21,22,23,24,26,28,29,32], 
       [0,2,4,5,7,10,11,13,16,18,19,20,21,24,27,28,32,33,34]
     ], 
     "paginations": [
       [7,53,27,30,23,22,24], 
       [42,45], 
       [11,2,47,34], 
       [10,6,33,3], 
       [0,48], 
       [12,32,9,58,46], 
       [55,25,44,14], 
       [49,13,36,16], 
       [59,21,51,1,28], 
       [40,15,19], 
       [20,31,26,18], 
       [35,37,38,43], 
       [5,56,52], 
       [4,57,29,17], 
       [8,50,41], 
       [39,54]
     ], 
     "properSymbolCount": 0, 
     "solvers": {
       "BestFusion": 20, 
       "FirstFit": 20, 
       "GeneticGroup": 16, 
       "GeneticStandard": 19, 
       "OverloadAndRemove": 20, 
       "OverloadAndRemovePresort": 19
     }, 
     "symbolCount": 35, 
     "symbols": [0,1,2,3,4,5,6,7,8,9,10,11,12,13,14,15,16,17,18,19,20,21,22,23,24,25,26,27,28,29,30,31,32,33,34], 
     "tileCount": 60, 
     "tileMaxSize": 15, 
     "tileMinSize": 4, 
     "tiles": [
       [0,3,4,9,10,12,14,16,18,19,20,26,29,31], 
       [0,3,10,11,12,15,19,23,27,32,34], 
       [3,16,17,21,28,32], 
       [0,1,2,18,23,26,31,32], 
       [0,1,5,7,12,15,17,23,29], 
       [1,7,8,13,14,17,21,25,26,28,31], 
       [0,4,8,15,17,30,32], 
       [4,6,13,14,15,21,25], 
       [1,10,12,15,17,18,19,21,23,24,28,29], 
       [4,9,10,13,15,19,23,27,28,30], 
       [6,12,13,27,30], 
       [3,4,7,9,14,19,20,24,28,30], 
       [1,4,9,10,19,22,27,29,30,33,34], 
       [0,3,13,15,16,18,20,21,22], 
       [5,7,10,12,15,25,29,31], 
       [0,4,9,14,21,22,24,25,26,27,32,34], 
       [3,6,8,13,14,15,17,18,19,20,21,22,25,26,27], 
       [1,2,3,7,13,16,18,20,28,31], 
       [4,9,13,18,19,20,31,32], 
       [0,4,6,7,14,22,24,25,30,31], 
       [13,23,25,31], 
       [5,11,15,16,25,27,31,34], 
       [17,22,23,24,25,26,29,34], 
       [1,2,8,11,17,24,25,26], 
       [0,1,6,13,21,23,24,26,34], 
       [2,4,9,12,16,23,29,33], 
       [5,6,8,17,18,21,23,29], 
       [8,13,14,21,23,29], 
       [0,5,10,19,26,32], 
       [1,2,3,20,21,27,28,29], 
       [0,2,4,17,24,28,34], 
       [2,3,6,8,10,12,18,20,25,32], 
       [10,18,20,25,29], 
       [4,6,11,12,15,28,30,33], 
       [1,3,5,10,11,14,16,17,19,20,21,28], 
       [0,4,5,16,19,20,21,22,29,33], 
       [5,6,10,13,16,18,19,23,27], 
       [4,5,7,15,20,21,22,25,29,31], 
       [0,1,5,19,22,27,29,30,33,34], 
       [0,2,4,7,10,11,13,16,18,19,24,27,32,33,34], 
       [1,2,4,6,17,22,24,30,34], 
       [4,6,10,16,18,21,22,23,24,28,32], 
       [6,8,9,10,11,13,15,17,20,21,23,24,27,33], 
       [1,6,16,18,19,21,27,33], 
       [2,5,6,8,10,12,27,29], 
       [5,6,9,13,15,17,19,23,24,28,29,30,31,33], 
       [4,10,11,13,15,18,20,23,28,30], 
       [0,1,4,7,9,11,14,17,19,27,28,30], 
       [0,2,7,9,14,15,16,18,19,22,26,32,34], 
       [0,3,8,14,16,22,26], 
       [1,4,5,11,15,17,19,21,22,24,26], 
       [6,16,23,27,32,33], 
       [0,2,8,11,12,13,15,21,26,27,33], 
       [8,11,14,23,28,34], 
       [0,2,4,5,10,19,20,21,24,28,32,33], 
       [7,8,9,11,12,16,24,25,27,28,31,33], 
       [7,8,11,14,19,27,29], 
       [0,1,4,12,13,15,17,18,27,29], 
       [3,4,9,11,15,18,19,25,28,29,30], 
       [3,5,6,10,11,17,24,31,33,34]
     ], 
     "times": {
       "BestFusion": 0.06, 
       "FirstFit": 0.04, 
       "GeneticGroup": 74.78, 
       "GeneticStandard": 6.07, 
       "OverloadAndRemove": 0.84, 
       "OverloadAndRemovePresort": 0.78
     }
   }
 ]