[
   {
     "approximation": "BestFusion [2016-02-18 12:41:30]", 
     "avgMultiplicity": 4.4, 
     "capacity": 20, 
     "category": "gauss", 
     "cplexLB": null, 
     "cplexOpt": null, 
     "cplexUB": null, 
     "lowerBound": 2, 
     "pageCount": 3, 
     "pages": [
       [0,2,3,6,7,8,9,10,11,12,14,15,16,17,18,20,21,22,23,24], 
       [0,2,3,4,5,6,8,9,10,12,13,14,15,17,18,19,20,21,22,23], 
       [0,1,2,3,4,5,6,7,9,10,13,16,18,19,20,21,22]
     ], 
     "paginations": [
       [0,1,2,3,5,6,17,18,16], 
       [4,7,8,10,11,12,14,19], 
       [9,13,15]
     ], 
     "properSymbolCount": 0, 
     "solvers": {
       "BestFusion": 3, 
       "FirstFit": 3, 
       "GeneticGroup": 3, 
       "GeneticStandard": 3, 
       "OverloadAndRemove": 3, 
       "OverloadAndRemovePresort": 3
     }, 
     "symbolCount": 25, 
     "symbols": [0,1,2,3,4,5,6,7,8,9,10,11,12,13,14,15,16,17,18,19,20,21,22,23,24], 
     "tileCount": 20, 
     "tileMaxSize": 11, 
     "tileMinSize": 2, 
     "tiles": [
       [9,14,22], 
       [9,11], 
       [3,6,8,10,12,14,16,17,20,23,24], 
       [0,7,11,12,15,20,21], 
       [2,4,12,15,17,18,21], 
       [10,16,20,21,23,24], 
       [0,2,3,11,17,18,23], 
       [5,12,13,18], 
       [4,13,15,18,23], 
       [0,1,10], 
       [0,2,3,5,6,10,14,17,22], 
       [0,2,12,15,17,19], 
       [0,8,9,13,22], 
       [1,2,3,5,7,13,18,22], 
       [17,19,23], 
       [0,1,3,4,6,9,16,19,20,21], 
       [0,2,9], 
       [10,11,22], 
       [2,24], 
       [0,8,10,13,15,20]
     ], 
     "times": {
       "BestFusion": 0.02, 
       "FirstFit": 0.02, 
       "GeneticGroup": 13.31, 
       "GeneticStandard": 2.16, 
       "OverloadAndRemove": 0.04, 
       "OverloadAndRemovePresort": 0.04
     }
   }, 
   {
     "approximation": "GeneticGroup [2016-02-18 12:41:30]", 
     "avgMultiplicity": 10.72, 
     "capacity": 20, 
     "category": "gauss", 
     "cplexLB": null, 
     "cplexOpt": null, 
     "cplexUB": null, 
     "lowerBound": 2, 
     "pageCount": 8, 
     "pages": [
       [0,1,2,3,4,7,8,9,11,12,14,15,16,17,18,20,21,22,23,24], 
       [0,2,3,4,5,6,7,9,10,11,12,13,14,16,17,19,21,22,23,24], 
       [2,3,4,6,7,8,9,10,11,13,15,17,18,19,20,21,22,23,24], 
       [0,1,2,3,4,6,7,9,10,12,13,14,15,16,17,18,20,21,22], 
       [0,1,2,3,4,5,6,7,8,9,10,11,12,15,16,19,20,21,23,24], 
       [0,1,2,3,4,5,6,7,8,9,10,13,14,15,18,19,20,21,22,24], 
       [0,1,2,3,5,6,7,8,9,10,11,14,15,16,18,19,20,21,22,23], 
       [1,4,5,6,9,11,13,14,15,16,17,18,19,20,21,22,23,24]
     ], 
     "paginations": [
       [0,13,11,19], 
       [17,8,15], 
       [16,14,1], 
       [3], 
       [7,4,9], 
       [18,6,10], 
       [12,5], 
       [2]
     ], 
     "properSymbolCount": 0, 
     "solvers": {
       "BestFusion": 9, 
       "FirstFit": 10, 
       "GeneticGroup": 8, 
       "GeneticStandard": 8, 
       "OverloadAndRemove": 10, 
       "OverloadAndRemovePresort": 9
     }, 
     "symbolCount": 25, 
     "symbols": [0,1,2,3,4,5,6,7,8,9,10,11,12,13,14,15,16,17,18,19,20,21,22,23,24], 
     "tileCount": 20, 
     "tileMaxSize": 19, 
     "tileMinSize": 8, 
     "tiles": [
       [1,2,4,9,11,12,15,21], 
       [2,3,6,7,9,13,17,20,21,22,23], 
       [1,4,5,6,9,11,13,14,15,16,17,18,19,20,21,22,23,24], 
       [0,1,2,3,4,6,7,9,10,12,13,14,15,16,17,18,20,21,22], 
       [1,2,4,7,8,11,15,16,19,21], 
       [0,2,3,5,6,7,8,9,15,16,18,19,20,21,22], 
       [1,2,3,4,5,6,7,8,9,10,13,14,15,22], 
       [1,4,5,6,7,9,10,11,15,19,20], 
       [0,5,7,9,10,11,12,14,16,17,19,22,23,24], 
       [0,1,2,3,5,6,8,10,11,12,15,16,19,20,23,24], 
       [0,1,6,8,10,13,14,18,19,20,24], 
       [2,3,4,7,8,9,14,15,16,17,18,20,21,22,23,24], 
       [0,1,3,6,8,10,11,14,16,18,20,21,22,23], 
       [0,8,11,12,14,16,17,18,20,21,22,23,24], 
       [2,4,7,8,9,10,15,19,21,22,23,24], 
       [0,5,6,7,9,10,12,13,14,22,23,24], 
       [2,3,8,9,10,11,13,15,17,18,20,23,24], 
       [2,3,4,5,6,7,10,11,12,13,14,21,23], 
       [0,1,2,4,6,9,10,14,15,18,19,21,22,24], 
       [0,1,3,4,7,8,12,14,16,17,18,21,22,23]
     ], 
     "times": {
       "BestFusion": 0.02, 
       "FirstFit": 0.02, 
       "GeneticGroup": 28.06, 
       "GeneticStandard": 2.44, 
       "OverloadAndRemove": 0.15, 
       "OverloadAndRemovePresort": 0.15
     }
   }, 
   {
     "approximation": "GeneticGroup [2016-02-18 12:41:30]", 
     "avgMultiplicity": 5.16, 
     "capacity": 20, 
     "category": "gauss", 
     "cplexLB": null, 
     "cplexOpt": null, 
     "cplexUB": null, 
     "lowerBound": 2, 
     "pageCount": 3, 
     "pages": [
       [0,1,2,4,5,6,7,8,9,11,12,13,14,16,17,19,20,22,23,24], 
       [0,1,3,4,5,6,8,9,10,12,13,14,15,16,18,20,21,22,23,24], 
       [2,3,4,9,10,12,15,19,20]
     ], 
     "paginations": [
       [13,8,12,11,15,7,1,10,9], 
       [16,18,3,4,2,5,0,17,19], 
       [14,6]
     ], 
     "properSymbolCount": 0, 
     "solvers": {
       "BestFusion": 4, 
       "FirstFit": 4, 
       "GeneticGroup": 3, 
       "GeneticStandard": 3, 
       "OverloadAndRemove": 3, 
       "OverloadAndRemovePresort": 3
     }, 
     "symbolCount": 25, 
     "symbols": [0,1,2,3,4,5,6,7,8,9,10,11,12,13,14,15,16,17,18,19,20,21,22,23,24], 
     "tileCount": 20, 
     "tileMaxSize": 11, 
     "tileMinSize": 2, 
     "tiles": [
       [3,6,9,10,12,14,15,21], 
       [0,7,9,11,16,17,19,20,22], 
       [4,12,13,14,15,16,18,21,23], 
       [0,1,3,8,10,12,18,22], 
       [1,4,5,12,15,21], 
       [3,14,18,20,21,24], 
       [2,3], 
       [1,8,13,17,23], 
       [2,5,6,7,11,14,19], 
       [1,7,8], 
       [2,8,12,16], 
       [0,4,5,6,17,22,23], 
       [0,4,5,16,17,20,24], 
       [0,4,6,7,9,11,12,13,14,23,24], 
       [4,9,10,12,15,19,20], 
       [5,7,17], 
       [1,3,8,9,15,20,21,22,24], 
       [1,4,5,15,16,22,23,24], 
       [0,5,8,10,16,20], 
       [3,4,14,23]
     ], 
     "times": {
       "BestFusion": 0.02, 
       "FirstFit": 0.01, 
       "GeneticGroup": 17.79, 
       "GeneticStandard": 2.01, 
       "OverloadAndRemove": 0.05, 
       "OverloadAndRemovePresort": 0.06
     }
   }, 
   {
     "approximation": "GeneticGroup [2016-02-18 12:41:30]", 
     "avgMultiplicity": 8.76, 
     "capacity": 20, 
     "category": "gauss", 
     "cplexLB": null, 
     "cplexOpt": null, 
     "cplexUB": null, 
     "lowerBound": 2, 
     "pageCount": 5, 
     "pages": [
       [1,2,3,5,6,7,10,11,12,13,14,15,16,18,19,20,21,22,23,24], 
       [0,1,2,3,4,6,8,9,11,12,13,14,17,18,19,20,21,22,23,24], 
       [1,2,3,5,6,7,8,9,10,12,13,15,16,17,19,20,21,22,23,24], 
       [0,1,3,4,5,6,7,8,9,10,11,12,13,15,16,17,20,22,23,24], 
       [0,2,4,5,7,9,10,11,12,13,14,15,16,17,18,20,21,22,23,24]
     ], 
     "paginations": [
       [15,1], 
       [8,13,4,2,12], 
       [16,11,5], 
       [18,10,14,0,3], 
       [17,7,9,6,19]
     ], 
     "properSymbolCount": 0, 
     "solvers": {
       "BestFusion": 8, 
       "FirstFit": 8, 
       "GeneticGroup": 5, 
       "GeneticStandard": 6, 
       "OverloadAndRemove": 6, 
       "OverloadAndRemovePresort": 6
     }, 
     "symbolCount": 25, 
     "symbols": [0,1,2,3,4,5,6,7,8,9,10,11,12,13,14,15,16,17,18,19,20,21,22,23,24], 
     "tileCount": 20, 
     "tileMaxSize": 18, 
     "tileMinSize": 6, 
     "tiles": [
       [0,3,7,8,10,13,16,20,22,24], 
       [1,2,3,5,7,10,11,12,13,14,15,16,18,19,20,21,22,24], 
       [0,1,2,12,14,17,18,19,21,22], 
       [3,4,6,10,12,15,16,20,23,24], 
       [0,2,3,9,11,12,13,18,19,20,22,24], 
       [1,2,3,7,8,13,16,19,22,23,24], 
       [2,4,5,7,9,10,11,18,20,23,24], 
       [0,2,7,9,10,12,13,15,16,17,21,22,23], 
       [2,4,8,11,12,14,17,19,20,22,23], 
       [2,7,10,11,12,15,16,17,18,20,22,24], 
       [0,1,6,8,10,11,12,15,17,24], 
       [1,6,7,9,10,15,20,21,22,23], 
       [0,4,6,8,17,22,24], 
       [1,2,6,8,11,18], 
       [4,6,9,11,12,15,17,20,22,23,24], 
       [2,3,6,7,10,11,12,13,14,15,16,23], 
       [1,5,6,8,9,12,13,17,19,21,22], 
       [0,2,9,10,11,12,13,14,15,17,18,20,21,24], 
       [1,3,4,5,6,7,9,10,11,12,13,15,16,17], 
       [4,7,10,14,18,21]
     ], 
     "times": {
       "BestFusion": 0.03, 
       "FirstFit": 0.02, 
       "GeneticGroup": 28.61, 
       "GeneticStandard": 2.31, 
       "OverloadAndRemove": 0.12, 
       "OverloadAndRemovePresort": 0.15
     }
   }, 
   {
     "approximation": "GeneticGroup [2016-02-18 12:41:30]", 
     "avgMultiplicity": 5.96, 
     "capacity": 20, 
     "category": "gauss", 
     "cplexLB": null, 
     "cplexOpt": null, 
     "cplexUB": null, 
     "lowerBound": 2, 
     "pageCount": 3, 
     "pages": [
       [0,1,3,4,5,6,7,8,9,10,11,15,16,17,19,20,21,22,23,24], 
       [0,1,2,4,5,6,7,8,9,10,11,12,13,16,17,18,19,21,22,24], 
       [0,1,2,3,4,6,7,8,10,12,14,15,17,18,19,20,21,22,24]
     ], 
     "paginations": [
       [18,15,14,11,13,7,17,3,5], 
       [9,12,10,8,2,1,6,4], 
       [0,19,16]
     ], 
     "properSymbolCount": 0, 
     "solvers": {
       "BestFusion": 4, 
       "FirstFit": 4, 
       "GeneticGroup": 3, 
       "GeneticStandard": 4, 
       "OverloadAndRemove": 4, 
       "OverloadAndRemovePresort": 4
     }, 
     "symbolCount": 25, 
     "symbols": [0,1,2,3,4,5,6,7,8,9,10,11,12,13,14,15,16,17,18,19,20,21,22,23,24], 
     "tileCount": 20, 
     "tileMaxSize": 12, 
     "tileMinSize": 3, 
     "tiles": [
       [0,1,2,3,4,6,12,17,20,21,22,24], 
       [1,2,4,17,18,21], 
       [2,7,13,21], 
       [5,6,7,10,15,17,20], 
       [0,1,2,5,8,9,10,18,19,22,24], 
       [7,8,10,15,17,19,20,22,23,24], 
       [7,8,9,12,16,21,22,24], 
       [0,1,3,4,5,8,11,15,20], 
       [5,9,12,21], 
       [0,1,2,4,5,6,11,12,22,24], 
       [1,2,6,7,8,10,11,13,22], 
       [0,4,5,7,9,20], 
       [6,12,13,16,17], 
       [0,3,4,5,7,9,16,19,21,22,23,24], 
       [9,15,22], 
       [7,9,10,23], 
       [1,7,14,15,19], 
       [0,6,9,11,22,23], 
       [0,1,4,6,7,10,11,16,17], 
       [0,4,8,10,12,14,17,18,19]
     ], 
     "times": {
       "BestFusion": 0.02, 
       "FirstFit": 0.02, 
       "GeneticGroup": 17.31, 
       "GeneticStandard": 2.11, 
       "OverloadAndRemove": 0.07, 
       "OverloadAndRemovePresort": 0.06
     }
   }, 
   {
     "approximation": "OverloadAndRemovePresort [2016-02-18 12:41:30]", 
     "avgMultiplicity": 4.2, 
     "capacity": 20, 
     "category": "gauss", 
     "cplexLB": null, 
     "cplexOpt": null, 
     "cplexUB": null, 
     "lowerBound": 2, 
     "pageCount": 3, 
     "pages": [
       [0,1,2,3,4,5,8,9,10,11,12,13,14,17,18,19,20,22,23,24], 
       [0,1,3,4,5,6,7,10,12,13,14,15,16,17,18,19,21,23,24], 
       [0,3,4,5,7,9,10,12,16,20,22]
     ], 
     "paginations": [
       [3,8,2,7,14,15,11,9,18], 
       [12,10,17,0,4,6,5,19,13,16], 
       [1]
     ], 
     "properSymbolCount": 0, 
     "solvers": {
       "BestFusion": 3, 
       "FirstFit": 3, 
       "GeneticGroup": 3, 
       "GeneticStandard": 3, 
       "OverloadAndRemove": 3, 
       "OverloadAndRemovePresort": 3
     }, 
     "symbolCount": 25, 
     "symbols": [0,1,2,3,4,5,6,7,8,9,10,11,12,13,14,15,16,17,18,19,20,21,22,23,24], 
     "tileCount": 20, 
     "tileMaxSize": 11, 
     "tileMinSize": 3, 
     "tiles": [
       [12,15,18,21], 
       [0,3,4,5,7,9,10,12,16,20,22], 
       [1,2,4,5,9,11,23], 
       [0,1,5,9,10,18,19,20,24], 
       [6,10,12,24], 
       [3,14,15,24], 
       [7,13,17,23], 
       [1,8,13,18,19,20,22], 
       [0,1,2,4,8,9,11,19], 
       [4,8,13], 
       [6,10,14,15,21], 
       [4,5,9,17], 
       [0,5,7,16,21,24], 
       [1,6,18], 
       [3,9,12,13,23], 
       [1,3,8,13,14], 
       [6,21,23], 
       [15,17,18,19,23,24], 
       [8,12,24], 
       [4,12,16,21]
     ], 
     "times": {
       "BestFusion": 0.02, 
       "FirstFit": 0.01, 
       "GeneticGroup": 14.03, 
       "GeneticStandard": 2.02, 
       "OverloadAndRemove": 0.06, 
       "OverloadAndRemovePresort": 0.05
     }
   }
 ]