[
   {
     "approximation": "OverloadAndRemovePresort [2014-10-28 15:04:12]", 
     "avgMultiplicity": 8.57, 
     "capacity": 20, 
     "category": "gauss", 
     "lowerBound": 2, 
     "pageCount": 6, 
     "pages": [
       [0,1,2,3,4,5,7,8,9,10,14,15,16,18,21,25,26,27,29,33], 
       [1,2,3,5,6,9,10,11,12,13,15,17,22,24,25,27,30,31,32,34], 
       [0,1,2,3,4,5,8,10,12,13,14,18,19,20,22,23,28,30,32,34], 
       [0,1,2,4,7,10,13,16,17,18,19,21,23,24,25,26,27,28,29,31], 
       [3,4,6,7,11,13,14,15,16,19,20,21,22,23,26,27,29,32,33,34], 
       [0,4,5,8,9,12,17,18,19,22,25,26,27,28,29,31]
     ], 
     "paginations": [
       [44,5,25,49,63,48,24,28,7,18,19], 
       [9,11,21,65,3,16,32,45,62,66,59,67,2,40,56], 
       [39,58,26,51,0,4,10,34,60,55,61,6,50,36,41], 
       [8,68,31,35,22,14,43,69,38,12,15,57], 
       [33,20,52,17,1,53,37,30,47,13,46,27], 
       [23,29,54,64,42]
     ], 
     "properSymbolCount": 0, 
     "solvers": {
       "BestFusion": 8, 
       "FirstFit": 8, 
       "GeneticGroup": 6, 
       "GeneticStandard": 7, 
       "OverloadAndRemove": 6, 
       "OverloadAndRemovePresort": 6
     }, 
     "symbolCount": 35, 
     "symbols": [0,1,2,3,4,5,6,7,8,9,10,11,12,13,14,15,16,17,18,19,20,21,22,23,24,25,26,27,28,29,30,31,32,33,34], 
     "tileCount": 70, 
     "tileMaxSize": 8, 
     "tileMinSize": 2, 
     "tiles": [
       [1,2,18,22,30,34], 
       [3,7,13,14,21], 
       [3,17], 
       [2,27,31,32], 
       [0,2,12,30,34], 
       [2,5,8,9,15,16,27], 
       [13,14,28], 
       [2,8,15,21], 
       [0,16,21,28], 
       [12,13,32,34], 
       [5,18,20,22,30], 
       [31,34], 
       [2,10,21,24], 
       [4,15,16,19], 
       [1,16,21,24,25,26,31], 
       [23,25,31], 
       [11,15,22,32], 
       [11,14], 
       [0,3,8], 
       [21,25,33], 
       [13,14,33], 
       [24,32], 
       [13,16,24], 
       [5,17,28], 
       [0,2,14,16,26], 
       [5,7,14,16,25,27,29], 
       [1,2,8,13,14,19,20,30], 
       [21,22], 
       [3,5,8,10,16], 
       [8,17,18,25,28], 
       [11,19], 
       [0,2,7,19,23], 
       [9,11,15,17], 
       [11,33], 
       [1,12,14,18,34], 
       [4,7,16,24,27,28], 
       [20,34], 
       [7,11,15,26,32], 
       [1,7,28,29], 
       [20,28,30], 
       [10,17,22,24,27], 
       [3,10,19,23], 
       [4,8,9,12,31], 
       [1,19,24,28,31], 
       [1,5,9,15,16,25,26,29], 
       [1,12,15,17], 
       [15,19,20], 
       [6,19], 
       [2,10,15,18,21,26], 
       [4,10,14,25,26,29,33], 
       [3,8,34], 
       [8,10,12,22,23,30,32], 
       [29,33,34], 
       [3,11,23,27,29], 
       [0,8,17,22,26], 
       [8,14,19,32], 
       [2,5,13], 
       [2,23,25], 
       [19,22,30], 
       [9,11,25], 
       [1,5,14,18,34], 
       [4,8,30,34], 
       [1,3,13,15], 
       [0,4,7,8,10,18,29], 
       [4,12,19,22,25,27,29], 
       [2,5,9,15,24,30,34], 
       [3,6,11,24], 
       [3,22,25], 
       [18,21,23,26], 
       [2,17,18,21,28]
     ], 
     "times": {
       "BestFusion": 0.07, 
       "FirstFit": 0.09, 
       "GeneticGroup": 62.91, 
       "GeneticStandard": 6.31, 
       "OverloadAndRemove": 0.44, 
       "OverloadAndRemovePresort": 0.43
     }
   }, 
   {
     "approximation": "GeneticGroup [2014-11-03 10:42:34]", 
     "avgMultiplicity": 18.54, 
     "capacity": 20, 
     "category": "gauss", 
     "lowerBound": 2, 
     "pageCount": 17, 
     "pages": [
       [0,1,5,6,7,8,9,10,11,15,18,19,20,23,24,27,29,30,31,34], 
       [1,2,4,6,7,8,13,14,15,17,18,20,22,24,25,28,29,30,32,34], 
       [1,4,9,11,12,14,15,16,21,22,23,24,25,26,27,28,29,31,32,33], 
       [1,2,4,5,6,7,9,10,18,21,22,23,25,26,27,28,29,30,32,34], 
       [0,1,3,4,7,8,10,12,14,17,18,19,23,24,25,26,27,28,30,32], 
       [1,4,5,6,10,14,15,18,21,22,23,24,25,26,27,28,29,30,31,33], 
       [0,1,2,3,4,6,11,13,14,15,17,18,21,24,26,27,28,30,31,34], 
       [2,3,5,6,7,9,12,13,15,17,18,19,20,25,26,28,30,31,34], 
       [0,2,6,8,10,12,14,15,16,17,18,19,20,21,24,25,26,27,28,34], 
       [1,2,4,5,6,7,9,15,16,17,18,19,20,21,22,23,25,27,30,33], 
       [0,4,5,7,8,9,10,13,15,19,20,21,23,24,25,26,27,28,30,32], 
       [1,3,5,6,8,11,13,14,15,16,17,21,22,25,26,28,30,31,32,34], 
       [0,3,4,7,9,10,11,13,14,16,17,19,20,21,25,29,30,31,32,34], 
       [0,6,8,9,10,11,16,18,20,21,22,25,26,27,28,29,30,31,32,34], 
       [1,3,5,7,8,10,11,12,16,18,20,21,23,24,25,28,29,32,33,34], 
       [0,2,3,4,5,6,8,11,16,19,21,22,24,25,26,28,29,30,32,33], 
       [8,10,17,25,27,33,34]
     ], 
     "paginations": [
       [63,37,39,32], 
       [12,52,67,44], 
       [26,62,65,25,66,35], 
       [22,27,59], 
       [48,68,38], 
       [7,33,16], 
       [34,60,58,64], 
       [5,36,51], 
       [17,69,56,50,24,21,19], 
       [15,28,0,45,41], 
       [8,14,31,23,61], 
       [3,46,43,9,2,6], 
       [53,10,4,55], 
       [13,49,1,18], 
       [20,30,40,54], 
       [57,29,11,42], 
       [47]
     ], 
     "properSymbolCount": 0, 
     "solvers": {
       "BestFusion": 22, 
       "FirstFit": 22, 
       "GeneticGroup": 17, 
       "GeneticStandard": 21, 
       "OverloadAndRemove": 20, 
       "OverloadAndRemovePresort": 21
     }, 
     "symbolCount": 35, 
     "symbols": [0,1,2,3,4,5,6,7,8,9,10,11,12,13,14,15,16,17,18,19,20,21,22,23,24,25,26,27,28,29,30,31,32,33,34], 
     "tileCount": 70, 
     "tileMaxSize": 13, 
     "tileMinSize": 6, 
     "tiles": [
       [4,5,6,7,17,20,23,33], 
       [6,10,16,20,21,25,30,31,32], 
       [1,3,8,15,16,25,28,31,34], 
       [5,16,17,22,28,30,31], 
       [0,4,7,10,13,14,16,17,20,29,34], 
       [3,6,7,9,13,18,20,25,26,28,34], 
       [3,5,8,11,14,15,21,22,25,30,31,32], 
       [5,6,14,15,21,22,23,24,25,27,28,30,31], 
       [4,5,7,9,10,15,21,23,26,28], 
       [3,13,14,16,17,28,30,31], 
       [0,3,9,11,13,19,21,25,30,31], 
       [4,5,8,16,19,22,29,30,33], 
       [1,4,7,8,14,20,24,25,30,32], 
       [0,9,10,11,18,20,21,22,26,27,28,30,32], 
       [0,4,5,7,10,13,21,25], 
       [1,4,6,16,17,19,22,23,25], 
       [1,10,15,18,21,22,24,26,28,29,30,31,33], 
       [0,8,14,15,16,19,25,26], 
       [16,20,28,29,30,34], 
       [0,6,8,10,12,14,15,20,27,28], 
       [5,7,11,12,20,21,24,25], 
       [0,2,15,16,17,18,19,20,24,27,28,34], 
       [1,2,4,6,7,22,23,26,27,29], 
       [4,5,10,19,20,21,24,28,32], 
       [2,10,12,14,19,20,25,34], 
       [4,11,16,22,26,27,32,33], 
       [9,11,21,25,29,31,33], 
       [2,4,7,21,23,25,30,32,34], 
       [6,7,17,20,21,23,25,27,30], 
       [0,2,6,8,11,21,25,29,32,33], 
       [1,3,8,10,11,16,20,21,23,25,32,34], 
       [0,5,10,13,24,26,28,30], 
       [1,11,15,19,23,27,30], 
       [4,14,18,22,23,24,26,30], 
       [0,6,13,21,24,27,28,30,34], 
       [9,11,12,15,24,29,33], 
       [2,3,6,9,12,15,17,19,26,30,31,34], 
       [5,7,8,10,15,18,29], 
       [0,1,3,7,12,17,18,19,25,26,32], 
       [0,1,5,6,7,9,11,20,23,24,29,30,34], 
       [5,12,16,21,28,29,33,34], 
       [7,9,16,19,20,23,27], 
       [6,11,16,19,21,24,28,29,33], 
       [1,6,8,11,14,15,16,26,28,30,32], 
       [2,13,14,18,20,22,25,29,30,34], 
       [1,2,4,9,15,17,18,19,20,21,22,27,33], 
       [1,3,13,16,17,30,31,32], 
       [8,10,17,25,27,33,34], 
       [3,4,8,12,14,26,27,28], 
       [0,8,11,18,21,22,25,28,30,31], 
       [6,15,18,21,24,25,26,34], 
       [5,7,12,13,19,25,31], 
       [4,6,8,17,18,20,24,28,29,34], 
       [3,7,16,19,20,29,30,32], 
       [8,16,18,23,29,33,34], 
       [10,11,16,17,19,21,25,30,31], 
       [2,10,14,15,18,19,21,26,27], 
       [2,3,4,5,8,11,16,22,24,26,33], 
       [1,6,13,15,17,21,27,34], 
       [2,4,5,9,10,18,28,30,32], 
       [2,3,4,13,14,18,21,28,31,34], 
       [0,5,7,8,13,15,20,25,27,32], 
       [9,12,16,21,23,25,26,31,33], 
       [1,9,18,23,27,31], 
       [2,3,4,6,11,14,15,21,26], 
       [4,11,12,14,15,25,28,31,33], 
       [1,4,9,12,16,22,23,26,31,33], 
       [2,6,7,8,15,18,22,24,28], 
       [0,1,3,8,10,12,18,19,23,24,28,30], 
       [2,6,8,10,14,15,16,19,20,28]
     ], 
     "times": {
       "BestFusion": 0.07, 
       "FirstFit": 0.05, 
       "GeneticGroup": 78.5, 
       "GeneticStandard": 6.93, 
       "OverloadAndRemove": 1.08, 
       "OverloadAndRemovePresort": 0.98
     }
   }, 
   {
     "approximation": "GeneticGroup [2014-11-03 10:42:34]", 
     "avgMultiplicity": 9.0, 
     "capacity": 20, 
     "category": "gauss", 
     "lowerBound": 2, 
     "pageCount": 6, 
     "pages": [
       [0,4,5,7,8,10,11,12,14,15,17,21,22,23,24,26,28,29,30,34], 
       [0,1,2,3,6,7,8,9,10,12,14,15,16,18,20,21,23,25,26,34], 
       [0,1,2,4,8,9,10,12,13,16,17,18,19,20,22,24,29,30,31,34], 
       [1,2,3,5,6,7,12,14,16,19,21,22,25,27,28,29,31,32,33,34], 
       [1,3,4,5,6,7,8,9,12,13,17,19,20,24,25,27,30,32,33,34], 
       [0,4,5,6,8,9,10,15,17,25,29,31,32]
     ], 
     "paginations": [
       [33,0,52,41,16,38,15,36,32,53,23,11,10,68,43,13,22,18], 
       [3,44,62,59,60,26,69,5,50,1,24,64,14,20,17,21], 
       [57,6,42,2,30,49,46,40,35,9,45,54,65], 
       [34,56,28,37,51,67,63,61,39,58], 
       [47,25,7,4,55,66,19,27,29], 
       [31,8,48,12]
     ], 
     "properSymbolCount": 0, 
     "solvers": {
       "BestFusion": 8, 
       "FirstFit": 9, 
       "GeneticGroup": 6, 
       "GeneticStandard": 8, 
       "OverloadAndRemove": 7, 
       "OverloadAndRemovePresort": 7
     }, 
     "symbolCount": 35, 
     "symbols": [0,1,2,3,4,5,6,7,8,9,10,11,12,13,14,15,16,17,18,19,20,21,22,23,24,25,26,27,28,29,30,31,32,33,34], 
     "tileCount": 70, 
     "tileMaxSize": 9, 
     "tileMinSize": 2, 
     "tiles": [
       [10,14,23], 
       [0,2,6,7,8,10,15], 
       [12,16,24], 
       [7,9,26,34], 
       [1,5,12,24,25], 
       [1,9,14], 
       [8,12,16,22], 
       [1,8,9,20,27,30], 
       [0,5,9,32], 
       [2,24], 
       [0,8,23,24,28,30], 
       [7,12,23,24,28,34], 
       [15,29,32], 
       [10,28], 
       [12,14,18], 
       [7,11,21,30,34], 
       [17,28], 
       [0,1,2,3,8], 
       [8,10,34], 
       [3,13,27,33], 
       [2,12,15,21,25], 
       [1,16,34], 
       [4,7,10,17,21,24], 
       [23,29], 
       [6,18,20,26], 
       [5,9,17,30,32,34], 
       [15,20], 
       [6,12,19,20], 
       [14,19,31,33], 
       [3,17,19], 
       [0,9,12,19,20,22,30,34], 
       [4,6,8,31], 
       [5,12,21,22,29,30], 
       [0,11,17,21,26], 
       [12,14,27,31,32], 
       [16,18,24], 
       [4,11,12,23], 
       [7,16,19,21,22,25,31,34], 
       [11,14,21,24,28], 
       [2,3,6,12,19,29,34], 
       [4,8,12,13,22,30,31], 
       [5,11,30], 
       [2,8,18,31], 
       [7,10,30,34], 
       [1,21], 
       [1,4,10,12,19], 
       [1,4,9,17,22,24], 
       [1,7,17,19,25,27,30,32], 
       [10,17,25,31], 
       [9,10,13,31], 
       [20,25,26], 
       [1,14,19,25,29], 
       [15,22,29], 
       [0,7,22,26,29,30], 
       [0,1,2,4,10,13,17,19,29], 
       [4,5,6,12,33], 
       [3,12,16,19,34], 
       [13,19,34], 
       [3,7,31], 
       [9,14,15,23], 
       [1,15,16], 
       [2,7,19,22,31], 
       [0,18,21,25,34], 
       [3,21,25,31], 
       [1,8,9,12,18,20,25], 
       [16,19,20,31], 
       [1,7,30,32,33], 
       [2,5,19,22,28,31,32,33], 
       [10,17,22], 
       [3,18,21,23]
     ], 
     "times": {
       "BestFusion": 0.07, 
       "FirstFit": 0.05, 
       "GeneticGroup": 69.07, 
       "GeneticStandard": 6.5, 
       "OverloadAndRemove": 0.42, 
       "OverloadAndRemovePresort": 0.43
     }
   }, 
   {
     "approximation": "GeneticGroup [2015-11-05 20:27:44]", 
     "avgMultiplicity": 19.0, 
     "capacity": 20, 
     "category": "gauss", 
     "lowerBound": 2, 
     "pageCount": 17, 
     "pages": [
       [2,4,5,6,7,8,9,10,15,16,17,18,19,21,22,24,26,27,30,33], 
       [0,1,2,3,4,5,6,7,9,10,11,12,16,17,18,20,23,26,29,34], 
       [0,1,5,6,7,8,9,10,12,14,17,19,21,23,25,26,27,28,30,33], 
       [0,1,2,4,5,7,9,11,12,13,14,20,21,24,25,28,30,31,32,33], 
       [2,3,4,5,6,8,9,10,11,13,14,19,21,23,26,27,28,31,33,34], 
       [0,1,2,3,5,6,8,9,13,15,16,19,20,22,23,25,26,27,29,30], 
       [0,5,6,7,8,10,11,13,14,16,18,19,20,22,23,25,28,31,32,33], 
       [2,4,5,6,10,11,15,16,17,18,20,21,24,25,28,29,30,31,33], 
       [6,7,8,9,10,11,14,15,17,18,19,20,22,24,26,28,29,30,31,32], 
       [0,1,3,7,10,12,13,15,16,17,19,20,21,22,23,24,26,27,28,32], 
       [2,3,7,8,11,12,13,15,19,20,21,24,25,27,29,30,31,32,33,34], 
       [2,4,6,8,9,12,15,16,17,19,20,22,24,25,28,29,30,31,32,34], 
       [2,3,4,5,6,7,8,10,11,12,13,16,17,19,26,30,32,33], 
       [0,1,4,6,7,8,9,10,12,14,15,16,18,22,25,27,28,29,33,34], 
       [0,2,3,4,6,9,12,14,15,16,18,21,22,23,27,28,29,31,32,34], 
       [0,2,4,5,8,10,11,14,17,18,20,23,24,25,26,27,28,29,30,31], 
       [1,5,9,10,12,14,15,17,18,19,21,23,24,25,27,29,30,32,33,34]
     ], 
     "paginations": [
       [6,18,27,1], 
       [11,42,12,0,43], 
       [53,48,16,61], 
       [23,50,28,45], 
       [8,39,22,25,30], 
       [56,20,38,2], 
       [64,17,55], 
       [52,40,35,19], 
       [63,24,58], 
       [57,65,59,46,34], 
       [33,13,14,21], 
       [62,7,36,32], 
       [5,51,54,68,15], 
       [69,29,31,3], 
       [66,41,67], 
       [10,26,60,44], 
       [47,37,4,49,9]
     ], 
     "properSymbolCount": 0, 
     "solvers": {
       "BestFusion": 23, 
       "FirstFit": 25, 
       "GeneticGroup": 17, 
       "GeneticStandard": 22, 
       "OverloadAndRemove": 21, 
       "OverloadAndRemovePresort": 20
     }, 
     "symbolCount": 35, 
     "symbols": [0,1,2,3,4,5,6,7,8,9,10,11,12,13,14,15,16,17,18,19,20,21,22,23,24,25,26,27,28,29,30,31,32,33,34], 
     "tileCount": 70, 
     "tileMaxSize": 14, 
     "tileMinSize": 4, 
     "tiles": [
       [0,6,10,12,17,20,26], 
       [4,9,18,24,30,33], 
       [0,3,5,9,15,20,22,23,27], 
       [1,4,8,9,10,14,15,25,27,29], 
       [5,12,18,21,24,29,30,32,34], 
       [2,3,5,11,19,30], 
       [6,10,15,16,17,19,22,24,30,33], 
       [6,9,17,19,20,25,28,29,30,31,34], 
       [2,5,6,23,26,27,28,34], 
       [1,9,10,15,17,19,27,33], 
       [0,2,10,18,24,25,26,27,28,30,31], 
       [3,4,6,7,16,17,23,26,34], 
       [1,4,5,7,9,10,11,17,20,23,26,29], 
       [2,3,7,8,11,13,19,25,29,33,34], 
       [2,3,8,12,20,21,24,29,31,32,33], 
       [3,5,6,8,11,12,17,26,30,32], 
       [0,5,6,7,8,9,10,12,14,21,23,27,28,33], 
       [5,7,11,13,14,16,18,19,25,33], 
       [5,7,8,9,10,15,18,21,24,26,33], 
       [2,25,29,30,31,33], 
       [1,6,15,16,19,22,23,25,26,29,30], 
       [2,3,11,12,13,15,19,20,21,25,27,29,34], 
       [4,8,11,14,23,28,33,34], 
       [1,2,9,20,21,24,30,31,33], 
       [7,14,15,22,26,28,29,30,32], 
       [3,10,13,21,23,26,31], 
       [2,5,8,14,18,20,27,28,29], 
       [2,6,8,15,16,17,18,21,24,26,27,30], 
       [2,5,7,9,11,14,20,21,25,28,32,33], 
       [0,1,7,10,18,22,27,28,29,33], 
       [3,4,6,11,21,27,31,34], 
       [8,10,12,14,15,16,18,22,28,34], 
       [2,12,15,16,22,28,30,31], 
       [2,12,19,21,25,30,34], 
       [7,17,20,21,23,27], 
       [2,5,6,15,18,20,21,24,25,28,31,33], 
       [4,8,9,15,16,24,25,30,31], 
       [1,9,10,12,14,17,19,27,29,32], 
       [0,3,5,8,9,15,23,26,30], 
       [2,3,5,8,9,10,19,31], 
       [4,10,17,21,29,30,31,33], 
       [15,18,21,23,27,28,29], 
       [2,16,17,34], 
       [1,2,3,4,5,9,10,12,16,18,26], 
       [0,2,4,5,8,11,14,20,26,29,30], 
       [1,4,5,12,13,14,21,25,30,31,32], 
       [0,3,17,21,23,24,28], 
       [1,9,10,12,14,15,17,24,25,27,34], 
       [5,6,8,17,19,21,25,26,27,33], 
       [10,12,15,17,23,27,29,30,32], 
       [0,4,5,7,13,31,32], 
       [2,3,4,5,6,8,16,17,19,32], 
       [5,6,10,11,15,16,17,18,20,24,31], 
       [6,7,8,9,10,14,23,25,26,27,30], 
       [4,10,11,16,17,26,30,32], 
       [5,16,19,23,25,32], 
       [2,3,13,22,23,25,26,29], 
       [0,1,3,13,15,16,19,21,23,24,26], 
       [6,11,14,17,18,19,20,22,24,26,31,32], 
       [3,10,12,17,19,21,22,23,28,32], 
       [4,8,10,11,17,18,23,24,25,28,31], 
       [0,1,5,6,7,8,9,12,19,26,27,28], 
       [2,4,8,12,16,17,20,24,28,32], 
       [7,8,9,10,11,14,19,24,30,31], 
       [0,5,6,7,8,10,13,16,19,20,22,25,28,31], 
       [0,3,7,13,15,16,20,21,27], 
       [0,3,4,9,12,22,23,27,29], 
       [2,3,6,9,12,14,16,23,31,32,34], 
       [2,6,7,8,11,13,19,26,32,33], 
       [1,4,6,7,8,9,22,25,33,34]
     ], 
     "times": {
       "BestFusion": 0.06, 
       "FirstFit": 0.05, 
       "GeneticGroup": 81.92, 
       "GeneticStandard": 7.53, 
       "OverloadAndRemove": 1.12, 
       "OverloadAndRemovePresort": 1.03
     }
   }, 
   {
     "approximation": "GeneticGroup [2014-11-03 10:42:34]", 
     "avgMultiplicity": 12.89, 
     "capacity": 20, 
     "category": "gauss - by 6 - step 5", 
     "lowerBound": 2, 
     "pageCount": 10, 
     "pages": [
       [0,1,2,5,6,7,9,10,11,13,19,20,23,25,26,27,28,29,32,33], 
       [2,4,6,7,8,10,12,14,15,16,18,23,24,27,28,30,31,32,33,34], 
       [0,1,4,5,6,7,9,11,12,15,16,17,21,22,24,25,30,31,32,34], 
       [0,1,2,5,6,7,8,11,12,15,16,17,19,21,24,25,26,27,28,31], 
       [1,2,3,4,5,7,8,9,11,12,15,18,19,20,22,26,27,29,30,32], 
       [0,1,2,3,5,6,9,10,11,14,15,17,18,20,22,24,28,29,31,32], 
       [3,6,7,8,11,12,13,14,17,19,20,21,23,25,26,27,29,30,31,33], 
       [0,2,3,4,6,8,14,16,17,19,20,21,22,23,24,27,29,30,32,33], 
       [0,2,3,4,8,9,13,15,16,19,20,21,22,23,24,25,26,28,29,30], 
       [0,1,2,3,8,9,10,11,12,14,15,16,17,18,19,21,23,27,31,34]
     ], 
     "paginations": [
       [18,23,40,66,55,48,4,52,43,68,37], 
       [15,39,35,65,19,20,5], 
       [7,60,57,3,56,25,54,38,26,16], 
       [2,69,46,58,31,44], 
       [53,30,45], 
       [24,49,42,8,21,50,17], 
       [11,36,28,41,64,9,6,14,34,62,33,32,47], 
       [29,12,63,22], 
       [67,0,13,51], 
       [1,10,59,61,27]
     ], 
     "properSymbolCount": 0, 
     "solvers": {
       "BestFusion": 14, 
       "FirstFit": 15, 
       "GeneticGroup": 10, 
       "GeneticStandard": 13, 
       "OverloadAndRemove": 12, 
       "OverloadAndRemovePresort": 12
     }, 
     "symbolCount": 35, 
     "symbols": [0,1,2,3,4,5,6,7,8,9,10,11,12,13,14,15,16,17,18,19,20,21,22,23,24,25,26,27,28,29,30,31,32,33,34], 
     "tileCount": 70, 
     "tileMaxSize": 16, 
     "tileMinSize": 2, 
     "tiles": [
       [4,9,16,19,20,21,22,26], 
       [0,2,10,12,15,19,23,27,31,34], 
       [6,12,17,19,21,24,26,31], 
       [0,4,7,12,15,16,21,22,25,30,31], 
       [6,23,28], 
       [4,6,8,28,32,33,34], 
       [21,29], 
       [1,9,12,21,32], 
       [2,3,9,15,20,31], 
       [3,23,27,30], 
       [3,9,10,11,15,17,18,21,23,27], 
       [3,6,7,8,13,14,19,20,27,30,33], 
       [4,16,20,23,24,27], 
       [3,4,9,28,29,30], 
       [8,11,14,17,19], 
       [2,4,7,8,14,30], 
       [11,16], 
       [3,29,31], 
       [0,1,25,33], 
       [2,12,15,16,23,32], 
       [2,14,23,33], 
       [0,1,5,20,24,29], 
       [0,2,3,4,14,17,20,21,27,30,32], 
       [0,6,10,23,27,32,33], 
       [1,5,9,14,17,18,22,24,28,31], 
       [0,5,6,15,17,22,31], 
       [0,9,15,30], 
       [8,9,10,17,21,34], 
       [3,6,13,17,27,30], 
       [4,14,16,19,20,23], 
       [1,2,3,5,8,9,11,15,19,20,22,26,27,29,32], 
       [16,21,24,25,28], 
       [6,12,13,26,29], 
       [19,30,31,33], 
       [3,13,14,21,31], 
       [8,14,18,32,33], 
       [7,17,23,30,31], 
       [0,9,27], 
       [16,21,32,34], 
       [8,10,12,15,16,18,24,27,30,31,33,34], 
       [1,9,10,13,20,33], 
       [6,11,14,23,25], 
       [5,10,15,17,18,20,28,29], 
       [1,6], 
       [1,2,7,8,12,25,27,28], 
       [2,3,5,8,30], 
       [1,8,11,24,26], 
       [3,12,13,21,25,27,30,33], 
       [0,1,5,7,9,10,11,13], 
       [2,5,14,29], 
       [6,9,11,17,18,28,31,32], 
       [3,15,24,26], 
       [1,2,9,10,29,33], 
       [1,2,4,5,7,11,12,15,18,19,20,22,26,29,30,32], 
       [0,9,16,22,24,32,34], 
       [1,5,19,23,32,33], 
       [0,5,6,12,30,34], 
       [4,11,12,15,17,21,32], 
       [6,7,15,19,26], 
       [1,3,9,17,18,19,27], 
       [4,6,12,21,34], 
       [1,3,14,16,17,34], 
       [3,6,17,21], 
       [0,3,6,8,16,19,22,24,27,29,30,32,33], 
       [13,14,20,21,30], 
       [2,10,15,23,24,28,30,34], 
       [0,7,19,25,27,29,33], 
       [0,2,8,13,23,25,30], 
       [5,9,26,33], 
       [0,5,8,11,12,15,24,28]
     ], 
     "times": {
       "BestFusion": 0.06, 
       "FirstFit": 0.05, 
       "GeneticGroup": 73.69, 
       "GeneticStandard": 6.31, 
       "OverloadAndRemove": 0.67, 
       "OverloadAndRemovePresort": 0.62
     }
   }, 
   {
     "approximation": "GeneticGroup [2014-11-03 10:42:34]", 
     "avgMultiplicity": 13.2, 
     "capacity": 20, 
     "category": "gauss - by 6 - step 5", 
     "lowerBound": 2, 
     "pageCount": 10, 
     "pages": [
       [0,1,3,4,5,6,8,9,10,11,14,15,16,18,20,21,28,29,30,33], 
       [0,4,6,7,8,9,12,13,14,16,17,18,19,21,22,23,26,29,30,31], 
       [1,2,5,6,8,9,10,12,13,15,16,18,20,21,22,24,28,29,31,32], 
       [1,5,6,7,11,12,13,14,15,17,18,21,24,25,26,28,29,30,32,33], 
       [0,5,6,7,8,9,10,11,15,17,18,22,23,24,26,27,28,31,32,34], 
       [0,1,2,3,5,6,8,9,10,12,14,16,17,19,20,23,24,31,33,34], 
       [1,7,9,10,12,13,15,17,18,21,23,25,26,27,29,30,31,32,33,34], 
       [2,3,4,7,8,11,13,15,17,18,19,20,21,23,24,25,26,29,33,34], 
       [2,4,5,7,8,9,11,12,14,15,19,20,21,22,27,28,30,31,32,33], 
       [0,2,4,5,10,11,12,15,19,20,22,24,25,26,29,30,31,34]
     ], 
     "paginations": [
       [68,60,2,33,65,30,51,66,31,8,15,10], 
       [37,1,53,7,6,28,47,12,41,36], 
       [44,61,27,9,48,26,67], 
       [16,11,64,4,56,50,63,17,34], 
       [35,46,25,55,38,19], 
       [3,40,43,13,24,23], 
       [14,62,29,0], 
       [20,49,18,57,59], 
       [5,54,58,52,42,69,45], 
       [39,22,32,21]
     ], 
     "properSymbolCount": 0, 
     "solvers": {
       "BestFusion": 15, 
       "FirstFit": 16, 
       "GeneticGroup": 10, 
       "GeneticStandard": 14, 
       "OverloadAndRemove": 13, 
       "OverloadAndRemovePresort": 13
     }, 
     "symbolCount": 35, 
     "symbols": [0,1,2,3,4,5,6,7,8,9,10,11,12,13,14,15,16,17,18,19,20,21,22,23,24,25,26,27,28,29,30,31,32,33,34], 
     "tileCount": 70, 
     "tileMaxSize": 14, 
     "tileMinSize": 2, 
     "tiles": [
       [1,7,9,10,15,17,18,21,27,29,30,32], 
       [4,14,31], 
       [3,16,20,21,33], 
       [1,6,16,19,23], 
       [7,14,17,24,28,29], 
       [4,8,19,27,31], 
       [6,8,19,22], 
       [4,6,9,16,31], 
       [0,8,28,30], 
       [5,8,9,13,15,20,22,24], 
       [20,28], 
       [5,11,13,18], 
       [12,16,17], 
       [3,9,14,17], 
       [9,25,32], 
       [9,15,18,30,33], 
       [14,25,26], 
       [5,11,26], 
       [3,4,8,11,13,15,20,23,24,26,33], 
       [0,9,10,15,18,23,24,28,31,34], 
       [2,3,7,8,11,17,18,21,24,25,26,29], 
       [0,15,19,25,31], 
       [10,11,24,26,30,34], 
       [0,6,12,19,20,23,34], 
       [0,3,5,6,9,16,17,20,31], 
       [9,18,22,24,27], 
       [1,2,13,20,21,32], 
       [1,5,6,8,10,12,13,15,18,20,24,29,31], 
       [6,7,8,14,18,19,21,23,29], 
       [7,9,13,17,21,23,26,29,30,31,32,33,34], 
       [11,15,16,28,33], 
       [11,16,18], 
       [4,5,19,22,29], 
       [0,4,8,16,20,33], 
       [6,15,21,25], 
       [6,7,8,9,17,28,31,32], 
       [4,6,7,13,14,16,17,18], 
       [4,6,7,12,13,18,21,22,26,30,31], 
       [5,8,9,11,17,18,24], 
       [2,12,15,20,22,26,34], 
       [0,2,9,12,23,31,33,34], 
       [4,6,7,8,19,23,29], 
       [12,15,22,27,32], 
       [1,2,8,9,10,12,14,17,23,24], 
       [1,2,9,13,18,21,24,28,32], 
       [5,22,30], 
       [5,6,8,18,32,34], 
       [7,9,12,16,29], 
       [1,2,5,6,15,18,22,29,32], 
       [3,13,19,25,29,34], 
       [5,6,11,18,21,25,29,30,32,33], 
       [1,3,4,6,10,14,29,33], 
       [2,11,14,22,30,31,33], 
       [0,13,14,16,19,21,26], 
       [7,8,11,14,20,21,22,30,32], 
       [0,7,8,10,11,17,18,22,24,26,27,28,31,32], 
       [6,7,11,12,13,28,29,32,33], 
       [18,19,20,24,33,34], 
       [5,19,28], 
       [2,4,18], 
       [0,1,5,10,15,18,29,30], 
       [2,12,32], 
       [10,12,13,17,21,23,25,27], 
       [1,5,7,17,18,24,28,29,33], 
       [12,14,15,18,29], 
       [10,14,28,29], 
       [0,8,11,15,21], 
       [1,10,16,18,31,32], 
       [11,15,18,21,28,29,30], 
       [5,7,9,11,12,19,20,22,31]
     ], 
     "times": {
       "BestFusion": 0.06, 
       "FirstFit": 0.06, 
       "GeneticGroup": 72.34, 
       "GeneticStandard": 6.17, 
       "OverloadAndRemove": 0.72, 
       "OverloadAndRemovePresort": 0.63
     }
   }
 ]