[
   {
     "approximation": "BestFusion [2016-02-18 12:56:18]", 
     "avgMultiplicity": 2.76, 
     "capacity": 20, 
     "category": "gauss", 
     "cplexLB": null, 
     "cplexOpt": null, 
     "cplexUB": null, 
     "lowerBound": 3, 
     "pageCount": 5, 
     "pages": [
       [0,2,3,8,13,14,16,17,18,21,28,29,34,38,39,40,41,42,43,44], 
       [2,3,4,5,7,8,9,14,15,19,24,26,32,33,35,36,37,38,41], 
       [0,1,3,6,14,15,18,20,23,26,27,28,31,32,37,38,39,41,44], 
       [3,7,10,11,14,21,22,25,26,27,28,29,30,32,33,35,39,43], 
       [0,9,12,13,15,18,19,21,22,23,25,30,34,37,40,43,44]
     ], 
     "paginations": [
       [0,3,4,6,10,18], 
       [1,2,8,9,11], 
       [5,7,12,13,15], 
       [14,19], 
       [16,17]
     ], 
     "properSymbolCount": 7, 
     "solvers": {
       "BestFusion": 5, 
       "FirstFit": 6, 
       "GeneticGroup": 5, 
       "GeneticStandard": 5, 
       "OverloadAndRemove": 5, 
       "OverloadAndRemovePresort": 5
     }, 
     "symbolCount": 45, 
     "symbols": [0,1,2,3,4,5,6,7,8,9,10,11,12,13,14,15,16,17,18,19,20,21,22,23,24,25,26,27,28,29,30,31,32,33,34,35,36,37,38,39,40,41,42,43,44], 
     "tileCount": 20, 
     "tileMaxSize": 11, 
     "tileMinSize": 2, 
     "tiles": [
       [0,3,8,17,28,34], 
       [2,15,24,33,38], 
       [9,24], 
       [0,3,8,14,18,29,39,40], 
       [16,18,21,41,42,43], 
       [1,31], 
       [13,16,44], 
       [0,1,18,32,37,39,41,44], 
       [2,3,4,5,7,14,19,37,38], 
       [5,7,8,19,35,41], 
       [18,38], 
       [3,19,24,26,32,36,41], 
       [15,20,27,31,39], 
       [6,14,20,23,37,38], 
       [3,7,14,26,27,29,33,43], 
       [0,3,20,23,26,28], 
       [9,12,13,15,19,21,23,30,34,37,44], 
       [0,12,18,22,25,37,40,43,44], 
       [2,14,28,29], 
       [10,11,21,22,25,28,30,32,33,35,39]
     ], 
     "times": {
       "BestFusion": 0.02, 
       "FirstFit": 0.02, 
       "GeneticGroup": 17.75, 
       "GeneticStandard": 1.88, 
       "OverloadAndRemove": 0.07, 
       "OverloadAndRemovePresort": 0.06
     }
   }, 
   {
     "approximation": "BestFusion [2016-02-18 12:56:18]", 
     "avgMultiplicity": 5.84, 
     "capacity": 20, 
     "category": "gauss", 
     "cplexLB": null, 
     "cplexOpt": null, 
     "cplexUB": null, 
     "lowerBound": 3, 
     "pageCount": 13, 
     "pages": [
       [1,4,8,9,10,11,12,13,17,19,25,29,32,33,34,35,37,39,41,43], 
       [0,5,8,10,12,13,14,22,23,24,25,26,27,32,34,36,40,41,43], 
       [2,5,6,7,13,14,15,16,17,18,21,25,26,30,31,35,37,39,40], 
       [0,1,3,7,8,9,14,17,18,21,22,23,24,25,30,32,33,37,42,44], 
       [1,2,5,6,9,11,14,15,16,18,22,23,27,32,33,34,38], 
       [0,1,2,6,8,10,13,21,22,23,24,27,28,30,34,36,42], 
       [1,11,13,15,16,18,19,20,21,24,25,27,30,31,35,38,42], 
       [4,7,9,10,14,17,18,20,29,30,39,40,41,43], 
       [1,3,4,5,12,13,14,19,21,24,25,28,29,32,38,39,41,42,44], 
       [1,2,4,9,11,15,18,19,21,22,23,36,38,40,42,43,44], 
       [1,2,4,5,7,8,16,18,19,23,24,25,28,30,31,32,33,35,36,44], 
       [0,1,5,9,12,13,17,20,22,23,25,28,32,34,35,39,42], 
       [2,3,8,13,17,18,20,24,31,32,34,36,39,40,42,43,44]
     ], 
     "paginations": [
       [0,6], 
       [1,18], 
       [2,7], 
       [3,9], 
       [4], 
       [5], 
       [8,12], 
       [10], 
       [11,19], 
       [13], 
       [14,15], 
       [16], 
       [17]
     ], 
     "properSymbolCount": 0, 
     "solvers": {
       "BestFusion": 13, 
       "FirstFit": 13, 
       "GeneticGroup": 13, 
       "GeneticStandard": 13, 
       "OverloadAndRemove": 15, 
       "OverloadAndRemovePresort": 15
     }, 
     "symbolCount": 45, 
     "symbols": [0,1,2,3,4,5,6,7,8,9,10,11,12,13,14,15,16,17,18,19,20,21,22,23,24,25,26,27,28,29,30,31,32,33,34,35,36,37,38,39,40,41,42,43,44], 
     "tileCount": 20, 
     "tileMaxSize": 17, 
     "tileMinSize": 4, 
     "tiles": [
       [4,8,9,10,11,13,17,19,25,32,33,34,35,37,39,43], 
       [0,8,10,12,14,23,24,25,27,32,34,36,40,41,43], 
       [7,13,14,16,17,18,21,26,31,35,37,39,40], 
       [1,3,7,8,14,17,21,22,23,24,25,30,32,33,37,42,44], 
       [1,2,5,6,9,11,14,15,16,18,22,23,27,32,33,34,38], 
       [0,1,2,6,8,10,13,21,22,23,24,27,28,30,34,36,42], 
       [1,9,10,12,17,19,29,34,39,41], 
       [2,5,6,13,15,17,25,30], 
       [11,13,16,19,20,24,25,30,31,35,42], 
       [0,7,8,9,18,23,24,25,33,37,42,44], 
       [4,7,9,10,14,17,18,20,29,30,39,40,41,43], 
       [1,3,4,12,13,14,19,21,28,38,39,41,42,44], 
       [1,11,13,15,16,18,21,25,27,30,38], 
       [1,2,4,9,11,15,18,19,21,22,23,36,38,40,42,43,44], 
       [1,2,4,7,16,18,23,24,28,32,33], 
       [2,5,8,18,19,25,30,31,32,33,35,36,44], 
       [0,1,5,9,12,13,17,20,22,23,25,28,32,34,35,39,42], 
       [2,3,8,13,17,18,20,24,31,32,34,36,39,40,42,43,44], 
       [5,13,22,26], 
       [3,5,14,21,24,25,29,32,42]
     ], 
     "times": {
       "BestFusion": 0.02, 
       "FirstFit": 0.02, 
       "GeneticGroup": 28.73, 
       "GeneticStandard": 2.72, 
       "OverloadAndRemove": 0.17, 
       "OverloadAndRemovePresort": 0.2
     }
   }, 
   {
     "approximation": "GeneticGroup [2016-02-18 12:56:18]", 
     "avgMultiplicity": 5.69, 
     "capacity": 20, 
     "category": "gauss", 
     "cplexLB": null, 
     "cplexOpt": null, 
     "cplexUB": null, 
     "lowerBound": 3, 
     "pageCount": 12, 
     "pages": [
       [3,4,5,7,9,12,14,16,18,19,23,27,28,32,33,36,37,39,42,44], 
       [1,6,10,17,19,20,22,27,31,32,34,35,39,41,42,43,44], 
       [2,3,4,6,9,11,12,14,15,19,20,21,26,31,37,39,40,43], 
       [2,5,6,9,11,14,15,19,21,22,28,29,33,34,42,43], 
       [1,3,4,7,8,11,12,14,17,18,19,26,28,29,38,40,41,42,43,44], 
       [0,1,2,4,5,6,12,14,15,17,19,20,25,26,31,35,36,44], 
       [0,5,8,10,11,13,14,15,18,19,22,23,24,30,31,34,40,43,44], 
       [0,1,4,5,6,7,8,13,16,18,19,24,25,29,30,32,36,37,38,40], 
       [1,2,3,7,9,10,13,15,17,21,24,30,31,32,34,36,37,40,42], 
       [1,2,5,8,9,13,14,15,17,23,24,31,32,35,37,38,41,42,43,44], 
       [7,8,9,13,15,21,22,23,24,26,27,31,32,33,34,38,43], 
       [4,13,15,16,18,19,20,22,24,25,27,28,31,32,35,38,39,43]
     ], 
     "paginations": [
       [9,1,15], 
       [16], 
       [2], 
       [11], 
       [19,4], 
       [3,6], 
       [7,10], 
       [13,5], 
       [17,14], 
       [8,0], 
       [18], 
       [12]
     ], 
     "properSymbolCount": 0, 
     "solvers": {
       "BestFusion": 14, 
       "FirstFit": 14, 
       "GeneticGroup": 12, 
       "GeneticStandard": 12, 
       "OverloadAndRemove": 14, 
       "OverloadAndRemovePresort": 14
     }, 
     "symbolCount": 45, 
     "symbols": [0,1,2,3,4,5,6,7,8,9,10,11,12,13,14,15,16,17,18,19,20,21,22,23,24,25,26,27,28,29,30,31,32,33,34,35,36,37,38,39,40,41,42,43,44], 
     "tileCount": 20, 
     "tileMaxSize": 18, 
     "tileMinSize": 2, 
     "tiles": [
       [1,2,5,8,9,13,14,15,24,31,32,35,38,41,42,43], 
       [36,44], 
       [2,3,4,6,9,11,12,14,15,19,20,21,26,31,37,39,40,43], 
       [0,2,5,12,15,20,26,31,35,44], 
       [1,4,12,17,18,19,40,42,44], 
       [1,6,7,8,13,16,19,30,32,36,40], 
       [1,2,4,6,14,15,17,19,25,26,36], 
       [5,8,10,11,13,14,15,18,22,23,24,30,40,43,44], 
       [8,14,17,23,24,32,35,37,38,42,44], 
       [3,5,7,9,16,18,19,27,28,32,33,44], 
       [0,8,13,19,30,31,34,43,44], 
       [2,5,6,9,11,14,15,19,21,22,28,29,33,34,42,43], 
       [4,13,15,16,18,19,20,22,24,25,27,28,31,32,35,38,39,43], 
       [0,4,5,8,13,16,18,19,24,25,29,37,38], 
       [1,2,3,7,9,13,30,31,32,34], 
       [3,4,5,12,14,16,18,19,23,32,37,39,42,44], 
       [1,6,10,17,19,20,22,27,31,32,34,35,39,41,42,43,44], 
       [1,3,7,9,10,15,17,21,24,30,36,37,40,42], 
       [7,8,9,13,15,21,22,23,24,26,27,31,32,33,34,38,43], 
       [3,7,8,11,14,26,28,29,38,40,41,43,44]
     ], 
     "times": {
       "BestFusion": 0.01, 
       "FirstFit": 0.01, 
       "GeneticGroup": 31.15, 
       "GeneticStandard": 2.37, 
       "OverloadAndRemove": 0.16, 
       "OverloadAndRemovePresort": 0.15
     }
   }, 
   {
     "approximation": "GeneticGroup [2016-02-18 12:56:18]", 
     "avgMultiplicity": 5.31, 
     "capacity": 20, 
     "category": "gauss", 
     "cplexLB": null, 
     "cplexOpt": null, 
     "cplexUB": null, 
     "lowerBound": 3, 
     "pageCount": 10, 
     "pages": [
       [0,5,12,13,14,15,16,17,18,19,20,22,23,24,26,27,30,33,41], 
       [0,1,3,9,12,15,18,22,23,26,27,28,32,34,35,38,41,42,44], 
       [5,6,9,12,18,19,22,23,24,25,26,30,34,36,39,40,41,42,43,44], 
       [2,5,6,8,10,13,15,16,21,26,27,29,31,33,36,37,38,39,40,41], 
       [5,7,10,12,15,16,19,20,21,23,28,29,30,33,36,38,39,40,41,44], 
       [2,3,4,5,6,9,15,17,18,20,22,24,26,28,29,30,32,36,38,44], 
       [0,6,8,11,12,16,22,23,24,26,27,28,32,34,36,39,42,44], 
       [10,14,15,18,22,23,24,26,29,31,32,38,39,40,41,44], 
       [3,6,8,13,14,17,21,22,23,24,28,29,31,34,35,36,37,40,41,42], 
       [14,15,16,22,24,25,27,31,34,35,39,43,44]
     ], 
     "paginations": [
       [8,1], 
       [9,19,12], 
       [16,18,15], 
       [2,7,10], 
       [17,14], 
       [0,13], 
       [3], 
       [6], 
       [4,5], 
       [11]
     ], 
     "properSymbolCount": 2, 
     "solvers": {
       "BestFusion": 11, 
       "FirstFit": 11, 
       "GeneticGroup": 10, 
       "GeneticStandard": 10, 
       "OverloadAndRemove": 12, 
       "OverloadAndRemovePresort": 12
     }, 
     "symbolCount": 45, 
     "symbols": [0,1,2,3,4,5,6,7,8,9,10,11,12,13,14,15,16,17,18,19,20,21,22,23,24,25,26,27,28,29,30,31,32,33,34,35,36,37,38,39,40,41,42,43,44], 
     "tileCount": 20, 
     "tileMaxSize": 18, 
     "tileMinSize": 6, 
     "tiles": [
       [4,5,6,9,15,20,24,26,28,32,36,38], 
       [0,5,12,13,14,15,18,19,20,22,26,27,30,33,41], 
       [6,8,13,16,27,37,38,39,40], 
       [0,6,8,11,12,16,22,23,24,26,27,28,32,34,36,39,42,44], 
       [3,8,13,17,21,22,23,28,29,31,34,35,37,41,42], 
       [3,6,14,24,29,34,36,40,42], 
       [10,14,15,18,22,23,24,26,29,31,32,38,39,40,41,44], 
       [2,6,8,10,26,27,29,31,39], 
       [0,13,16,17,23,24,30,33,41], 
       [0,1,3,9,15,18,22,23,26,27,28,32,35,38,42,44], 
       [5,8,13,15,16,21,26,33,36,37,38,41], 
       [14,15,16,22,24,25,27,31,34,35,39,43,44], 
       [3,12,26,27,34,41], 
       [2,3,4,5,9,17,18,22,28,29,30,44], 
       [10,12,15,23,28,29,30,33,36,38,39,41], 
       [9,12,18,22,23,26,39,40,42,43,44], 
       [6,12,19,24,25,26,34,36,40,41], 
       [5,7,10,12,16,19,20,21,23,29,36,38,39,40,41,44], 
       [5,6,9,18,22,25,26,30,40,41,42,44], 
       [0,1,15,27,28,41,42]
     ], 
     "times": {
       "BestFusion": 0.02, 
       "FirstFit": 0.01, 
       "GeneticGroup": 27.5, 
       "GeneticStandard": 2.23, 
       "OverloadAndRemove": 0.13, 
       "OverloadAndRemovePresort": 0.13
     }
   }, 
   {
     "approximation": "OverloadAndRemovePresort [2016-02-18 12:56:18]", 
     "avgMultiplicity": 2.76, 
     "capacity": 20, 
     "category": "gauss", 
     "cplexLB": null, 
     "cplexOpt": null, 
     "cplexUB": null, 
     "lowerBound": 3, 
     "pageCount": 5, 
     "pages": [
       [0,1,2,3,9,10,14,15,19,20,21,23,24,29,34,36,37,38,43,44], 
       [0,1,6,8,10,12,13,15,17,18,25,27,29,35,36,39,40,41,42,43], 
       [0,1,3,4,11,12,14,16,17,18,20,27,30,31,32,33,38,39,41], 
       [1,6,8,10,11,13,15,19,22,23,24,25,26,28,29,30,35,36,40,41], 
       [1,5,7,15,17,22,24,26,33,38,42,43,44]
     ], 
     "paginations": [
       [10,1,13,15,0,5], 
       [8,3,4,7,16,18,9], 
       [14,2,17], 
       [11,6], 
       [19,12]
     ], 
     "properSymbolCount": 10, 
     "solvers": {
       "BestFusion": 5, 
       "FirstFit": 5, 
       "GeneticGroup": 5, 
       "GeneticStandard": 5, 
       "OverloadAndRemove": 5, 
       "OverloadAndRemovePresort": 5
     }, 
     "symbolCount": 45, 
     "symbols": [0,1,2,3,4,5,6,7,8,9,10,11,12,13,14,15,16,17,18,19,20,21,22,23,24,25,26,27,28,29,30,31,32,33,34,35,36,37,38,39,40,41,42,43,44], 
     "tileCount": 20, 
     "tileMaxSize": 11, 
     "tileMinSize": 2, 
     "tiles": [
       [10,20,38,44], 
       [20,21,24,29,37,44], 
       [1,14,20,27,31,32], 
       [6,10,12,13,18,29,41,42], 
       [8,17,35,36], 
       [19,20], 
       [1,6,10,11,15,22,23,26,28,35,40], 
       [6,8,10,27], 
       [1,13,15,29,35,40,43], 
       [0,17,18,25,27,40], 
       [3,9,10,14,21,29,43], 
       [1,8,13,19,23,24,25,29,30,36,41], 
       [1,5,7,15,33,38,42], 
       [1,15,23,29,34,36], 
       [0,11,12,14,30,38,39,41], 
       [0,2,3,29,36], 
       [13,36,40], 
       [3,4,16,17,18,30,33,39], 
       [39,40,43], 
       [5,17,22,24,26,42,43,44]
     ], 
     "times": {
       "BestFusion": 0.02, 
       "FirstFit": 0.01, 
       "GeneticGroup": 18.32, 
       "GeneticStandard": 1.71, 
       "OverloadAndRemove": 0.07, 
       "OverloadAndRemovePresort": 0.06
     }
   }, 
   {
     "approximation": "GeneticGroup [2016-02-18 12:56:18]", 
     "avgMultiplicity": 3.49, 
     "capacity": 20, 
     "category": "gauss", 
     "cplexLB": null, 
     "cplexOpt": null, 
     "cplexUB": null, 
     "lowerBound": 3, 
     "pageCount": 6, 
     "pages": [
       [2,6,10,15,19,22,23,25,26,27,28,29,31,32,34,37,38,39,43,44], 
       [0,4,5,11,12,16,18,19,20,23,25,27,34,37,38,39,40,41,42], 
       [1,3,4,5,6,9,11,12,15,23,24,25,29,30,32,33,36,40,42,43], 
       [2,3,4,6,8,11,12,14,18,22,24,26,30,32,33,35,36,38,40,41], 
       [0,1,3,7,9,10,12,13,14,17,19,26,27,28,29,30,34,35,37,43], 
       [0,2,3,7,8,10,19,20,21,24,29,34,40,42]
     ], 
     "paginations": [
       [17,0,16], 
       [1,5,7,8], 
       [9,11,14,6], 
       [2,19,10], 
       [4,13,15,18], 
       [12,3]
     ], 
     "properSymbolCount": 4, 
     "solvers": {
       "BestFusion": 7, 
       "FirstFit": 8, 
       "GeneticGroup": 6, 
       "GeneticStandard": 6, 
       "OverloadAndRemove": 7, 
       "OverloadAndRemovePresort": 8
     }, 
     "symbolCount": 45, 
     "symbols": [0,1,2,3,4,5,6,7,8,9,10,11,12,13,14,15,16,17,18,19,20,21,22,23,24,25,26,27,28,29,30,31,32,33,34,35,36,37,38,39,40,41,42,43,44], 
     "tileCount": 20, 
     "tileMaxSize": 15, 
     "tileMinSize": 3, 
     "tiles": [
       [2,10,22,25,26,28,32,39], 
       [0,11,16,18,23,27,37,40,42], 
       [2,4,6,8,11,18,24,26,36,38,41], 
       [7,21,42], 
       [9,35,37], 
       [4,5,12,20,25,38,41], 
       [5,12,15,23,29], 
       [0,4,12,20,34,37,39], 
       [11,16,19,25,38,39,40], 
       [1,25,30,36], 
       [12,14,18,32,35], 
       [3,4,5,9,11,24,29,30,32,33,40,43], 
       [0,2,3,8,10,19,20,21,24,29,34,40,42], 
       [7,10,12,17,28,29,34,43], 
       [1,3,4,6,12,23,32,33,42], 
       [1,13,14,27,28,43], 
       [10,15,23,26,29,32,44], 
       [2,6,15,19,22,26,27,28,29,31,34,37,38,39,43], 
       [0,1,3,7,9,14,19,26,28,30], 
       [3,6,8,22,30,33,36,40]
     ], 
     "times": {
       "BestFusion": 0.02, 
       "FirstFit": 0.01, 
       "GeneticGroup": 20.61, 
       "GeneticStandard": 1.8, 
       "OverloadAndRemove": 0.09, 
       "OverloadAndRemovePresort": 0.09
     }
   }
 ]