[
   {
     "approximation": "OverloadAndRemove [2014-10-28 15:14:24]", 
     "avgMultiplicity": 3.74, 
     "capacity": 20, 
     "category": "gauss", 
     "lowerBound": 3, 
     "pageCount": 6, 
     "pages": [
       [1,5,6,10,12,14,15,16,22,24,26,29,32,37,39,41,42,43,45,48], 
       [3,5,7,8,9,11,13,17,19,21,23,25,28,37,39,41,42,43,45,47], 
       [0,4,5,6,8,16,27,28,30,32,33,34,35,38,41,43,44,45,46,48], 
       [1,5,6,9,12,13,14,16,17,21,26,27,28,32,36,43,45,46,47,49], 
       [2,3,4,9,10,17,18,22,24,29,30,32,35,37,38,40,44,49], 
       [0,2,3,5,6,8,11,18,20,21,23,27,31,33,34,37,38,43,49]
     ], 
     "paginations": [
       [0,12,17,22,24,29,27], 
       [1,2,3,4,5,6,9,18,19,23], 
       [16,10,26,28,33,7,20], 
       [14,31,32,30,8], 
       [13,11,21], 
       [15,25,34]
     ], 
     "properSymbolCount": 3, 
     "solvers": {
       "BestFusion": 7, 
       "FirstFit": 8, 
       "GeneticGroup": 6, 
       "GeneticStandard": 7, 
       "OverloadAndRemove": 6, 
       "OverloadAndRemovePresort": 7
     }, 
     "symbolCount": 50, 
     "symbols": [0,1,2,3,4,5,6,7,8,9,10,11,12,13,14,15,16,17,18,19,20,21,22,23,24,25,26,27,28,29,30,31,32,33,34,35,36,37,38,39,40,41,42,43,44,45,46,47,48,49], 
     "tileCount": 35, 
     "tileMaxSize": 10, 
     "tileMinSize": 2, 
     "tiles": [
       [1,6,14,24,48], 
       [8,19,42,43,45], 
       [11,13,19,28,42,45,47], 
       [7,8,9,42], 
       [9,41], 
       [3,11,13,23,25], 
       [9,21,25,45,47], 
       [8,30,33,48], 
       [9,26,27,32,43,45], 
       [3,17,19,25], 
       [0,6,27,28,30,44,48], 
       [3,10,17,18,29,30,32,49], 
       [10,37,48], 
       [2,22,32,35,38,40,44,49], 
       [1,36], 
       [0,2,11,31,37,49], 
       [4,5,30,38,44,46], 
       [15,16,24,29,39,43,48], 
       [3,7,23,39,41,42], 
       [5,8,19,28], 
       [5,16,35], 
       [4,9,10,18,24,37,38], 
       [14,15,39], 
       [8,21,37,42], 
       [1,10,12,26,45], 
       [0,2,18,20,23,33,34,43,49], 
       [28,35,45,46,48], 
       [16,32,39,41,42], 
       [6,32,41,43,44,46], 
       [5,10,22,26,37,42], 
       [13,14,16,21,32,46], 
       [28,36,47,49], 
       [5,6,12,13,17,26,47], 
       [34,38,48], 
       [3,5,6,8,18,21,23,27,38,49]
     ], 
     "times": {
       "BestFusion": 0.03, 
       "FirstFit": 0.03, 
       "GeneticGroup": 33.02, 
       "GeneticStandard": 3.06, 
       "OverloadAndRemove": 0.17, 
       "OverloadAndRemovePresort": 0.2
     }
   }, 
   {
     "approximation": "GeneticGroup [2014-11-03 11:44:35]", 
     "avgMultiplicity": 6.68, 
     "capacity": 20, 
     "category": "gauss", 
     "lowerBound": 3, 
     "pageCount": 12, 
     "pages": [
       [0,2,6,10,11,12,13,14,19,20,22,24,25,30,33,35,38,41,44,46], 
       [1,3,4,7,9,11,12,14,16,20,24,26,29,30,31,33,34,41,44,49], 
       [3,5,11,14,18,20,21,23,26,28,29,31,33,34,38,39,40,42,44,48], 
       [0,1,2,5,6,9,10,12,13,17,19,26,27,28,33,34,35,41,45,46], 
       [0,2,4,6,7,11,18,19,21,22,25,27,28,30,35,41,43,45,46,49], 
       [0,1,2,3,4,7,10,11,15,16,19,22,24,25,26,29,33,36,37,47], 
       [4,5,6,8,10,14,16,19,20,22,25,27,28,35,37,39,40,46,47,49], 
       [6,8,9,13,14,18,21,23,26,27,29,31,32,34,36,37,40,43,46], 
       [2,4,5,6,7,11,12,18,19,20,23,32,33,34,37,42,44,45,48], 
       [3,7,8,9,13,15,24,25,26,29,31,37,39,40,41,44,48,49], 
       [1,8,9,15,20,21,22,23,25,32,36,37,38,40,42,43,45,47,49], 
       [1,4,7,9,10,12,13,16,20,25,28,29,30,34,36,39,43,48,49]
     ], 
     "paginations": [
       [24,23,16,7], 
       [27,31,33], 
       [15,4,13], 
       [30,1,34], 
       [12,5,6], 
       [19,3,20], 
       [8,18,29], 
       [11,28,2], 
       [9,21,25], 
       [14,0], 
       [17,26,32], 
       [10,22]
     ], 
     "properSymbolCount": 1, 
     "solvers": {
       "BestFusion": 15, 
       "FirstFit": 15, 
       "GeneticGroup": 12, 
       "GeneticStandard": 14, 
       "OverloadAndRemove": 15, 
       "OverloadAndRemovePresort": 14
     }, 
     "symbolCount": 50, 
     "symbols": [0,1,2,3,4,5,6,7,8,9,10,11,12,13,14,15,16,17,18,19,20,21,22,23,24,25,26,27,28,29,30,31,32,33,34,35,36,37,38,39,40,41,42,43,44,45,46,47,48,49], 
     "tileCount": 35, 
     "tileMaxSize": 13, 
     "tileMinSize": 5, 
     "tiles": [
       [3,8,13,15,25,26,29,39,40,41,44,49], 
       [0,9,12,13,28,33,34,41], 
       [8,9,18,26,29,31,36,37,46], 
       [0,1,7,10,11,15,16,19,22,36,37,47], 
       [5,11,14,20,21,23,28,29,34,38,42], 
       [0,2,4,6,7,11,18,19,21,25,27,46], 
       [7,11,19,22,25,35,43,45,49], 
       [0,2,6,20,25,30,38,41,46], 
       [6,14,22,27,28,39,40,46,49], 
       [2,5,11,20,37,44,45,48], 
       [1,9,12,13,20,25,29,30,34,36,39,49], 
       [13,23,27,32,46], 
       [6,7,18,21,25,27,28,30,41,45], 
       [28,31,33,34,40,44,48], 
       [3,7,9,13,24,25,31,37,48,49], 
       [3,11,18,21,26,33,38,39,44,48], 
       [6,10,12,20,24,44,46], 
       [9,23,25,36,37,40,42], 
       [8,14,16,19,20,28,39,46], 
       [4,16,22,26,29,36], 
       [1,2,3,7,11,16,24,25,29,33,36,47], 
       [4,6,12,18,19,32,33,42,44,45], 
       [1,4,7,9,10,16,28,34,36,39,43,48,49], 
       [6,11,13,19,20,22,24,25,33,35,41,44], 
       [2,6,10,14,33,38,46], 
       [5,6,7,11,19,23,34,42,44], 
       [1,8,9,15,21,22,25,37,38,43,49], 
       [3,7,9,11,12,16,20,26,30,34,41,44], 
       [6,13,14,18,21,29,34,40,43], 
       [4,5,10,14,20,25,35,37,46,47], 
       [2,5,9,12,13,27,33,35,45,46], 
       [1,3,12,14,16,24,29,30,31,33,34,49], 
       [8,9,20,32,38,40,43,45,47], 
       [4,9,11,16,24,30], 
       [1,5,6,9,10,13,17,19,26,27,41]
     ], 
     "times": {
       "BestFusion": 0.03, 
       "FirstFit": 0.02, 
       "GeneticGroup": 43.37, 
       "GeneticStandard": 3.22, 
       "OverloadAndRemove": 0.37, 
       "OverloadAndRemovePresort": 0.38
     }
   }, 
   {
     "approximation": "OverloadAndRemove [2014-10-28 15:14:24]", 
     "avgMultiplicity": 3.54, 
     "capacity": 20, 
     "category": "gauss", 
     "lowerBound": 3, 
     "pageCount": 6, 
     "pages": [
       [1,4,6,7,11,15,19,20,21,22,23,25,26,27,33,34,36,37,47,48], 
       [0,1,2,3,4,6,8,12,14,22,24,29,31,33,39,42,45,48,49], 
       [0,5,7,8,13,14,15,17,20,21,22,35,38,40,43,44,47,48,49], 
       [0,4,5,6,9,10,11,12,16,18,23,24,25,28,34,37,40,43,44,47], 
       [2,5,6,7,11,13,16,22,25,27,29,30,31,36,37,41,45,46,49], 
       [2,6,14,15,19,20,21,26,28,32,34,39,41,42,47,49]
     ], 
     "paginations": [
       [1,3,6,10,13,18,31], 
       [14,19,26,29,11,28,23,33], 
       [24,12,27,32,5,8,22], 
       [21,30,4,0,7], 
       [9,34,25,16], 
       [2,15,20,17]
     ], 
     "properSymbolCount": 5, 
     "solvers": {
       "BestFusion": 6, 
       "FirstFit": 8, 
       "GeneticGroup": 6, 
       "GeneticStandard": 7, 
       "OverloadAndRemove": 6, 
       "OverloadAndRemovePresort": 6
     }, 
     "symbolCount": 50, 
     "symbols": [0,1,2,3,4,5,6,7,8,9,10,11,12,13,14,15,16,17,18,19,20,21,22,23,24,25,26,27,28,29,30,31,32,33,34,35,36,37,38,39,40,41,42,43,44,45,46,47,48,49], 
     "tileCount": 35, 
     "tileMaxSize": 9, 
     "tileMinSize": 3, 
     "tiles": [
       [16,23,24,28,43,44], 
       [11,20,23,26,33,34,37], 
       [15,28,41,42,47], 
       [4,20,48], 
       [0,4,10,12,16,18,24,34,47], 
       [7,8,14,43], 
       [11,15,20,21], 
       [6,25,37,44], 
       [0,7,38,47,48,49], 
       [7,16,25,27,49], 
       [7,19,23,25,34,36,48], 
       [4,8,14,39], 
       [20,21,22,35,40,43], 
       [1,15,33,36,48], 
       [12,24,29], 
       [2,26,32,39,47], 
       [2,5,13,29,30,36,41], 
       [14,19,26,32], 
       [6,7,11,27], 
       [0,1,3,12,29,42], 
       [6,20,21,34,41,47,49], 
       [5,9,11], 
       [7,17,47,48], 
       [4,6,45], 
       [5,14,35], 
       [7,11,22,29,31,37], 
       [1,8,24], 
       [14,15,22,40,44], 
       [2,6,24,29,31,39,48], 
       [6,8,24,31], 
       [4,9,10,18,23,40], 
       [6,20,21,22,23,47], 
       [0,13,14,21,47], 
       [2,12,22,33,49], 
       [6,7,27,45,46,49]
     ], 
     "times": {
       "BestFusion": 0.03, 
       "FirstFit": 0.02, 
       "GeneticGroup": 31.99, 
       "GeneticStandard": 2.63, 
       "OverloadAndRemove": 0.15, 
       "OverloadAndRemovePresort": 0.16
     }
   }, 
   {
     "approximation": "GeneticGroup [2014-11-03 11:44:35]", 
     "avgMultiplicity": 6.52, 
     "capacity": 20, 
     "category": "gauss", 
     "lowerBound": 3, 
     "pageCount": 12, 
     "pages": [
       [0,1,4,5,7,8,12,13,21,24,27,30,31,34,39,41,42,44,45,49], 
       [2,3,5,7,9,10,11,14,16,18,20,22,23,28,39,40,41,43,46,49], 
       [1,2,3,4,6,7,8,18,19,21,27,28,29,30,32,33,35,38,44,48], 
       [0,1,4,7,12,14,16,19,20,21,22,25,27,30,32,34,35,38,39,46], 
       [0,1,2,4,7,8,16,17,18,19,23,24,25,28,29,34,36,38,40,44], 
       [0,7,8,10,14,15,17,18,19,22,27,28,33,35,36,38,43,44,45,48], 
       [3,8,10,12,13,14,20,24,25,30,31,34,35,36,37,40,41,43,48,49], 
       [2,6,7,13,16,18,19,20,21,24,26,27,30,32,37,38,40,41,43,47], 
       [0,3,5,7,8,10,11,14,22,23,29,30,32,34,35,38,39,41,45,47], 
       [0,3,6,7,9,12,13,19,20,22,30,33,36,37,38,40,41,43,46,49], 
       [5,6,7,11,12,14,15,16,17,20,22,23,24,26,27,32,35,37,42,45], 
       [2,5,6,20,32,41,44,48,49]
     ], 
     "paginations": [
       [14,8,3], 
       [30,0,21,32], 
       [5,13,1], 
       [26,23,27], 
       [18,22,19], 
       [7,10,29], 
       [15,11,12], 
       [4,17,31], 
       [28,25,33], 
       [2,16,20], 
       [9,24,6], 
       [34]
     ], 
     "properSymbolCount": 0, 
     "solvers": {
       "BestFusion": 14, 
       "FirstFit": 14, 
       "GeneticGroup": 12, 
       "GeneticStandard": 13, 
       "OverloadAndRemove": 14, 
       "OverloadAndRemovePresort": 13
     }, 
     "symbolCount": 50, 
     "symbols": [0,1,2,3,4,5,6,7,8,9,10,11,12,13,14,15,16,17,18,19,20,21,22,23,24,25,26,27,28,29,30,31,32,33,34,35,36,37,38,39,40,41,42,43,44,45,46,47,48,49], 
     "tileCount": 35, 
     "tileMaxSize": 13, 
     "tileMinSize": 5, 
     "tiles": [
       [2,3,7,14,20,22,39,40,46,49], 
       [1,2,3,4,6,19,27,30], 
       [0,3,6,9,19,33,36,37,41,49], 
       [8,31,44,45,49], 
       [6,7,13,19,24,26,30,32,37,41,43], 
       [2,19,28,30,33,35,48], 
       [5,11,12,15,16,17,24,37,45], 
       [10,14,15,18,27,36,43,44], 
       [0,4,5,12,21,24,30,31,39,41,42,49], 
       [5,6,7,14,17,20,22,24,26,32,35,37,42], 
       [0,10,14,19,33,43,44,45,48], 
       [8,13,14,25,31,34,36,40,41,43,48,49], 
       [3,10,12,20,24,25,34,37,43,49], 
       [1,4,6,7,8,18,19,21,29,32,33,38,44], 
       [1,7,13,27,34,39,41,44,49], 
       [3,10,13,24,25,30,35,37,48], 
       [0,3,7,13,22,38,40,43], 
       [16,18,19,20,21,26,37,38,40,41,47], 
       [2,4,16,18,28,34,36], 
       [0,4,7,17,23,29,40], 
       [6,7,12,20,30,33,40,46,49], 
       [5,7,10,14,18,20,23,28,39,43,46], 
       [1,4,8,19,24,25,28,36,38,40,44], 
       [1,7,12,14,22,25,27,32,46], 
       [14,23,24,27,32,37], 
       [0,5,10,14,29,30,32,38,39,45], 
       [4,19,20,21,22,25,32,34,35,39], 
       [0,1,12,16,22,27,30,34,38,46], 
       [3,8,11,34,35,38,39,41,45,47], 
       [7,8,14,17,18,22,27,28,35,38,43,45], 
       [2,3,7,11,16,18,23,28,41], 
       [2,7,18,24,27,37,41], 
       [9,20,23,28,40,41,49], 
       [5,7,10,22,23,29,34,41], 
       [2,5,6,20,32,41,44,48,49]
     ], 
     "times": {
       "BestFusion": 0.03, 
       "FirstFit": 0.02, 
       "GeneticGroup": 42.23, 
       "GeneticStandard": 3.66, 
       "OverloadAndRemove": 0.35, 
       "OverloadAndRemovePresort": 0.32
     }
   }, 
   {
     "approximation": "BestFusion [2014-10-28 15:14:24]", 
     "avgMultiplicity": 3.56, 
     "capacity": 20, 
     "category": "gauss", 
     "lowerBound": 3, 
     "pageCount": 6, 
     "pages": [
       [0,2,6,11,12,13,14,17,19,21,27,30,32,33,34,37,39,45,48], 
       [0,2,3,8,10,12,13,15,18,20,23,25,28,29,38,41,43,44,46,47], 
       [1,3,5,6,7,9,11,13,14,16,22,25,28,32,34,35,36,42,43,49], 
       [1,4,5,12,13,16,17,18,20,22,24,26,29,31,34,36,42,45,48,49], 
       [0,2,9,10,11,13,16,21,22,24,25,27,28,33,35,36,39,40,42,45], 
       [4,6,7,16,17,18,21,23,25,27,29,35,37,47]
     ], 
     "paginations": [
       [0,18,19,20,22,27], 
       [1,6,7,15,17,23,3], 
       [2,5,8,9,10,14,32], 
       [4,11,12,13,16,33], 
       [21,24,25,26,28,31], 
       [29,30,34]
     ], 
     "properSymbolCount": 4, 
     "solvers": {
       "BestFusion": 6, 
       "FirstFit": 7, 
       "GeneticGroup": 6, 
       "GeneticStandard": 7, 
       "OverloadAndRemove": 6, 
       "OverloadAndRemovePresort": 6
     }, 
     "symbolCount": 50, 
     "symbols": [0,1,2,3,4,5,6,7,8,9,10,11,12,13,14,15,16,17,18,19,20,21,22,23,24,25,26,27,28,29,30,31,32,33,34,35,36,37,38,39,40,41,42,43,44,45,46,47,48,49], 
     "tileCount": 35, 
     "tileMaxSize": 10, 
     "tileMinSize": 2, 
     "tiles": [
       [17,21,27,37], 
       [15,20,23,28,43,47], 
       [5,13,16,34], 
       [29,38,44], 
       [18,29,36,42,49], 
       [1,7,13,16,25,49], 
       [2,23,25,29,41,47], 
       [8,13,23,44,46], 
       [5,9,14,22,35], 
       [3,6,16,32], 
       [3,11,22,28,42], 
       [4,5,12,16,20,26,36,42,48,49], 
       [1,12,17,24,31,45,49], 
       [26,29], 
       [9,34,36,43], 
       [0,28,38], 
       [20,22,31], 
       [0,3,10,12,13,38,47], 
       [2,17,19,30,32,33,39,45], 
       [2,6,13,14], 
       [19,48], 
       [0,9,11,25,35], 
       [0,11,12,14,33,34,37], 
       [10,12,18], 
       [0,2,10,13,25,27,40], 
       [21,28,33,35,45], 
       [0,9,16,22,28,36,40], 
       [30,34,48], 
       [2,9,24,28,36,42], 
       [7,23,25,29,37,47], 
       [6,16,18,23,27,29,35,37], 
       [11,22,35,39,40], 
       [1,28,32], 
       [13,18,26,34,36], 
       [4,6,17,21,35]
     ], 
     "times": {
       "BestFusion": 0.03, 
       "FirstFit": 0.02, 
       "GeneticGroup": 31.65, 
       "GeneticStandard": 2.65, 
       "OverloadAndRemove": 0.14, 
       "OverloadAndRemovePresort": 0.15
     }
   }, 
   {
     "approximation": "GeneticGroup [2014-11-03 11:44:35]", 
     "avgMultiplicity": 6.8, 
     "capacity": 20, 
     "category": "gauss", 
     "lowerBound": 3, 
     "pageCount": 13, 
     "pages": [
       [2,4,7,8,9,10,13,15,20,21,23,27,32,37,39,40,41,43,46], 
       [0,1,2,5,6,8,9,10,15,18,21,22,23,25,26,29,33,41,42,43], 
       [4,8,9,14,15,17,18,21,25,26,32,33,34,36,39,41,45,46,48,49], 
       [2,5,8,10,12,13,17,19,22,23,24,27,28,33,35,36,38,39,42,49], 
       [0,1,3,6,11,13,14,16,20,22,28,32,33,35,37,41,42,44,48,49], 
       [0,5,7,8,12,18,19,22,24,27,28,29,33,37,39,41,42,46,47,48], 
       [4,5,6,8,10,12,13,17,19,21,25,31,32,33,37,42,43,44,45,46], 
       [0,1,4,7,8,10,14,17,18,24,33,36,40,41,42,43,45,46,47,49], 
       [2,3,6,9,12,15,16,22,24,30,32,34,35,37,38,40,45,46,47], 
       [0,3,5,6,11,14,15,18,25,27,28,30,31,35,37,39,40,41,44,49], 
       [0,7,8,10,11,13,14,16,18,22,30,31,32,33,36,38,40,44,45,46], 
       [3,4,5,7,8,9,10,13,15,18,19,21,24,29,31,44,47,48], 
       [2,3,14,17,18,22,27,31,42,44]
     ], 
     "paginations": [
       [3,7,20], 
       [14,19,22,1], 
       [18,32,23], 
       [16,26,31], 
       [9,13,27], 
       [2,10,12], 
       [6,24,0,29], 
       [34,11], 
       [25,5,33], 
       [21,30], 
       [28,15], 
       [17,4], 
       [8]
     ], 
     "properSymbolCount": 0, 
     "solvers": {
       "BestFusion": 16, 
       "FirstFit": 17, 
       "GeneticGroup": 13, 
       "GeneticStandard": 14, 
       "OverloadAndRemove": 15, 
       "OverloadAndRemovePresort": 16
     }, 
     "symbolCount": 50, 
     "symbols": [0,1,2,3,4,5,6,7,8,9,10,11,12,13,14,15,16,17,18,19,20,21,22,23,24,25,26,27,28,29,30,31,32,33,34,35,36,37,38,39,40,41,42,43,44,45,46,47,48,49], 
     "tileCount": 35, 
     "tileMaxSize": 13, 
     "tileMinSize": 4, 
     "tiles": [
       [4,5,6,8,12,13,25,44,45], 
       [0,2,6,10,15,21,23,29,33,43], 
       [0,5,19,22,28,29,33,39,46,48], 
       [8,10,15,20,21,23,27,32,43,46], 
       [5,7,8,10,13,18,21,31,44,47,48], 
       [22,30,32,34,35,40,47], 
       [4,12,19,25,32,33,46], 
       [4,7,9,10,13,20,23,39,41], 
       [2,3,14,17,18,22,27,31,42,44], 
       [1,6,13,14,20,22,35,41,48,49], 
       [0,5,18,19,24,27,28,42,47,48], 
       [1,4,7,10,14,17,24,36,42,43,49], 
       [5,7,8,12,27,29,37,41,47], 
       [1,11,16,22,32,35,37,44], 
       [2,6,8,18,21,26,29,41,42], 
       [0,7,11,13,22,30,31,32,40,44,45,46], 
       [10,12,13,23,24,27,28,33,38,39,42], 
       [3,4,5,7,9,13,15,18,19,21,24,29,31], 
       [15,25,33,34,36,41,45,49], 
       [0,1,5,6,15,18,22,25,26,41,42], 
       [2,13,23,27,37,40,43], 
       [0,3,5,18,27,30,31,35,40,41,44,49], 
       [1,9,22,26], 
       [4,8,14,17,18,21,25,26,32,33,41,46,49], 
       [6,10,21,31,32,37,43,44,45,46], 
       [2,3,6,15,22,24,30,37,40,46,47], 
       [5,10,13,17,19,22,28,36], 
       [0,1,3,22,28,32,33,35,37,42,49], 
       [8,10,14,16,18,30,32,33,36,38], 
       [5,13,17,19,37,42,43], 
       [6,11,14,15,25,27,28,31,35,37,39,41,44], 
       [2,5,8,17,19,33,35,49], 
       [8,9,17,21,25,39,48], 
       [2,6,9,12,16,22,24,34,35,38,45], 
       [0,1,8,18,24,33,40,41,42,45,46,47,49]
     ], 
     "times": {
       "BestFusion": 0.03, 
       "FirstFit": 0.02, 
       "GeneticGroup": 42.95, 
       "GeneticStandard": 3.26, 
       "OverloadAndRemove": 0.35, 
       "OverloadAndRemovePresort": 0.35
     }
   }
 ]