[
   {
     "approximation": "OverloadAndRemove [2014-10-28 15:10:48]", 
     "avgMultiplicity": 2.87, 
     "capacity": 20, 
     "category": "gauss", 
     "lowerBound": 3, 
     "pageCount": 4, 
     "pages": [
       [0,6,10,12,14,15,17,18,21,22,27,29,30,31,32,34,35,37,38,42], 
       [2,4,5,6,7,9,10,15,17,21,22,24,26,30,35,36,37,39,41,44], 
       [0,1,4,5,6,7,8,15,16,18,20,25,30,33,34,35,38,39,40,41], 
       [0,3,7,8,10,11,13,14,16,17,19,20,23,25,28,29,30,31,38,43]
     ], 
     "paginations": [
       [0,4,8,23,26,29,1,13], 
       [18,6,10,15,19,28,2,7], 
       [5,9,11,12,14,24,27], 
       [3,21,22,17,25,20,16]
     ], 
     "properSymbolCount": 11, 
     "solvers": {
       "BestFusion": 5, 
       "FirstFit": 5, 
       "GeneticGroup": 4, 
       "GeneticStandard": 4, 
       "OverloadAndRemove": 4, 
       "OverloadAndRemovePresort": 5
     }, 
     "symbolCount": 45, 
     "symbols": [0,1,2,3,4,5,6,7,8,9,10,11,12,13,14,15,16,17,18,19,20,21,22,23,24,25,26,27,28,29,30,31,32,33,34,35,36,37,38,39,40,41,42,43,44], 
     "tileCount": 30, 
     "tileMaxSize": 9, 
     "tileMinSize": 2, 
     "tiles": [
       [12,17,21,31,42], 
       [35,38], 
       [6,39], 
       [17,19,28], 
       [12,18,31,32], 
       [33,35,39], 
       [5,10,30,36,37], 
       [7,15,26,35], 
       [10,12,14,15,30,31,32,34,37], 
       [0,1,6,7,16,25], 
       [4,24,41], 
       [5,16,34], 
       [7,15,16,18,20,30,34,41], 
       [29,34], 
       [0,16,20,41], 
       [4,10,26], 
       [0,14,19,25,43], 
       [7,11,19,30,31,38], 
       [9,35,37,44], 
       [21,44], 
       [0,3,19,30], 
       [10,13,17,20], 
       [8,10,16,23], 
       [0,12,14,17,27,29,37], 
       [4,6,18,25,40], 
       [20,23,29,31], 
       [10,22,37], 
       [1,8,33,38], 
       [2,5,17,21,22,41], 
       [6,14,27,37,38]
     ], 
     "times": {
       "BestFusion": 0.03, 
       "FirstFit": 0.02, 
       "GeneticGroup": 23.35, 
       "GeneticStandard": 2.55, 
       "OverloadAndRemove": 0.07, 
       "OverloadAndRemovePresort": 0.09
     }
   }, 
   {
     "approximation": "GeneticGroup [2014-11-03 12:16:15]", 
     "avgMultiplicity": 6.4, 
     "capacity": 20, 
     "category": "gauss", 
     "lowerBound": 3, 
     "pageCount": 10, 
     "pages": [
       [2,10,11,14,15,16,17,19,21,23,24,31,33,34,36,38,40,41,43,44], 
       [0,5,7,8,9,12,13,14,22,23,26,27,28,30,34,36,37,38,40,43], 
       [2,3,4,10,12,19,20,21,26,27,28,29,30,31,33,34,37,38,39], 
       [0,1,4,9,11,17,19,20,21,22,24,25,26,28,29,34,40,41,43,44], 
       [0,2,4,5,7,11,13,14,16,17,18,24,29,32,33,35,36,38,39,40], 
       [9,11,13,15,18,20,21,22,23,25,26,27,32,35,36,39,40,42,44], 
       [0,3,7,8,9,11,12,13,15,18,21,22,23,25,34,40,41,42], 
       [1,6,9,10,11,17,19,22,24,26,30,31,32,34,35,36,38,39,44], 
       [0,2,5,6,7,10,12,21,24,27,28,30,32,33,34,35,40,42,43], 
       [3,4,5,8,9,12,15,17,18,19,20,23,24,26,28,36,37,39,40,43]
     ], 
     "paginations": [
       [28,23,6,2], 
       [25,13,21], 
       [26,3], 
       [29,5,0,10], 
       [11,18,4,15], 
       [16,27,1], 
       [17,7], 
       [9,14], 
       [12,8,22], 
       [20,24,19]
     ], 
     "properSymbolCount": 0, 
     "solvers": {
       "BestFusion": 13, 
       "FirstFit": 14, 
       "GeneticGroup": 10, 
       "GeneticStandard": 12, 
       "OverloadAndRemove": 12, 
       "OverloadAndRemovePresort": 13
     }, 
     "symbolCount": 45, 
     "symbols": [0,1,2,3,4,5,6,7,8,9,10,11,12,13,14,15,16,17,18,19,20,21,22,23,24,25,26,27,28,29,30,31,32,33,34,35,36,37,38,39,40,41,42,43,44], 
     "tileCount": 30, 
     "tileMaxSize": 13, 
     "tileMinSize": 6, 
     "tiles": [
       [1,9,19,24,26,41], 
       [13,21,22,23,25,26,36,39,40,42], 
       [11,14,15,17,19,21,23,34,36,40,41,44], 
       [2,10,19,20,21,26,30,33,37,39], 
       [0,2,4,5,11,14,18,32,33,39], 
       [4,17,19,21,25,26,29,34,43], 
       [15,16,17,38,40,41,43,44], 
       [0,3,8,9,12,13,18,21,23,40], 
       [0,2,7,10,28,42], 
       [6,10,11,17,19,22,24,30,31,32,38,44], 
       [0,19,20,21,22,24,28,29,40,41], 
       [11,13,14,17,24,29,38,39], 
       [0,2,6,10,12,21,24,27,30,32,43], 
       [0,5,7,8,9,13,14,23,26,30,36,38,40], 
       [1,6,9,11,17,26,30,32,34,35,36,39], 
       [0,5,7,13,16,17,35], 
       [9,13,15,21,26,27,35,39,44], 
       [3,7,11,12,15,21,22,25,34,40,41,42], 
       [14,24,29,32,33,36,40], 
       [3,12,17,19,24,28,37,43], 
       [5,9,12,15,18,19,24,26,36,39,40,43], 
       [5,23,26,28,30,34,36,37,38], 
       [5,7,10,24,30,33,34,35,40,43], 
       [10,11,16,21,23,31,38,41], 
       [4,5,8,9,12,20,23,26,28,43], 
       [12,14,22,27,28,30,34,36,40,43], 
       [2,3,4,12,19,27,28,29,30,31,34,38,39], 
       [9,11,13,18,20,21,22,23,32,35,39,44], 
       [2,11,19,24,33,44], 
       [0,1,4,11,19,28,40,44]
     ], 
     "times": {
       "BestFusion": 0.02, 
       "FirstFit": 0.02, 
       "GeneticGroup": 34.13, 
       "GeneticStandard": 2.93, 
       "OverloadAndRemove": 0.21, 
       "OverloadAndRemovePresort": 0.23
     }
   }, 
   {
     "approximation": "GeneticGroup [2015-11-05 23:28:08]", 
     "avgMultiplicity": 3.24, 
     "capacity": 20, 
     "category": "gauss", 
     "lowerBound": 3, 
     "pageCount": 4, 
     "pages": [
       [1,2,3,4,5,8,16,19,20,21,30,31,32,33,34,36,37,41,42,43], 
       [3,4,6,8,10,16,17,18,21,23,29,33,35,36,37,38,39,40,41,44], 
       [0,2,5,9,10,12,13,22,25,26,27,30,32,35,38,39,40,42,43,44], 
       [0,5,6,7,11,13,14,15,16,18,21,24,25,26,28,31,34,35,36,42]
     ], 
     "paginations": [
       [9,18,23,15,16,0,13], 
       [1,26,28,8,5,11], 
       [7,17,27,3,12,19,22,25,29,4], 
       [24,6,20,2,21,10,14]
     ], 
     "properSymbolCount": 5, 
     "solvers": {
       "BestFusion": 5, 
       "FirstFit": 6, 
       "GeneticGroup": 4, 
       "GeneticStandard": 5, 
       "OverloadAndRemove": 5, 
       "OverloadAndRemovePresort": 5
     }, 
     "symbolCount": 45, 
     "symbols": [0,1,2,3,4,5,6,7,8,9,10,11,12,13,14,15,16,17,18,19,20,21,22,23,24,25,26,27,28,29,30,31,32,33,34,35,36,37,38,39,40,41,42,43,44], 
     "tileCount": 30, 
     "tileMaxSize": 9, 
     "tileMinSize": 2, 
     "tiles": [
       [5,31,32,36,41], 
       [16,17,18,36], 
       [21,24,25,31], 
       [2,5,26,32,35,39], 
       [2,10,25,26,27,38,42], 
       [3,4,16,18,21,33,35], 
       [0,11,15,28,34,42], 
       [9,25,30,39], 
       [3,6,8,10,16,21,29,39], 
       [16,19,32,36], 
       [11,36,42], 
       [6,35,37], 
       [13,22,42], 
       [2,36,41], 
       [7,16], 
       [1,36,42], 
       [1,8,16,19,21,30,37], 
       [5,12,25,44], 
       [2,3,4,19,30,32,33,34,42], 
       [5,35,38,43,44], 
       [5,11,14,18,26,35], 
       [6,11,24], 
       [5,9,26,27,32], 
       [1,19,20,30,32,43], 
       [7,13,14], 
       [12,30], 
       [17,21,35,38,41], 
       [0,13,38,40], 
       [10,23,33,36,37,39,40,41,44], 
       [0,2,10,22,26,35]
     ], 
     "times": {
       "BestFusion": 0.02, 
       "FirstFit": 0.02, 
       "GeneticGroup": 27.97, 
       "GeneticStandard": 2.31, 
       "OverloadAndRemove": 0.09, 
       "OverloadAndRemovePresort": 0.08
     }
   }, 
   {
     "approximation": "GeneticGroup [2014-11-03 12:16:15]", 
     "avgMultiplicity": 6.58, 
     "capacity": 20, 
     "category": "gauss", 
     "lowerBound": 3, 
     "pageCount": 11, 
     "pages": [
       [0,2,4,6,10,11,12,22,23,27,28,30,31,32,33,35,37,38,39,44], 
       [2,3,4,5,6,7,10,12,20,22,23,24,26,29,34,36,40,41,42,43], 
       [2,5,8,10,12,14,15,17,23,24,27,31,32,33,34,36,37,38,40,41], 
       [2,4,6,7,8,9,10,12,15,16,17,20,26,27,29,34,38,40,42,43], 
       [0,2,6,7,9,10,13,14,15,16,19,21,28,31,34,36,37,42,43,44], 
       [2,4,5,8,12,15,19,21,23,24,25,27,28,30,33,36,38,39,40,43], 
       [2,3,6,7,8,12,13,18,19,20,22,24,26,31,32,33,35,37,41,42], 
       [0,1,3,4,7,9,12,14,20,21,25,26,27,28,31,34,35,36,38], 
       [0,1,4,7,10,11,12,13,18,19,20,21,24,25,26,33,39,40,41,43], 
       [0,2,5,6,7,8,20,23,25,26,28,29,30,32,34,35,36,38,41,44], 
       [1,11,15,20,30,31,32,37,39,40]
     ], 
     "paginations": [
       [28,17,7,19], 
       [4,22], 
       [2,13], 
       [23,11,24,20], 
       [6,25], 
       [1,5,12,15], 
       [9,10,16], 
       [21,27,29], 
       [8,18,14], 
       [26,0], 
       [3]
     ], 
     "properSymbolCount": 0, 
     "solvers": {
       "BestFusion": 13, 
       "FirstFit": 13, 
       "GeneticGroup": 11, 
       "GeneticStandard": 12, 
       "OverloadAndRemove": 12, 
       "OverloadAndRemovePresort": 12
     }, 
     "symbolCount": 45, 
     "symbols": [0,1,2,3,4,5,6,7,8,9,10,11,12,13,14,15,16,17,18,19,20,21,22,23,24,25,26,27,28,29,30,31,32,33,34,35,36,37,38,39,40,41,42,43,44], 
     "tileCount": 30, 
     "tileMaxSize": 15, 
     "tileMinSize": 5, 
     "tiles": [
       [0,6,7,8,20,23,25,26,28,30,34,35,36], 
       [15,21,23,27,36,38,43], 
       [2,5,8,10,12,14,15,17,27,32,33,36,37,38,41], 
       [1,11,15,20,30,31,32,37,39,40], 
       [2,3,4,5,6,7,10,12,20,22,23,24,29], 
       [2,5,8,12,21,30], 
       [6,7,9,16,21,31,44], 
       [2,4,6,27,28,33,35], 
       [0,10,18,20,24,25,26,33,39,40,41], 
       [2,3,8,19,20,24,33,35,37,41], 
       [7,8,12,18,19,20,22,26,33,37,42], 
       [6,7,12,16,17,20,29,34,43], 
       [4,15,19,24,25,27,33,38], 
       [8,10,23,24,31,33,34,37,38,40], 
       [1,7,10,19,20,26,40], 
       [4,12,15,23,28,36,38,39,40,43], 
       [6,7,12,13,26,31,32,41], 
       [0,4,6,10,11,30,35,38], 
       [0,4,11,12,13,18,19,20,21,33,41,43], 
       [0,2,4,11,12,22,23,27,30,31,32,33,37,39], 
       [2,8,10,15,16,29,34,38,40,42], 
       [0,1,3,4,14,20,26,34,35,38], 
       [5,12,22,23,26,29,34,36,40,41,42,43], 
       [4,9,26,27,29,34], 
       [2,4,9,10,12,17,27,29,34,38,42], 
       [0,2,10,13,14,15,16,19,28,31,34,36,37,42,43], 
       [0,2,5,6,23,29,32,34,35,38,41,44], 
       [0,3,4,7,9,12,20,25,28,31,34,36], 
       [4,11,27,37,44], 
       [3,7,14,21,27,34,35]
     ], 
     "times": {
       "BestFusion": 0.02, 
       "FirstFit": 0.02, 
       "GeneticGroup": 34.61, 
       "GeneticStandard": 2.86, 
       "OverloadAndRemove": 0.22, 
       "OverloadAndRemovePresort": 0.2
     }
   }, 
   {
     "approximation": "OverloadAndRemove [2014-10-28 15:10:48]", 
     "avgMultiplicity": 3.64, 
     "capacity": 20, 
     "category": "gauss", 
     "lowerBound": 3, 
     "pageCount": 5, 
     "pages": [
       [0,5,13,14,16,18,20,21,22,24,28,30,31,34,38,40,42,43,44], 
       [3,4,7,8,10,11,13,14,15,18,20,22,25,26,32,35,37,38,39,41], 
       [0,2,4,8,11,19,20,25,27,29,30,34,35,36,38,40,43,44], 
       [1,5,6,9,12,14,17,18,21,22,23,25,28,29,33,36,37,39,40,42], 
       [5,6,7,8,10,13,16,22,24,25,27,29,31,33,34,38]
     ], 
     "paginations": [
       [0,16,22,23,26,5,21], 
       [1,2,4,9,13,19,20,25], 
       [15,3,14,18,12,8], 
       [29,27,28,11,24,6], 
       [7,10,17]
     ], 
     "properSymbolCount": 5, 
     "solvers": {
       "BestFusion": 6, 
       "FirstFit": 6, 
       "GeneticGroup": 5, 
       "GeneticStandard": 6, 
       "OverloadAndRemove": 5, 
       "OverloadAndRemovePresort": 6
     }, 
     "symbolCount": 45, 
     "symbols": [0,1,2,3,4,5,6,7,8,9,10,11,12,13,14,15,16,17,18,19,20,21,22,23,24,25,26,27,28,29,30,31,32,33,34,35,36,37,38,39,40,41,42,43,44], 
     "tileCount": 30, 
     "tileMaxSize": 9, 
     "tileMinSize": 3, 
     "tiles": [
       [16,18,30,43], 
       [14,15,20,22,35,37], 
       [7,13,15,18,25,26,41], 
       [0,11,19,20,25,38,40,44], 
       [7,11,32,35], 
       [14,24,28], 
       [1,17,18,22,33,40], 
       [13,16,29,31,33,34], 
       [0,4,8,27,43], 
       [3,10,13,20,38,41], 
       [6,7,10,24,31,33,38], 
       [1,12,14,25,29,36,37], 
       [35,36,43], 
       [3,11,35,37], 
       [11,19,30,34,40], 
       [0,2,27,43,44], 
       [0,5,13,18,21,24,30,34,40], 
       [5,6,8,22,25,27,31,34], 
       [29,36,40], 
       [3,4,10,18,20,38,41], 
       [3,4,8,13,25], 
       [20,22,28,34,38], 
       [16,18,20,21,24,38,42], 
       [14,18,24,44], 
       [18,21,23,37], 
       [18,22,25,35,39], 
       [0,14,31,42], 
       [5,6,9,12,25,28,37], 
       [23,28,36,39], 
       [1,5,6,21,36,42]
     ], 
     "times": {
       "BestFusion": 0.03, 
       "FirstFit": 0.02, 
       "GeneticGroup": 26.71, 
       "GeneticStandard": 2.38, 
       "OverloadAndRemove": 0.1, 
       "OverloadAndRemovePresort": 0.11
     }
   }, 
   {
     "approximation": "GeneticGroup [2015-11-05 23:28:08]", 
     "avgMultiplicity": 6.78, 
     "capacity": 20, 
     "category": "gauss", 
     "lowerBound": 3, 
     "pageCount": 11, 
     "pages": [
       [2,3,8,9,10,11,13,14,16,17,19,23,25,28,32,36,37,39,40,41], 
       [1,3,4,5,6,9,11,13,20,23,25,29,31,32,34,36,37,40,41,43], 
       [5,6,7,12,16,18,19,20,21,22,23,25,28,31,33,34,36,38,41,42], 
       [0,3,5,6,7,11,17,18,22,24,26,27,28,30,31,33,38,41,43,44], 
       [0,1,3,4,7,8,10,12,15,16,23,24,26,28,31,32,34,35,44], 
       [0,2,4,6,8,10,14,15,19,21,22,24,25,26,28,30,34,39,40], 
       [6,8,11,12,14,15,19,24,27,28,29,30,34,35,37,40,43,44], 
       [1,6,8,10,11,15,16,20,21,23,24,26,28,29,35,36,38,39], 
       [0,1,7,17,19,20,21,23,24,25,26,27,28,30,37,38,39,40,43,44], 
       [1,5,8,9,10,11,17,19,21,24,28,30,31,32,33,34,36,39,42,43], 
       [0,3,4,10,11,13,18,19,20,22,24,25,26,27,32,38,39,42,43]
     ], 
     "paginations": [
       [20,9,19], 
       [1,25,15], 
       [4,2,3], 
       [28,13], 
       [11,5,7], 
       [29,6,23], 
       [22,27], 
       [18,24], 
       [14,10,12], 
       [21,26,17], 
       [8,16,0]
     ], 
     "properSymbolCount": 0, 
     "solvers": {
       "BestFusion": 13, 
       "FirstFit": 14, 
       "GeneticGroup": 11, 
       "GeneticStandard": 13, 
       "OverloadAndRemove": 13, 
       "OverloadAndRemovePresort": 12
     }, 
     "symbolCount": 45, 
     "symbols": [0,1,2,3,4,5,6,7,8,9,10,11,12,13,14,15,16,17,18,19,20,21,22,23,24,25,26,27,28,29,30,31,32,33,34,35,36,37,38,39,40,41,42,43,44], 
     "tileCount": 30, 
     "tileMaxSize": 13, 
     "tileMinSize": 8, 
     "tiles": [
       [0,11,13,18,22,24,26,32,39,42], 
       [5,6,9,11,13,20,32,37,40,43], 
       [5,7,12,18,19,20,23,28,34,36,41], 
       [5,16,22,23,25,33,41,42], 
       [6,7,12,16,19,21,23,31,34,38,42], 
       [1,3,8,12,24,26,31,32], 
       [0,4,6,10,14,21,24,25,26,39], 
       [1,7,10,15,16,32,34,35,44], 
       [3,4,10,13,18,19,20,22,25,26,27,38,43], 
       [2,3,8,9,11,14,17,23,37], 
       [0,20,21,26,37,38,39,40,43,44], 
       [0,1,4,8,10,12,16,23,26,28,35], 
       [0,1,7,19,23,26,30,44], 
       [3,5,6,11,17,22,24,27,31,33,41,43,44], 
       [1,17,19,20,24,25,27,28,30,38,44], 
       [3,4,6,9,13,31,34,36,37,41,43], 
       [3,11,24,25,26,32,39,42], 
       [5,8,21,28,31,36,39,42,43], 
       [6,8,11,15,16,20,21,23,24,29,35,38], 
       [2,9,10,14,17,28,36,39,41], 
       [10,13,14,16,19,23,25,32,36,40], 
       [8,9,11,17,19,28,30,32,33,34,42,43], 
       [8,11,12,14,15,27,28,29,30,34,40,43,44], 
       [4,6,8,19,22,25,28,30], 
       [1,10,15,26,28,36,38,39], 
       [1,5,9,13,23,25,29,34,41], 
       [1,8,9,10,19,21,24,31,33,34], 
       [6,12,19,24,29,30,35,37,43], 
       [0,3,5,6,7,18,26,28,30,31,33,38,41], 
       [0,2,4,14,15,21,22,24,30,34,39,40]
     ], 
     "times": {
       "BestFusion": 0.03, 
       "FirstFit": 0.02, 
       "GeneticGroup": 35.66, 
       "GeneticStandard": 2.86, 
       "OverloadAndRemove": 0.27, 
       "OverloadAndRemovePresort": 0.25
     }
   }
 ]