[
   {
     "approximation": "OverloadAndRemove [2014-10-28 15:11:11]", 
     "avgMultiplicity": 5.56, 
     "capacity": 20, 
     "category": "gauss", 
     "lowerBound": 3, 
     "pageCount": 7, 
     "pages": [
       [0,5,6,7,14,15,16,18,27,29,31,32,34,36,37,41,42,43,44], 
       [0,1,2,3,4,5,6,7,9,10,14,17,19,23,33,35,38,39,41,44], 
       [5,7,10,13,17,18,20,21,23,26,28,37,38,39,40,41,42,43,44], 
       [2,4,7,8,12,13,14,17,20,22,23,24,25,27,28,30,33,34,36,42], 
       [0,1,7,8,9,11,14,16,19,20,21,22,23,26,27,31,32,35,37,39], 
       [1,2,13,15,18,19,21,24,25,28,29,32,33,34,36,40,41,43,44], 
       [1,3,4,6,7,8,9,10,13,14,20,21,22,24,30,32,43,44]
     ], 
     "paginations": [
       [1,3,6,17,24,27,35,44], 
       [12,15,19,28,48,49,16,32], 
       [21,38,9,10,26,34], 
       [7,2,29,37,41,43,45,23,25,36], 
       [13,42,33,5,0,14,18], 
       [20,31,30,39,40,46,11], 
       [8,47,4,22]
     ], 
     "properSymbolCount": 0, 
     "solvers": {
       "BestFusion": 9, 
       "FirstFit": 9, 
       "GeneticGroup": 7, 
       "GeneticStandard": 9, 
       "OverloadAndRemove": 7, 
       "OverloadAndRemovePresort": 7
     }, 
     "symbolCount": 45, 
     "symbols": [0,1,2,3,4,5,6,7,8,9,10,11,12,13,14,15,16,17,18,19,20,21,22,23,24,25,26,27,28,29,30,31,32,33,34,35,36,37,38,39,40,41,42,43,44], 
     "tileCount": 50, 
     "tileMaxSize": 9, 
     "tileMinSize": 2, 
     "tiles": [
       [1,8,9,23,27,31], 
       [16,31,41], 
       [8,24,42], 
       [0,15,29,41], 
       [3,10,13,20,22,24,43], 
       [11,16,21,27], 
       [15,27,29,32,42,44], 
       [24,25], 
       [3,4,7,8,14,30,32,43,44], 
       [17,18,21,42,44], 
       [5,13,21,37,40,41], 
       [21,29,33,43,44], 
       [2,4,10,14,19], 
       [9,11,32], 
       [7,11,16,20,23,35,37], 
       [4,10,33,35], 
       [5,17,23,38,41], 
       [15,29,31,34,37,42], 
       [11,14,19,22,23], 
       [1,5,19], 
       [18,28,33,36], 
       [26,38], 
       [6,9,13,44], 
       [2,12,13,17,23,33,34,36], 
       [6,18,27,36,41,42], 
       [2,8,27,30,34], 
       [10,17,20,21,26,28], 
       [7,15,29,31], 
       [0,1,3,9,10], 
       [8,22,27,36], 
       [1,2,13,36,44], 
       [13,19,28,34,36,41,43,44], 
       [0,9,14,17,39,44], 
       [0,9,16,19,32,39], 
       [7,20,23,28,39,43], 
       [7,14,29,31,34,43], 
       [2,4,7,12,13,17,27,28], 
       [12,20,24,34], 
       [5,17,26,39,42], 
       [1,13,24,44], 
       [15,25,33,44], 
       [12,20,27,36], 
       [11,26,31,35], 
       [12,13,14,22,25,34], 
       [5,18,29,42], 
       [24,27,33], 
       [1,25,32,40,44], 
       [1,4,8,21], 
       [2,3,17,35,41], 
       [4,5,6,7,17,19,38]
     ], 
     "times": {
       "BestFusion": 0.04, 
       "FirstFit": 0.05, 
       "GeneticGroup": 43.83, 
       "GeneticStandard": 4.25, 
       "OverloadAndRemove": 0.31, 
       "OverloadAndRemovePresort": 0.27
     }
   }, 
   {
     "approximation": "GeneticGroup [2014-11-03 12:33:08]", 
     "avgMultiplicity": 10.49, 
     "capacity": 20, 
     "category": "gauss", 
     "lowerBound": 3, 
     "pageCount": 16, 
     "pages": [
       [1,3,4,7,8,13,16,19,22,23,26,34,35,36,37,38,39,41,43,44], 
       [0,1,2,3,7,8,10,11,15,16,26,27,29,33,34,35,36,37,39,40], 
       [0,2,3,4,9,10,12,13,15,17,20,25,26,29,31,34,35,37,38,42], 
       [0,1,2,3,9,12,13,15,16,18,19,20,22,23,26,28,35,37,38,42], 
       [1,2,4,8,9,10,13,20,21,25,26,30,32,33,36,39,40,42,43,44], 
       [0,1,2,5,6,10,11,12,13,16,17,20,21,26,29,33,34,35,38,43], 
       [5,6,7,9,10,12,15,16,18,20,24,25,27,30,33,34,35,39,43,44], 
       [0,1,4,5,7,8,9,11,13,14,15,16,17,19,20,24,27,32,37,44], 
       [0,4,5,6,9,14,16,18,20,21,22,23,28,32,33,36,38,39,41,43], 
       [2,3,7,10,11,12,15,17,18,19,25,26,27,28,31,32,39,40,42], 
       [4,7,9,11,13,15,17,21,22,23,25,27,29,33,34,35,38,40,41,44], 
       [0,5,9,10,14,15,19,21,23,24,29,30,31,35,36,37,39,41,42,43], 
       [0,1,2,4,7,11,12,15,18,22,23,24,27,30,32,40,41,42,43], 
       [3,4,8,12,20,21,24,25,26,28,29,34,35,37,38,39,40,43,44], 
       [2,3,4,5,7,8,14,15,17,19,22,28,33,34,35,37,38,39,42,43], 
       [1,5,6,7,8,10,11,13,14,16,20,23,30,31,32,33,34,35,38,40]
     ], 
     "paginations": [
       [30,47,49], 
       [20,10,22,5], 
       [21,43], 
       [26,28,13,40], 
       [4,17,12], 
       [38,3,11,31], 
       [16,6,25], 
       [2,9,18,14], 
       [35,33,34], 
       [37,8,32], 
       [7,1,48], 
       [39,44,42], 
       [46,45], 
       [0,23,19], 
       [29,27,15], 
       [36,41,24]
     ], 
     "properSymbolCount": 0, 
     "solvers": {
       "BestFusion": 20, 
       "FirstFit": 20, 
       "GeneticGroup": 16, 
       "GeneticStandard": 19, 
       "OverloadAndRemove": 20, 
       "OverloadAndRemovePresort": 20
     }, 
     "symbolCount": 45, 
     "symbols": [0,1,2,3,4,5,6,7,8,9,10,11,12,13,14,15,16,17,18,19,20,21,22,23,24,25,26,27,28,29,30,31,32,33,34,35,36,37,38,39,40,41,42,43,44], 
     "tileCount": 50, 
     "tileMaxSize": 14, 
     "tileMinSize": 5, 
     "tiles": [
       [3,12,24,26,29,43,44], 
       [4,13,17,25,29,38,40,41,44], 
       [0,4,5,7,14,15,16,24,37], 
       [2,5,6,11,13,16,21,33,35,38,43], 
       [1,8,21,25,33,36,39,40,42,43], 
       [0,7,10,26,33,40], 
       [5,6,7,12,15,16,18,25,30,33,39,43], 
       [7,13,22,23,25,34,35,41], 
       [2,3,7,12,15,17,18,27,39,40], 
       [8,9,11,15,16,17,20,24,27,44], 
       [0,1,2,3,11,16,33,35,36,40], 
       [0,6,10,11,12,13,17,20,34,38], 
       [2,4,8,25,36,42,44], 
       [0,1,2,9,15,16,18,26,28,35], 
       [4,9,13,19,24,27,44], 
       [2,5,14,15,17,19,22,33,35,37,38,42,43], 
       [5,6,10,18,34,35,39,44], 
       [4,8,9,10,13,20,26,30,32,39,40,42], 
       [0,1,4,7,15,20,32,37,44], 
       [4,8,20,25,34,35,37,38,44], 
       [0,7,11,16,29,36,39], 
       [0,2,3,4,10,12,15,17,20,25,29,31,35,38], 
       [0,8,10,15,26,27,33,34,37,39], 
       [20,21,24,25,26,28,34,35,37,38,39,40], 
       [1,6,8,10,31,34], 
       [7,9,16,18,20,24,27,34,39,43], 
       [0,1,2,3,12,13,18,20,22], 
       [8,19,28,33,34,39,42,43], 
       [3,13,16,23,28,35,37,42], 
       [2,3,4,5,7,14,33,38,43], 
       [1,4,7,22,26,35,36,37,38,39,43], 
       [0,1,5,10,13,17,29,33,43], 
       [2,10,11,15,17,26,31,32,42], 
       [6,14,18,20,21,22,28,32,39], 
       [16,18,20,21,23,38,39,43], 
       [0,4,5,9,20,22,28,33,36,38,41], 
       [7,8,11,13,16,23,30,31,33,38], 
       [7,15,18,19,25,26,28,32,42], 
       [1,11,16,17,20,21,26,29,33], 
       [0,5,14,21,24,30,31,35,37,42], 
       [2,3,18,19,38], 
       [5,10,14,16,20,23,31,32,33,34,35,40], 
       [5,10,36,39,41], 
       [9,13,15,26,31,34,37,42], 
       [0,9,10,15,19,23,24,29,31,36,39,41,43], 
       [1,2,4,7,11,12,15,23,24,27,32,40,41,43], 
       [0,1,18,22,30,40,41,42,43], 
       [3,4,13,19,22,34,35,36,37,39,41], 
       [9,11,13,15,17,21,22,23,25,27,33,35], 
       [1,8,16,23,26,37,41,44]
     ], 
     "times": {
       "BestFusion": 0.04, 
       "FirstFit": 0.03, 
       "GeneticGroup": 56.2, 
       "GeneticStandard": 4.56, 
       "OverloadAndRemove": 0.63, 
       "OverloadAndRemovePresort": 0.57
     }
   }, 
   {
     "approximation": "GeneticGroup [2014-11-03 12:33:08]", 
     "avgMultiplicity": 5.29, 
     "capacity": 20, 
     "category": "gauss", 
     "lowerBound": 3, 
     "pageCount": 6, 
     "pages": [
       [0,1,2,7,9,10,11,13,14,17,18,19,21,24,29,32,33,34,40,41], 
       [3,4,6,8,11,14,19,20,21,23,24,25,26,28,29,34,36,37,38,41], 
       [7,9,13,19,20,21,22,25,27,28,30,31,32,33,35,36,41,42,43,44], 
       [1,2,8,9,10,12,14,15,16,17,21,28,30,32,33,36,38,40,42,43], 
       [1,4,5,6,7,11,12,13,14,15,19,22,30,31,32,37,38,39,43,44], 
       [0,2,7,12,15,16,18,24,25,27,29,35,37,39,41,42,44]
     ], 
     "paginations": [
       [44,31,42,45,13,22,10,4,25,11,26,2,24,1], 
       [18,27,40,29,7,23,21,9,12,43,16,5], 
       [36,38,48,17,35,39,47,41], 
       [32,20,8,6,33], 
       [19,0,30,14,46], 
       [15,49,28,37,34,3]
     ], 
     "properSymbolCount": 0, 
     "solvers": {
       "BestFusion": 8, 
       "FirstFit": 9, 
       "GeneticGroup": 6, 
       "GeneticStandard": 8, 
       "OverloadAndRemove": 7, 
       "OverloadAndRemovePresort": 7
     }, 
     "symbolCount": 45, 
     "symbols": [0,1,2,3,4,5,6,7,8,9,10,11,12,13,14,15,16,17,18,19,20,21,22,23,24,25,26,27,28,29,30,31,32,33,34,35,36,37,38,39,40,41,42,43,44], 
     "tileCount": 50, 
     "tileMaxSize": 9, 
     "tileMinSize": 2, 
     "tiles": [
       [4,5,7,11,13,15,19,38,44], 
       [18,24,29,40], 
       [9,11,29,40], 
       [25,39], 
       [2,10,19,40], 
       [11,20,23], 
       [9,15,28,38,42,43], 
       [25,37], 
       [2,9,10,12,14,28,30,36], 
       [3,14,23,26,29,34,41], 
       [0,10,18,32,40], 
       [1,14,17,18], 
       [4,8,21,24,25,36], 
       [0,7,14,18,19,41], 
       [1,12,15,31,37,39], 
       [2,7,16], 
       [14,23,24,36,37], 
       [13,22,27,31,41,42,44], 
       [3,4,38], 
       [5,6,11,14,30,39,44], 
       [8,10,16,17,21,32,33,42], 
       [8,14,21,23,24,36], 
       [0,11,13,33], 
       [14,21,26,28], 
       [0,1,18,24,33], 
       [0,10,19,34], 
       [2,9,11,32,34], 
       [6,21,34,38], 
       [15,29,39,41,42], 
       [6,14,28,37], 
       [12,14,15,22,32,39,43], 
       [11,17,34], 
       [17,28,36], 
       [1,8,15,21,40,42], 
       [0,18,35], 
       [9,19,41,42], 
       [21,25,28,31,32,35], 
       [12,27,37], 
       [20,22,27,33,35,36], 
       [9,27,33,35,43,44], 
       [4,8,19,26,34,36,37], 
       [7,25,31,36,41,42], 
       [13,32,34], 
       [4,20,37], 
       [1,21,29,40], 
       [9,10,11], 
       [11,13,43], 
       [7,20,21,30,35,36,41], 
       [35,41,42], 
       [24,44]
     ], 
     "times": {
       "BestFusion": 0.04, 
       "FirstFit": 0.03, 
       "GeneticGroup": 45.71, 
       "GeneticStandard": 3.8, 
       "OverloadAndRemove": 0.24, 
       "OverloadAndRemovePresort": 0.21
     }
   }, 
   {
     "approximation": "GeneticGroup [2014-11-03 12:33:08]", 
     "avgMultiplicity": 10.31, 
     "capacity": 20, 
     "category": "gauss", 
     "lowerBound": 3, 
     "pageCount": 16, 
     "pages": [
       [2,3,4,5,7,8,9,22,24,25,26,28,30,32,35,39,40,41,43,44], 
       [4,5,6,7,10,14,16,18,20,21,22,26,27,29,30,33,34,36,39,44], 
       [1,2,3,4,5,7,11,12,13,14,19,21,28,29,32,33,35,36,40,41], 
       [5,10,11,12,13,16,17,19,21,22,24,27,28,30,31,33,39,40,41,42], 
       [0,9,13,15,18,24,25,26,27,29,32,33,35,36,37,38,40,43], 
       [3,5,6,11,13,14,16,17,19,21,22,24,25,29,32,34,35,37,41,44], 
       [0,1,2,3,4,7,11,12,18,20,23,24,28,31,35,36,37,39,42,44], 
       [0,2,4,5,6,9,13,14,19,20,22,27,28,31,33,36,39,42,43,44], 
       [3,5,6,8,9,10,11,13,17,18,19,23,27,28,31,32,35,37,38,43], 
       [3,5,10,11,13,14,15,16,20,21,23,24,27,28,30,35,36,40,41,42], 
       [2,4,7,9,10,11,12,17,19,21,22,25,29,30,34,36,39,41,42,43], 
       [0,2,3,6,8,11,12,13,15,16,19,27,28,29,33,39,41,44], 
       [1,2,3,5,7,11,12,15,17,18,23,27,29,30,31,32,38,40,41,43], 
       [3,5,6,16,17,18,19,20,21,22,27,29,31,36,38,40,42,43,44], 
       [0,2,4,6,9,11,14,16,17,18,19,20,21,25,28,31,32,37,39], 
       [0,7,11,23,26,27,38]
     ], 
     "paginations": [
       [28,10,8], 
       [44,33,6], 
       [22,19,46,24], 
       [47,2,12], 
       [45,15], 
       [25,39,27,4], 
       [26,1,16,3], 
       [48,37,41,9], 
       [21,11,7], 
       [40,14,43], 
       [34,31,35,17], 
       [30,18,49], 
       [13,42,29,20], 
       [0,23,5], 
       [32,38], 
       [36]
     ], 
     "properSymbolCount": 0, 
     "solvers": {
       "BestFusion": 18, 
       "FirstFit": 18, 
       "GeneticGroup": 16, 
       "GeneticStandard": 18, 
       "OverloadAndRemove": 17, 
       "OverloadAndRemovePresort": 19
     }, 
     "symbolCount": 45, 
     "symbols": [0,1,2,3,4,5,6,7,8,9,10,11,12,13,14,15,16,17,18,19,20,21,22,23,24,25,26,27,28,29,30,31,32,33,34,35,36,37,38,39,40,41,42,43,44], 
     "tileCount": 50, 
     "tileMaxSize": 15, 
     "tileMinSize": 6, 
     "tiles": [
       [16,17,18,19,20,21,22,27,29,31,38,40,42,43,44], 
       [1,4,12,23,24,28,31,35,39,44], 
       [5,10,16,17,21,28,33,42], 
       [3,12,18,28,31,36,37,39,44], 
       [3,6,13,21,22,25,34,37,41], 
       [3,5,20,27,29,31,36,38,40], 
       [4,6,7,20,22,26,27,29,34,39], 
       [6,11,13,19,23,28], 
       [2,3,5,22,28,32,39,41,43], 
       [4,6,9,14,22,28,31,36,42], 
       [4,8,9,24,25,32,40,44], 
       [3,8,10,17,18,19,27,32,35,37,38], 
       [12,13,17,19,27,28,30,33,40,41,42], 
       [3,11,12,17,31,32,38,40,41], 
       [10,13,21,23,30,35,36,41,42], 
       [0,9,13,15,18,25,27,29,33,35,37,38,40], 
       [0,2,3,4,7,11,18,35,36,39,44], 
       [4,7,9,11,17,22,25,29,30,36,42], 
       [2,6,8,11,12,16,19,29,33,41], 
       [2,4,5,7,11,19,21,28,33], 
       [12,18,23,27,29,30,38,40,43], 
       [5,8,9,10,13,18,23,31,37,43], 
       [1,5,11,13,21,29,36,41], 
       [6,18,20,21,22,27,40,43], 
       [1,3,7,12,13,14,29,35,36,40,41], 
       [19,22,24,29,32,35,37,41], 
       [1,4,11,20,37,42], 
       [3,5,6,16,17,21,22,25,32,34,35,44], 
       [3,7,8,9,22,25,26,30,35], 
       [1,2,7,15,17,27,31,32,43], 
       [3,12,13,16,19,27,41,44], 
       [9,10,21,25,30,42], 
       [2,4,6,14,16,17,18,21,28,31,32,37], 
       [4,14,16,20,21,22,26,44], 
       [2,7,9,11,12,22,30,34,39], 
       [9,19,22,29,30,34,41,43], 
       [0,7,11,23,26,27,38], 
       [0,5,14,27,36,39,42,44], 
       [0,9,11,17,18,19,20,25,39], 
       [5,11,13,14,25,29,34,35,44], 
       [3,11,13,15,20,28,30,35,41], 
       [0,2,5,13,19,27,39,43], 
       [1,2,5,11,12,15,29,43], 
       [5,14,15,16,21,23,24,27,35,40], 
       [5,6,7,10,18,22,27,30,33,36,44], 
       [9,15,24,26,29,32,33,36,43], 
       [1,13,14,28,29,32,36], 
       [5,10,11,13,17,22,24,30,31,33,39,40], 
       [2,5,6,9,19,20,31,33,36,39,43], 
       [0,2,3,6,15,16,19,28,39]
     ], 
     "times": {
       "BestFusion": 0.04, 
       "FirstFit": 0.03, 
       "GeneticGroup": 55.94, 
       "GeneticStandard": 4.48, 
       "OverloadAndRemove": 0.59, 
       "OverloadAndRemovePresort": 0.58
     }
   }, 
   {
     "approximation": "GeneticGroup [2014-11-03 12:33:08]", 
     "avgMultiplicity": 5.24, 
     "capacity": 20, 
     "category": "gauss", 
     "lowerBound": 3, 
     "pageCount": 6, 
     "pages": [
       [0,1,2,4,8,10,15,17,18,24,25,27,29,30,32,33,34,37,39,40], 
       [0,2,3,4,5,6,9,12,14,15,16,17,18,25,31,33,35,36,37,38], 
       [2,3,7,8,9,12,13,16,19,21,22,25,26,28,31,34,38,41,43,44], 
       [3,6,9,11,12,16,17,18,20,21,23,26,28,29,32,37,39,40,42,43], 
       [2,4,5,7,11,14,16,20,21,22,24,25,27,29,36,37,39,40,41,42], 
       [1,3,5,7,8,9,11,13,17,22,24,27,30,33,34,36,38,39,41,43]
     ], 
     "paginations": [
       [14,41,39,48,19,42,40,34,17,29,47,31], 
       [43,23,33,15,13,4,9,11,24,8], 
       [22,16,21,28,18,20,2,30], 
       [49,32,5,36,45,12,27,26], 
       [10,3,35,38,44,6,0], 
       [7,1,25,46,37]
     ], 
     "properSymbolCount": 1, 
     "solvers": {
       "BestFusion": 8, 
       "FirstFit": 9, 
       "GeneticGroup": 6, 
       "GeneticStandard": 8, 
       "OverloadAndRemove": 7, 
       "OverloadAndRemovePresort": 7
     }, 
     "symbolCount": 45, 
     "symbols": [0,1,2,3,4,5,6,7,8,9,10,11,12,13,14,15,16,17,18,19,20,21,22,23,24,25,26,27,28,29,30,31,32,33,34,35,36,37,38,39,40,41,42,43,44], 
     "tileCount": 50, 
     "tileMaxSize": 10, 
     "tileMinSize": 2, 
     "tiles": [
       [11,14,24,36,39], 
       [1,3,7,8,9,11,17,22,33,38], 
       [25,28,41], 
       [27,29,40,41,42], 
       [3,9,12,15], 
       [18,21,28,32,39], 
       [5,21,24,25], 
       [5,11,34,36], 
       [12,16,33,37], 
       [3,14,15], 
       [5,7,22,24,37], 
       [0,2,31,33], 
       [6,9,18,42], 
       [12,17], 
       [10,15,25,32,34], 
       [4,14,17,37,38], 
       [8,13,31,34,41,43], 
       [0,1,8,18,34,37], 
       [3,19,26,31,41], 
       [8,10], 
       [9,19,21,44], 
       [2,3,12,31,34,38], 
       [3,7,12,13,16,25,26,44], 
       [0,4,6,17,18,25], 
       [4,15,16,25,31], 
       [3,9,24,27,33,36,39,43], 
       [42,43], 
       [6,20,23,29], 
       [2,19,21,22,28,43], 
       [2,10,18,40], 
       [28,38], 
       [4,15,25,29], 
       [3,16,23,29,37], 
       [3,14,33,36], 
       [2,32], 
       [4,5,11,14,16,20,29,41,42], 
       [3,9,17,26], 
       [13,27,33], 
       [2,5,14,22,24,40,41], 
       [1,4,8,18,25,30], 
       [4,29,30,40], 
       [1,17,34,39], 
       [0,30,40], 
       [4,5,9,31,35,38], 
       [21,29,36], 
       [17,23,28,43], 
       [8,17,22,30,33,41], 
       [10,17,24,39], 
       [0,15,27,29,30,33,39], 
       [11,12,21,26,40]
     ], 
     "times": {
       "BestFusion": 0.04, 
       "FirstFit": 0.03, 
       "GeneticGroup": 42.54, 
       "GeneticStandard": 3.74, 
       "OverloadAndRemove": 0.25, 
       "OverloadAndRemovePresort": 0.22
     }
   }, 
   {
     "approximation": "GeneticGroup [2014-11-03 12:33:08]", 
     "avgMultiplicity": 10.56, 
     "capacity": 20, 
     "category": "gauss", 
     "lowerBound": 3, 
     "pageCount": 16, 
     "pages": [
       [0,1,3,4,9,10,11,17,19,20,21,23,31,34,37,38,39,40,41,43], 
       [1,6,8,10,11,16,21,23,26,27,28,30,32,33,35,36,37,40,42,43], 
       [4,5,6,10,11,16,17,19,21,22,27,28,31,32,34,37,38,41,44], 
       [0,2,6,8,10,11,17,19,21,23,24,27,29,30,31,34,35,39,41], 
       [0,1,2,6,7,9,11,12,13,15,16,21,22,24,28,31,33,35,37,39], 
       [0,1,2,3,4,5,6,8,10,11,15,18,19,26,27,29,31,35,41,43], 
       [6,9,12,13,14,15,17,19,20,22,24,25,26,27,28,38,39,40,42,44], 
       [0,1,2,3,6,10,11,12,17,19,25,26,31,33,35,36,39,41,42,43], 
       [0,3,4,9,10,12,13,14,17,18,21,22,28,30,31,32,33,36,41,43], 
       [3,4,5,7,9,14,17,19,20,21,25,34,35,36,39,40,41,42,43,44], 
       [1,4,6,10,13,14,15,19,22,28,29,30,31,32,34,35,36,38,40,42], 
       [4,6,9,10,14,16,19,22,24,25,26,27,29,31,32,33,36,37,41,42], 
       [1,2,4,6,8,9,10,11,13,14,18,20,22,29,33,38,39,40,41,44], 
       [0,6,7,10,12,13,14,15,16,17,18,22,25,26,27,29,32,36,37,44], 
       [3,7,8,11,13,15,18,20,21,22,23,27,29,30,33,34,35,38,41,43], 
       [0,1,3,4,8,11,12,13,14,18,19,21,23,25,27,28,32,36,40,42]
     ], 
     "paginations": [
       [30,43,49,38], 
       [5,42,17], 
       [14,44,6], 
       [45,39,12], 
       [19,23,33,41], 
       [36,10,21], 
       [25,46], 
       [27,15,18], 
       [34,26], 
       [28,13,20], 
       [0,4,31,22], 
       [11,2,9], 
       [7,32], 
       [47,3,16,1], 
       [8,40,24], 
       [35,48,37,29]
     ], 
     "properSymbolCount": 0, 
     "solvers": {
       "BestFusion": 20, 
       "FirstFit": 20, 
       "GeneticGroup": 16, 
       "GeneticStandard": 19, 
       "OverloadAndRemove": 18, 
       "OverloadAndRemovePresort": 18
     }, 
     "symbolCount": 45, 
     "symbols": [0,1,2,3,4,5,6,7,8,9,10,11,12,13,14,15,16,17,18,19,20,21,22,23,24,25,26,27,28,29,30,31,32,33,34,35,36,37,38,39,40,41,42,43,44], 
     "tileCount": 50, 
     "tileMaxSize": 14, 
     "tileMinSize": 5, 
     "tiles": [
       [1,13,14,15,19,30,34,40], 
       [6,12,13,14,32], 
       [4,6,14,16,19,22,24,25,27,29,31], 
       [6,12,14,15,17,25,32], 
       [4,10,13,22,31,35,40], 
       [6,8,23,28,33,35,43], 
       [5,6,10,16,17,19,21,34,44], 
       [1,2,6,8,10,11,20,29,33,38,39,40,41], 
       [8,11,13,15,18,20,21,23,29,30,33,35], 
       [4,9,10,22,24,26,33,37,42], 
       [1,3,8,10,18,19,29,31,41,43], 
       [9,10,14,19,24,29,32,33,36,41,42], 
       [0,2,17,29,31,35,39], 
       [3,5,7,9,19,34,36,40,42], 
       [4,10,11,21,22,31,32,41,44], 
       [0,2,3,11,17,19,33,35,39,42,43], 
       [6,10,13,16,25,27,29,32,36,37,44], 
       [1,6,8,10,11,21,27,30,32,35,36,37,40,42], 
       [6,12,25,26,36], 
       [6,9,12,13,16,21,28,31,35], 
       [3,4,5,17,19,20,25,35,39,43,44], 
       [0,1,2,3,8,11,15,26,27,41], 
       [1,4,6,15,32,34,36,38,42], 
       [1,2,6,7,13,15,28,35,39], 
       [3,8,15,18,21,22,23,35,38,41,43], 
       [6,12,19,20,22,25,26,27,38,40,42,44], 
       [0,3,4,9,10,14,17,22,28,30,33,41,43], 
       [0,1,10,12,25,31,33,35,36,41,42], 
       [3,4,7,14,21,25,34,35,36,41,43], 
       [4,11,12,13,18,36,40], 
       [4,10,19,23,31,39,43], 
       [1,6,14,22,28,29,35,36,38,42], 
       [4,6,9,11,13,14,18,22,38,40,44], 
       [0,7,15,24,35,37,39], 
       [4,12,13,14,18,21,28,30,31,32,33,36,41], 
       [0,3,4,8,11,18,21,23,27,36,42], 
       [2,4,5,6,11,27,35,43], 
       [0,11,19,25,32,40,42], 
       [1,3,4,9,11,17,37,38,40,41,43], 
       [0,2,6,10,11,17,19,21,23,31,34,41], 
       [3,7,8,11,13,15,20,22,27,33,34], 
       [11,13,21,22,31,33,37,39], 
       [11,16,21,26,28,36,37], 
       [20,21,23,31,34,40,41], 
       [5,6,27,28,34,37,38], 
       [8,10,21,23,24,27,30,39,41], 
       [9,13,14,15,17,19,24,28,38,39,44], 
       [0,7,12,14,17,18,22,26,27,36], 
       [1,4,11,13,14,18,23,25,28,32], 
       [0,1,10,11,19,20,23,34,39,43]
     ], 
     "times": {
       "BestFusion": 0.04, 
       "FirstFit": 0.03, 
       "GeneticGroup": 56.22, 
       "GeneticStandard": 4.96, 
       "OverloadAndRemove": 0.59, 
       "OverloadAndRemovePresort": 0.55
     }
   }
 ]