[
   {
     "approximation": "GeneticGroup [2014-11-03 10:01:39]", 
     "avgMultiplicity": 12.5, 
     "capacity": 20, 
     "category": "gauss", 
     "lowerBound": 2, 
     "pageCount": 6, 
     "pages": [
       [1,2,3,4,6,7,8,11,13,16,17,19,20,21,22,24,25,26,28,29], 
       [0,1,4,7,9,10,11,12,14,15,17,18,19,22,23,25,26,27,28,29], 
       [2,3,5,7,8,9,10,11,12,13,14,15,18,19,20,23,24,25,26,27], 
       [0,1,2,3,4,5,6,7,9,10,13,14,18,21,22,23,24,25,26,29], 
       [0,4,5,6,7,8,9,12,13,14,15,16,20,21,22,23,26,27,28,29], 
       [2,3,8,9,10,15,16,22,25,27,28]
     ], 
     "paginations": [
       [22,77,6,18,63,27,17,7,73,3,4,2,44,58,53,54,10,30,16,45,21,34,61], 
       [1,31,14,5,0,48,32,40,57,71,78,41], 
       [69,8,39,15,52,59,66,51,20,19,26,25,36,46], 
       [67,37,43,74,68,9,33,50,35,47,75,79,11,64], 
       [28,65,76,49,56,70,55,72,12,24,23,62,38,13], 
       [29,42,60]
     ], 
     "properSymbolCount": 0, 
     "solvers": {
       "BestFusion": 9, 
       "FirstFit": 9, 
       "GeneticGroup": 6, 
       "GeneticStandard": 7, 
       "OverloadAndRemove": 7, 
       "OverloadAndRemovePresort": 7
     }, 
     "symbolCount": 30, 
     "symbols": [0,1,2,3,4,5,6,7,8,9,10,11,12,13,14,15,16,17,18,19,20,21,22,23,24,25,26,27,28,29], 
     "tileCount": 80, 
     "tileMaxSize": 10, 
     "tileMinSize": 2, 
     "tiles": [
       [1,23,27,28], 
       [1,7,10,14,19,27], 
       [2,4,7,8,16,19,22,29], 
       [3,21,29], 
       [8,13,21,29], 
       [11,18,25,26], 
       [3,28], 
       [1,4,24,25,26], 
       [10,11,12,13,19,20,23], 
       [9,14,18,21,23], 
       [2,17], 
       [4,21,23,25], 
       [6,13,27], 
       [0,8], 
       [15,18,28], 
       [5,8,11,19,25], 
       [1,6,8,11,22], 
       [3,7,29], 
       [2,3,6,11,20,26], 
       [2,9,13,19,24,25], 
       [5,8,11,12], 
       [1,17,20], 
       [3,6,19,25], 
       [6,9,12,16,20], 
       [0,6,7,21,22,23,26,27,29], 
       [3,12,25,26], 
       [2,27], 
       [3,16,22], 
       [0,12,13,26], 
       [8,10,16,27,28], 
       [2,28], 
       [12,17,18,19,25,26,27], 
       [1,11,14,15,19,23,28,29], 
       [3,5,9,10,24,26,29], 
       [7,16,25,29], 
       [0,6,7,9,10,29], 
       [2,5,26], 
       [0,2,5,6,24], 
       [12,20,26,28], 
       [2,7,11,15,18], 
       [7,14,17,27,29], 
       [10,12,29], 
       [3,9,10,16,25], 
       [1,13,18], 
       [17,20,21], 
       [6,7,8,16,21,24,29], 
       [2,18,25], 
       [18,21,29], 
       [0,1,4,9,11,12,15,19,22,25], 
       [5,15,21,27], 
       [6,18,21,26], 
       [2,15,20], 
       [5,7,10,11,14,20,26], 
       [4,6,28,29], 
       [4,20,21,24], 
       [0,4,5,6,9,20], 
       [0,4,13,14,15,26,29], 
       [4,7,9,18,19,22,29], 
       [8,11,16,17,25], 
       [7,8,11,14,25,27], 
       [2,15,22], 
       [13,22,24,25,28], 
       [9,12,21,22,27], 
       [3,17], 
       [3,4,6,9], 
       [14,16,20], 
       [8,10,15,23,24,25,27], 
       [1,7,10,14,21,29], 
       [1,5,9,14,21,23,25], 
       [2,5,8,20], 
       [5,12,29], 
       [9,10,15,18,25,26,27,29], 
       [13,15,16], 
       [2,6,19], 
       [1,2,3,6,9,10,13,22,23], 
       [0,2,4,5,7,13,22,24], 
       [5,8,27,28], 
       [11,17,22,24], 
       [4,10,17,29], 
       [0,2,26]
     ], 
     "times": {
       "BestFusion": 0.1, 
       "FirstFit": 0.11, 
       "GeneticGroup": 94.64, 
       "GeneticStandard": 8.35, 
       "OverloadAndRemove": 0.66, 
       "OverloadAndRemovePresort": 0.66
     }
   }, 
   {
     "approximation": "GeneticGroup [2015-11-05 18:40:23]", 
     "avgMultiplicity": 25.6, 
     "capacity": 20, 
     "category": "gauss", 
     "lowerBound": 2, 
     "pageCount": 16, 
     "pages": [
       [0,2,5,6,8,10,11,12,14,17,18,19,20,21,22,24,25,26,28,29], 
       [1,2,3,4,5,6,7,9,10,12,13,14,17,19,21,22,23,24,27,28], 
       [0,1,2,3,5,8,10,11,12,13,15,16,17,19,20,21,22,24,27,29], 
       [0,2,5,9,10,11,13,14,17,18,19,20,21,22,23,24,25,26,27,28], 
       [1,6,7,8,9,10,13,14,15,17,18,19,21,23,24,25,26,27,28,29], 
       [0,1,3,4,5,7,8,9,10,11,12,13,15,19,20,22,24,25,26,28], 
       [0,1,4,6,8,9,10,11,12,14,17,18,19,20,22,23,24,25,28,29], 
       [1,3,4,6,7,8,10,11,12,13,14,15,16,19,20,24,25,26,27,29], 
       [0,1,2,3,5,7,9,10,11,12,15,16,18,19,20,24,25,26,28,29], 
       [0,3,6,7,11,12,13,14,15,17,18,20,21,22,23,24,25,27,28,29], 
       [0,1,2,3,4,5,7,8,9,13,14,15,17,22,23,24,26,27,28,29], 
       [1,3,4,5,7,8,9,10,12,13,14,15,16,18,20,21,23,27,28,29], 
       [0,1,2,3,4,5,7,10,11,12,13,14,18,19,21,23,24,25,27,28], 
       [0,1,2,3,4,6,7,8,9,11,15,16,19,20,22,24,25,26,27,29], 
       [1,3,4,5,8,9,11,12,14,16,17,18,19,21,22,23,25,27,28,29], 
       [0,1,3,4,5,6,7,9,13,14,16,17,18,19,20,21,22,24,25,26]
     ], 
     "paginations": [
       [34,52,5,16,1,68,8], 
       [17,65,36,78,40,18,11], 
       [75,60,30,42], 
       [57,20,22,33], 
       [23,28,13,3,70,27], 
       [71,77,62,35,37,56], 
       [66,15,54,49], 
       [64,47,26], 
       [21,39,29,24,32,53,58], 
       [6,76,48,4,46], 
       [61,67,45], 
       [63,12,9], 
       [55,43,2,7,31], 
       [69,72,10,51,0], 
       [74,14,73,25,79,44], 
       [19,41,50,38,59]
     ], 
     "properSymbolCount": 0, 
     "solvers": {
       "BestFusion": 24, 
       "FirstFit": 24, 
       "GeneticGroup": 16, 
       "GeneticStandard": 21, 
       "OverloadAndRemove": 19, 
       "OverloadAndRemovePresort": 19
     }, 
     "symbolCount": 30, 
     "symbols": [0,1,2,3,4,5,6,7,8,9,10,11,12,13,14,15,16,17,18,19,20,21,22,23,24,25,26,27,28,29], 
     "tileCount": 80, 
     "tileMaxSize": 14, 
     "tileMinSize": 5, 
     "tiles": [
       [3,4,7,11,15,22,26,27,29], 
       [0,6,10,17,21,22,24,26], 
       [3,7,11,14,19,21,23,27], 
       [1,8,17,18,19,23,26,28], 
       [3,6,11,12,17,18,22,25,28,29], 
       [5,6,8,10,11,14,17,26], 
       [6,11,12,13,14,20,21,23,27,28], 
       [0,3,5,7,10,21,24], 
       [0,2,8,11,14,18,22,24,25], 
       [5,7,9,12,20,21,27,28,29], 
       [0,1,2,3,6,7,8,19,22,26,29], 
       [1,2,5,7,10,13,22,23,24,28], 
       [1,3,8,13,14,18,20,28], 
       [7,17,19,21,25,26,29], 
       [5,8,9,12,14,17,18,22,23,27], 
       [0,1,6,10,11,12,14,20,23,24,25,28,29], 
       [0,2,5,6,12,18,19,22,28], 
       [5,6,7,12,13,17,24,27], 
       [1,2,3,4,5,13,14,17,21,28], 
       [0,1,3,4,5,6,9,14,16,18,21], 
       [2,13,19,20,23,24], 
       [2,10,11,15,19,20,24,28,29], 
       [5,10,14,17,18,19,21,22,23,24,25], 
       [6,8,9,13,14,17,18,19,21,24,26,27,28,29], 
       [1,2,12,15,16,18,19,20,26,28], 
       [8,9,16,18,21,22,23,25,27,28], 
       [3,4,6,7,8,10,11,14,19,20,24,26,29], 
       [1,7,14,15,17,18,23,25,26,27,28], 
       [6,7,10,13,19,24,26,29], 
       [3,5,9,11,12,15,16,20,25], 
       [0,2,5,8,11,13,15,21,29], 
       [3,10,12,18,19,21,27,28], 
       [2,3,7,9,12,16,19,20,24,28,29], 
       [2,9,10,11,14,17,18,19,23,26,27,28], 
       [0,2,6,8,20,22,24,25,29], 
       [0,3,5,8,9,11,12,24,25,26,28], 
       [1,6,12,13,14,21,22], 
       [0,3,4,5,7,8,10,13,15,19,20,22,24], 
       [0,4,5,13,16,18,20,21,24,26], 
       [0,1,2,3,5,9,10,15,24,26,29], 
       [1,2,3,4,9,10,12,13,14,17,19,24], 
       [1,3,4,7,13,14,17,18,19,22,26], 
       [0,1,2,3,8,15,16,17,20,21,22,24], 
       [2,3,10,12,13,18,24,25,27], 
       [1,5,8,16,17,18,21,22,28], 
       [2,4,7,8,9,17,22,26,27], 
       [0,7,14,15,20,22,23,24,27], 
       [4,8,10,12,13,16,19,20,24,25,27], 
       [7,13,15,17,20,21,22,23,25,29], 
       [1,4,6,8,9,10,11,12,14,17,25,29], 
       [1,4,13,16,17,18,19,20,21,24], 
       [1,3,4,8,11,16,19,20,22,26,27,29], 
       [2,5,14,18,20,25,29], 
       [0,2,9,10,11,15,18,19,20], 
       [1,4,9,10,14,17,18,19,20,22,23,24,28,29], 
       [1,2,4,5,7,10,11,12,18,21,23,24,28], 
       [3,5,11,19,24,26], 
       [0,5,9,11,13,17,21,23], 
       [2,5,15,16,26], 
       [0,1,6,13,14,16,19,25], 
       [0,3,10,12,15,16,17,19,21,22,27], 
       [0,5,7,8,13,14,15,23,24,26], 
       [1,4,5,8,9,10,11,13,15,19,20,25], 
       [3,4,8,10,15,16,18,20,23,27], 
       [1,6,7,8,10,11,14,15,16,25], 
       [2,5,7,21,22,23,24,27,28], 
       [0,1,4,9,10,11,18,25,28], 
       [0,1,3,4,5,7,9,17,27,28,29], 
       [5,8,10,11,17,19,21,25,26,29], 
       [0,1,3,8,9,16,19,22,24,25], 
       [7,8,9,13,14,15,24,27,28], 
       [3,4,7,9,11,12,22,24,25], 
       [9,15,16,20,25,27,29], 
       [8,16,19,22,28], 
       [3,4,5,12,16,18,19,21,29], 
       [0,1,2,3,8,10,11,15,24,27,29], 
       [6,11,12,13,14,15,17,22,24,27], 
       [4,7,10,13,15,19,22,28], 
       [1,3,4,6,12,14,19,23,27], 
       [1,5,11,14,19,21,25,29]
     ], 
     "times": {
       "BestFusion": 0.1, 
       "FirstFit": 0.08, 
       "GeneticGroup": 105.41, 
       "GeneticStandard": 8.4, 
       "OverloadAndRemove": 1.49, 
       "OverloadAndRemovePresort": 1.42
     }
   }, 
   {
     "approximation": "GeneticGroup [2014-11-03 10:01:39]", 
     "avgMultiplicity": 38.1, 
     "capacity": 20, 
     "category": "gauss", 
     "lowerBound": 2, 
     "pageCount": 37, 
     "pages": [
       [0,1,2,3,4,5,6,7,8,9,10,11,13,14,16,18,21,22,26,29], 
       [0,1,2,3,4,5,6,7,8,10,11,13,18,20,22,23,24,25,28,29], 
       [0,1,2,4,5,7,8,9,15,16,17,18,19,20,21,23,25,26,27,28], 
       [1,2,3,4,6,7,8,9,11,14,16,17,18,19,20,22,24,25,27,28], 
       [2,3,4,6,7,8,9,10,11,12,13,14,15,16,19,22,26,27,28,29], 
       [0,2,3,4,5,6,7,8,10,11,12,13,14,15,16,18,20,21,22,24], 
       [0,5,6,7,8,9,10,12,14,15,18,20,21,22,23,24,27,29], 
       [1,2,3,4,6,10,11,13,14,15,16,18,20,21,24,25,26,27,28,29], 
       [0,2,4,5,6,8,9,10,12,14,16,17,18,19,20,22,23,25,26,29], 
       [0,2,4,5,6,7,8,11,12,13,14,16,17,18,22,24,25,27,28,29], 
       [0,1,2,3,6,8,10,11,12,13,15,17,18,19,22,23,24,27,28,29], 
       [1,2,3,4,5,7,9,11,12,14,15,16,17,20,23,24,25,27,28,29], 
       [0,3,4,5,6,7,10,11,12,13,14,15,19,21,22,23,24,25,26,27], 
       [0,1,3,4,5,6,7,8,10,12,13,15,17,19,20,23,24,25,27,28], 
       [1,3,4,5,6,7,8,9,11,12,13,15,22,23,24,25,26,27,28,29], 
       [1,3,4,6,7,8,9,10,11,13,14,16,17,18,19,20,21,23,25,26], 
       [1,3,6,7,9,10,11,13,15,16,17,18,20,21,22,24,26,27,28,29], 
       [0,1,3,4,5,6,7,8,10,12,13,14,15,23,24,25,26,27,28,29], 
       [0,1,5,6,8,10,11,15,17,19,23,24,25,26,27,28,29], 
       [0,2,3,5,8,9,10,12,13,14,15,16,17,18,21,23,25,27,28], 
       [3,4,5,6,7,8,9,10,11,12,13,14,17,18,19,21,22,25,28,29], 
       [0,4,6,7,9,10,11,12,13,14,16,18,19,21,22,23,24,25,26,28], 
       [0,1,4,5,6,7,8,9,10,15,17,18,19,20,21,22,23,24,25,27], 
       [0,1,4,5,6,7,8,9,10,11,12,14,16,18,19,20,21,24,26,29], 
       [1,2,5,6,8,10,12,14,15,16,19,20,21,22,23,24,26,27,28,29], 
       [0,1,2,3,4,5,6,9,10,12,15,16,18,20,21,22,24,27,28,29], 
       [0,2,5,6,7,9,10,14,15,16,17,18,20,21,23,24,25,26,27,29], 
       [2,5,6,7,8,9,11,12,13,14,15,17,18,19,22,25,26,28,29], 
       [1,2,3,4,5,6,8,9,11,12,15,16,18,21,23,24,25,27,28,29], 
       [2,5,6,9,10,12,13,15,16,17,18,19,20,22,23,24,26,27,28,29], 
       [2,4,5,7,9,10,11,12,13,14,15,17,18,19,21,23,24,25,29], 
       [1,2,4,6,7,9,11,12,14,17,18,20,21,22,23,24,26,27,28,29], 
       [0,1,2,3,5,6,8,10,11,12,14,16,18,20,23,24,25,26,27,29], 
       [0,2,6,7,8,11,14,15,16,17,18,19,20,22,23,24,25,26,27,29], 
       [3,4,5,6,7,10,11,14,15,16,19,20,21,22,23,24,25,27,28,29], 
       [0,4,6,7,8,9,10,12,13,14,15,16,17,18,19,20,21,25,28,29], 
       [1,2,7,8,9,13,18,19,21,23,25]
     ], 
     "paginations": [
       [62,30], 
       [68,18], 
       [57,38,23], 
       [61,9], 
       [76,19], 
       [46,56,14], 
       [6], 
       [22,1], 
       [41,35], 
       [70,71,16], 
       [5,29], 
       [77,40], 
       [0,34], 
       [13,44], 
       [74,4], 
       [53,45], 
       [12,39,54], 
       [21,20,60], 
       [47], 
       [73,8], 
       [48,31,24], 
       [67,51,27], 
       [43,2], 
       [15,66,25], 
       [58,11], 
       [55,49], 
       [3,78], 
       [72,59], 
       [64,26], 
       [42,32], 
       [69,65], 
       [63,79], 
       [7,37], 
       [50,28], 
       [52,75], 
       [36,17,33], 
       [10]
     ], 
     "properSymbolCount": 0, 
     "solvers": {
       "BestFusion": 42, 
       "FirstFit": 43, 
       "GeneticGroup": 37, 
       "GeneticStandard": 40, 
       "OverloadAndRemove": 45, 
       "OverloadAndRemovePresort": 45
     }, 
     "symbolCount": 30, 
     "symbols": [0,1,2,3,4,5,6,7,8,9,10,11,12,13,14,15,16,17,18,19,20,21,22,23,24,25,26,27,28,29], 
     "tileCount": 80, 
     "tileMaxSize": 19, 
     "tileMinSize": 10, 
     "tiles": [
       [0,4,5,6,7,10,11,14,15,19,21,22,23,24,25,26,27], 
       [1,3,6,14,16,18,21,25,26,27,28,29], 
       [0,1,4,5,7,8,9,10,17,18,20,21,22,23,24,25,27], 
       [2,6,7,10,14,15,16,17,20,21,23,24,25,26,27,29], 
       [1,3,5,6,7,12,22,23,24,26,27,28,29], 
       [2,3,6,8,10,11,12,13,15,17,18,19,22,23,27,28,29], 
       [0,5,6,7,8,9,10,12,14,15,18,20,21,22,23,24,27,29], 
       [0,1,2,3,5,8,10,11,14,18,20,23,24,25,29], 
       [0,3,5,8,9,10,13,14,17,18,21,23,25,28], 
       [1,2,3,4,8,9,11,14,16,17,18,19,20,24,25,27,28], 
       [1,2,7,8,9,13,18,19,21,23,25], 
       [1,5,6,12,14,15,16,19,20,22,23,28,29], 
       [9,10,11,13,16,17,18,21,22,27,28], 
       [0,1,3,4,5,7,10,12,13,15,17,19,20,24,27], 
       [0,2,3,5,6,7,8,10,13,14,15,16,18,20,24], 
       [0,1,4,6,7,8,10,12,14,16,18,19,20,21,24,26], 
       [0,4,6,7,8,12,13,16,17,18,22,24,27], 
       [0,6,9,10,13,14,15,20,21,25,28,29], 
       [0,2,3,4,5,6,7,10,11,13,18,20,22,23,24,25,28,29], 
       [2,3,6,7,10,11,14,15,16,19,22,26,28], 
       [0,1,3,5,6,7,8,10,13,14,15,24,25,26,27,28,29], 
       [0,3,4,5,6,7,8,12,14,24,26,27,28,29], 
       [2,3,4,10,11,13,14,15,18,20,21,24,25,26,27,28], 
       [0,1,2,4,8,15,16,17,19,21,23,25,26,27], 
       [4,7,9,11,13,14,18,19,25,28,29], 
       [0,1,5,7,8,11,14,18,19,20,21,29], 
       [2,3,4,5,8,9,11,12,16,18,27,28,29], 
       [0,6,7,9,10,14,19,21,22,23,24,25,26,28], 
       [2,6,11,14,15,16,19,20,22,23,25,27,29], 
       [0,1,2,3,8,11,12,13,15,17,18,22,24,27,28,29], 
       [0,1,2,3,4,5,6,7,8,9,10,11,14,16,18,21,22,26,29], 
       [3,4,5,6,8,9,10,12,13,18,19,21,22,25,29], 
       [2,5,9,10,13,15,17,19,20,22,24,26,27,28], 
       [4,10,13,14,15,16,17,19,20,21,28,29], 
       [0,3,5,11,12,13,14,19,21,24], 
       [2,5,6,8,10,16,17,18,19,20,22,25,26,29], 
       [4,7,8,9,10,12,13,14,16,17,18,20,28,29], 
       [0,2,3,5,6,8,11,12,14,16,20,23,25,26,27], 
       [1,2,5,7,8,15,17,19,20,23,25,26,27], 
       [1,3,6,7,9,13,15,16,17,20,21,22,24,26,28], 
       [1,2,3,4,5,7,9,11,12,15,16,17,20,23,24,25,27,28,29], 
       [0,4,5,8,9,10,12,14,16,17,18,22,23,25,29], 
       [2,6,9,10,12,15,16,18,19,20,23,24,26,28,29], 
       [1,6,9,10,15,17,19,20,21,22,23,24], 
       [0,1,4,5,6,7,8,10,12,13,19,20,23,24,25,28], 
       [1,3,7,8,9,10,11,13,14,16,18,20,23,26], 
       [2,4,5,8,10,11,12,14,15,16,18,20,21,22], 
       [0,1,5,6,8,10,11,15,17,19,23,24,25,26,27,28,29], 
       [3,4,6,8,10,11,12,13,14,17,19,21,22,25], 
       [0,3,4,5,6,9,12,15,16,24,28,29], 
       [0,6,7,8,11,16,17,18,19,22,23,24,25,26,29], 
       [0,4,6,9,10,11,12,13,19,24,25,28], 
       [3,5,7,10,11,14,20,21,22,23,24,25,27,28,29], 
       [3,4,6,7,8,9,10,16,17,18,19,21,23,25,26], 
       [1,3,6,10,11,13,15,16,17,18,22,24,28,29], 
       [0,1,2,3,4,6,10,12,15,18,20,21,22,27,28,29], 
       [0,4,7,8,10,11,12,14,15,18,22,24], 
       [1,5,8,9,16,17,18,20,21,25,26,27,28], 
       [1,2,5,6,8,10,12,14,16,19,21,22,24,26,27,29], 
       [2,5,6,7,8,9,11,12,13,14,17,22,25,28,29], 
       [0,3,5,6,7,12,13,14,15,23,25,27,29], 
       [1,3,4,6,7,8,9,11,14,17,18,19,22,24,25,28], 
       [0,1,3,7,9,11,13,16,18,22,26,29], 
       [1,2,7,9,11,17,18,20,21,22,24,26,27,28,29], 
       [1,3,4,5,6,8,9,12,15,16,18,21,23,24,25,27], 
       [4,5,9,11,12,13,14,15,17,18,23,24,25,29], 
       [0,1,5,7,8,9,11,12,20,21,24,26,29], 
       [0,6,7,12,13,16,18,19,21,26,28], 
       [0,1,3,5,6,8,13,18,22,23,24,25,29], 
       [2,7,9,10,11,12,14,15,17,18,19,21,23,25,29], 
       [5,6,7,8,12,16,17,18,24,25,27,28,29], 
       [2,6,11,12,13,14,17,18,22,24,25,27,28,29], 
       [5,6,7,8,11,13,14,15,17,18,19,22,25,26,28,29], 
       [2,3,5,8,10,12,13,15,16,17,21,27,28], 
       [3,4,5,7,8,9,11,13,15,22,23,25,26,27,28], 
       [3,4,6,7,14,15,16,19,20,21,24,25,29], 
       [2,3,4,6,7,8,9,10,11,12,13,14,15,19,26,27,28,29], 
       [1,2,3,4,5,12,14,15,20,24,27], 
       [0,2,5,7,9,14,15,16,17,18,20,24,26,29], 
       [2,4,6,7,11,12,14,18,21,23,24,26,29]
     ], 
     "times": {
       "BestFusion": 0.1, 
       "FirstFit": 0.08, 
       "GeneticGroup": 131.23, 
       "GeneticStandard": 9.35, 
       "OverloadAndRemove": 2.7, 
       "OverloadAndRemovePresort": 2.69
     }
   }, 
   {
     "approximation": "GeneticGroup [2014-11-03 10:01:39]", 
     "avgMultiplicity": 13.57, 
     "capacity": 20, 
     "category": "gauss", 
     "lowerBound": 2, 
     "pageCount": 6, 
     "pages": [
       [1,3,4,5,8,9,12,13,14,17,18,20,21,22,23,24,25,26,27,28], 
       [1,3,4,5,6,7,9,11,12,15,16,17,19,21,22,23,24,26,27,29], 
       [0,2,3,5,6,7,8,10,11,13,15,17,19,23,24,25,26,27,28,29], 
       [0,1,2,3,6,7,8,9,10,11,12,13,14,18,19,22,24,27,28,29], 
       [0,1,5,6,7,10,11,12,13,15,16,18,19,20,21,22,25,26,27,29], 
       [1,2,4,6,7,8,10,11,13,14,15,16,17,18,19,20,22,23,24,25]
     ], 
     "paginations": [
       [79,70,20,77,47,9,2,32,14,24,61,3,10,55,6,64,50,33,60,44,39,16], 
       [76,49,27,46,52,68,25,15,58,66,65,73,21,28], 
       [8,56,40,37,54,4,45,71,11,0,19,30,17], 
       [7,51,41,36,38,23,72,31,59,78,67], 
       [57,1,42,63,75,29,53,26,34,18,12], 
       [62,5,13,74,35,22,43,48,69]
     ], 
     "properSymbolCount": 0, 
     "solvers": {
       "BestFusion": 8, 
       "FirstFit": 9, 
       "GeneticGroup": 6, 
       "GeneticStandard": 8, 
       "OverloadAndRemove": 8, 
       "OverloadAndRemovePresort": 7
     }, 
     "symbolCount": 30, 
     "symbols": [0,1,2,3,4,5,6,7,8,9,10,11,12,13,14,15,16,17,18,19,20,21,22,23,24,25,26,27,28,29], 
     "tileCount": 80, 
     "tileMaxSize": 10, 
     "tileMinSize": 2, 
     "tiles": [
       [5,10,11,23,24,28], 
       [7,12,18,21,25,26], 
       [4,8,17,20,22,24,27], 
       [1,13,17,20,22,26], 
       [2,6,8,15], 
       [4,6,10,15,17,23], 
       [13,18,22,26], 
       [2,10,12,14,18,19,29], 
       [0,3,8,10,11,15,26], 
       [4,12,21,23], 
       [8,9,12,23], 
       [2,5,17,27,29], 
       [13,16,21], 
       [2,14,17,25], 
       [12,22,25,27], 
       [1,9,16,19], 
       [4,17,25,26], 
       [2,13,27,28], 
       [6,10,13,18,19,22,25,29], 
       [6,8,24], 
       [4,8,14,17,22,24,26], 
       [16,26], 
       [6,11,13,16,18,23], 
       [0,12,14,18], 
       [9,17,18,21,23,24], 
       [3,6,21,23,29], 
       [1,5,11,16,19,29], 
       [7,12,17], 
       [4,11], 
       [1,6,11,13,15,18,20,27], 
       [7,8,10,24,27], 
       [1,6,14,19,22], 
       [9,13,14,18,24,25], 
       [23,25,28], 
       [0,12,18,22,26], 
       [1,2,7,16,22], 
       [6,7,14,28], 
       [0,3,11,13,26,27], 
       [3,10,19,24,27], 
       [4,9,14,23,24], 
       [3,8,10,23,28], 
       [9,10,14,22], 
       [0,16,19,20,21], 
       [2,8,10,14,20,22], 
       [1,8,25], 
       [8,19,23,25,29], 
       [4,22,26,29], 
       [20,21,25,26,27], 
       [2,8,15,17,18,19,25], 
       [4,5,7,26,27], 
       [1,5,13,20,26,28], 
       [0,1,6,7,10,11,13,14,19,24], 
       [4,7,12,19,29], 
       [6,18,26,27], 
       [0,10,11,15,17,25,29], 
       [3,20,27], 
       [2,5,6,7,13,15,19,28], 
       [1,7,25], 
       [1,11,17,19,23,26,27,29], 
       [2,7,9,18], 
       [9,17,20,24,27], 
       [1,3,5,20,21,24,26,28], 
       [6,15,17,20,24], 
       [0,7,16,19,21,27], 
       [3,5,13,14,27], 
       [6,11,29], 
       [3,7,9,12,19,22], 
       [7,8,9,22,28], 
       [6,7,15,21,24], 
       [8,10,18,20], 
       [1,14,18,22], 
       [0,3,5,11], 
       [2,8,9,13,22], 
       [1,5,15,16,21,27,29], 
       [1,4,7,10,15,18,23], 
       [5,7,21,25,27], 
       [3,7,9,12,16,21], 
       [4,12,18,24], 
       [3,7,8,12,27], 
       [4,13,17]
     ], 
     "times": {
       "BestFusion": 0.1, 
       "FirstFit": 0.08, 
       "GeneticGroup": 84.07, 
       "GeneticStandard": 8.37, 
       "OverloadAndRemove": 0.68, 
       "OverloadAndRemovePresort": 0.56
     }
   }, 
   {
     "approximation": "GeneticGroup [2014-11-03 10:01:39]", 
     "avgMultiplicity": 25.47, 
     "capacity": 20, 
     "category": "gauss", 
     "lowerBound": 2, 
     "pageCount": 17, 
     "pages": [
       [0,1,4,5,6,8,9,10,11,12,13,16,17,20,22,23,24,25,26,28], 
       [2,3,4,6,7,8,9,10,12,13,15,16,17,18,19,21,23,24,26,29], 
       [0,1,2,3,5,7,8,12,14,15,16,19,20,21,22,23,25,26,27,29], 
       [1,2,3,4,5,6,9,10,13,14,18,19,20,21,22,23,24,25,27,29], 
       [0,1,5,6,7,8,9,11,12,14,15,16,17,21,23,24,26,27,28,29], 
       [0,3,5,6,7,8,10,11,12,13,15,18,19,22,23,24,26,27,28,29], 
       [0,2,3,4,5,6,9,10,12,14,16,17,18,21,23,25,26,27,28,29], 
       [2,4,5,6,7,9,10,11,12,13,15,16,17,18,21,22,25,27,28,29], 
       [0,1,3,4,5,9,10,11,13,14,15,16,19,20,22,23,25,26,28,29], 
       [0,1,2,4,5,6,7,9,10,11,12,13,14,18,20,21,24,26,27,28], 
       [0,1,2,3,4,7,8,9,10,13,16,18,19,20,21,22,23,24,25,26], 
       [2,6,7,8,9,10,11,12,14,15,16,17,19,20,22,23,24,25,27,28], 
       [0,1,3,4,6,8,9,10,13,15,16,17,18,23,24,25,26,27,28,29], 
       [0,1,2,4,5,8,9,12,13,15,16,17,18,20,21,22,23,24,25,29], 
       [0,3,4,5,6,12,14,15,17,18,20,21,22,23,24,25,26,28,29], 
       [0,1,2,3,4,5,8,10,11,12,14,17,18,19,20,21,23,24,25,29], 
       [1,2,6,7,8,9,10,12,13,14,17,18,20,21,22,23,25,27,29]
     ], 
     "paginations": [
       [5,33,27,30,31,12,68,10], 
       [41,76,7,64,25,46], 
       [44,66,74,57,26], 
       [24,60,13,29,35,69,28], 
       [72,16,50,37], 
       [61,18,45,52,47], 
       [4,53,58,21], 
       [22,0,63,73,43], 
       [79,40,20,77], 
       [8,17,70,51], 
       [65,59,38,3,19,23], 
       [55,2,15,54], 
       [78,14,67], 
       [1,56,34], 
       [39,49,6,32], 
       [62,9,48,75], 
       [42,71,11,36]
     ], 
     "properSymbolCount": 0, 
     "solvers": {
       "BestFusion": 22, 
       "FirstFit": 22, 
       "GeneticGroup": 17, 
       "GeneticStandard": 21, 
       "OverloadAndRemove": 20, 
       "OverloadAndRemovePresort": 21
     }, 
     "symbolCount": 30, 
     "symbols": [0,1,2,3,4,5,6,7,8,9,10,11,12,13,14,15,16,17,18,19,20,21,22,23,24,25,26,27,28,29], 
     "tileCount": 80, 
     "tileMaxSize": 15, 
     "tileMinSize": 5, 
     "tiles": [
       [5,6,7,10,11,15,21,22], 
       [1,5,9,12,15,16,17,18,20,21,23,24,25], 
       [6,8,9,11,15,16,17,19,22,24,27,28], 
       [1,3,4,7,9,16,20,21,22,26], 
       [2,5,6,12,14,27,29], 
       [4,5,6,16,17,22,24,26], 
       [0,4,5,12,14,15,18,20,21,22,23,25,28], 
       [2,4,10,17,19,21,23,26,29], 
       [5,6,7,9,12,13,14,18,20,21,26,28], 
       [1,3,5,10,11,18,23,24,25], 
       [0,4,17,22,25], 
       [7,10,14,20,21,23,25,29], 
       [5,8,9,11,12,13,16,22,23,24], 
       [9,10,13,14,19], 
       [1,4,6,8,13,17,18,24,26,29], 
       [6,12,14,23,24,25], 
       [1,7,8,11,12,14,15,17,23,24,26], 
       [0,2,4,6,10,12,13,28], 
       [0,5,8,10,11,12,18,19,24,27,28,29], 
       [0,1,4,7,10,16,18,20,21,23,24], 
       [11,14,16,19,25,28], 
       [0,2,10,16,21,23,26,28,29], 
       [7,9,10,16,17,18,22,25,28,29], 
       [1,4,7,10,13,16,18,20,21,24], 
       [2,4,5,9,10,20,21,22,24,27,29], 
       [7,8,9,12,13,15,16,17,18,21,26], 
       [1,5,7,8,12,14,19,21,23,29], 
       [10,11,12,13,20,22,28], 
       [3,5,6,13,18,22,25], 
       [1,4,6,10,13,19,20,23,25,29], 
       [1,4,10,22,26,28], 
       [0,9,10,12,13,16,17,23,24,25,26,28], 
       [3,5,6,12,15,17,20,21,22,24,26], 
       [0,1,5,6,8,10,12,16,20], 
       [0,13,15,17,20,22,23,29], 
       [2,4,5,6,9,14,18,22,23,24,27], 
       [8,9,10,12,13,14,17,25,27], 
       [0,6,7,8,11,15,23,24,27,29], 
       [2,4,7,9,13,19,20], 
       [3,14,21,22,23,24,25,28,29], 
       [0,1,3,5,11,13,14,15,19,22,23,25,29], 
       [2,3,6,8,10,12,15,16,17,19,23], 
       [7,13,17,18,21,22,23,25,27], 
       [5,6,7,9,12,13,17,18,27], 
       [1,2,3,5,7,8,14,16,20,21,22,29], 
       [0,3,5,6,7,10,13,22,23,29], 
       [6,13,15,16,24,29], 
       [0,3,6,8,11,12,13,18,26,27,28], 
       [4,5,8,11,12,19,21,23,24,25,29], 
       [0,4,6,14,20,23,25,26,28], 
       [0,5,6,9,11,12,14,15,16,17,21,23,26,28,29], 
       [2,4,5,6,7,9,11,21,24,28], 
       [0,3,10,12,13,15,23,24,26], 
       [0,2,3,5,9,10,12,14,16,18,21,25,26,27,29], 
       [6,9,12,17,22,23,24,25,27], 
       [2,7,10,11,20,22,25,27], 
       [1,2,4,8,12,15,17,18,20,21,22,23], 
       [0,2,3,12,15,19,22,23,25,26,29], 
       [0,3,4,5,6,16,17,25,27,28,29], 
       [0,3,4,9,10,20,23,24,25,26], 
       [1,3,13,14,19,21,23,27,29], 
       [0,12,18,22,23,27,28,29], 
       [1,2,4,5,8,14,19], 
       [2,4,5,6,9,10,11,12,15,16], 
       [3,6,9,15,16,18,19,21,23,24,26], 
       [1,2,3,4,7,8,9,10,16,18,19,26], 
       [1,3,7,8,12,15,16,22,23,25,26,27], 
       [0,3,9,15,16,18,23,25], 
       [4,5,9,10,12,17,25,26,28], 
       [4,9,10,13,14,21,25,27,29], 
       [1,2,7,14,20,26,27,28], 
       [1,2,6,7,8,21,22,23,29], 
       [6,7,8,11,14,17,23,24,26,29], 
       [2,4,7,13,15,18,22,28], 
       [0,3,8,14,20,23,29], 
       [0,1,3,4,8,11,17,19,20,29], 
       [8,9,10,15,21,23], 
       [0,1,4,11,15,16,19,20,22,26,28,29], 
       [1,10,13,15,16,25,26,27,28], 
       [0,5,9,10,15,22,23,25,28]
     ], 
     "times": {
       "BestFusion": 0.08, 
       "FirstFit": 0.06, 
       "GeneticGroup": 97.43, 
       "GeneticStandard": 8.0, 
       "OverloadAndRemove": 1.29, 
       "OverloadAndRemovePresort": 1.21
     }
   }, 
   {
     "approximation": "GeneticGroup [2014-11-03 10:01:39]", 
     "avgMultiplicity": 38.67, 
     "capacity": 20, 
     "category": "gauss", 
     "lowerBound": 2, 
     "pageCount": 38, 
     "pages": [
       [1,2,3,6,8,10,11,12,15,16,17,19,21,22,23,24,25,26,27,29], 
       [0,1,4,5,6,8,9,11,12,13,16,17,19,20,21,24,26,27,28,29], 
       [0,1,2,5,7,8,10,12,14,15,18,19,20,21,22,23,24,26,28,29], 
       [1,3,5,7,8,9,10,11,12,13,14,16,17,20,21,22,24,26,27,29], 
       [2,3,4,5,6,7,8,10,11,14,16,17,18,19,20,21,23,26,28,29], 
       [0,1,3,4,6,8,9,11,12,14,15,18,19,20,21,22,23,24,29], 
       [0,1,2,4,5,6,7,8,13,15,16,18,19,23,24,25,26,27,29], 
       [0,1,3,4,6,7,8,9,10,11,12,13,14,16,18,19,23,24,27,28], 
       [0,1,4,5,6,8,9,10,14,15,16,17,18,19,21,22,23,25,28,29], 
       [0,3,5,6,8,9,10,12,15,16,17,19,20,21,22,23,24,26,28,29], 
       [0,1,2,3,4,5,8,9,10,12,13,15,16,20,21,22,23,24,25,28], 
       [0,3,4,6,7,9,10,11,13,14,17,19,20,21,23,24,25,26,27,29], 
       [1,2,3,8,9,10,11,12,13,15,17,18,20,21,22,23,25,26,27], 
       [0,1,2,3,4,6,7,11,13,14,15,16,20,21,22,23,24,25,27,29], 
       [0,1,3,5,7,8,10,11,12,14,15,19,20,21,22,23,25,26,27,28], 
       [0,3,4,5,6,9,12,13,14,15,16,17,20,21,22,23,24,25,26,29], 
       [0,1,2,3,4,5,7,9,10,13,15,16,17,18,19,21,22,25,27,29], 
       [0,1,2,4,7,8,9,10,11,14,16,17,18,19,21,22,25,26,28,29], 
       [0,1,2,3,4,5,6,7,9,11,12,13,14,19,20,21,24,25,27,29], 
       [0,1,4,5,7,9,11,13,15,17,19,20,21,22,26,27,28,29], 
       [1,2,3,4,5,6,7,9,12,13,15,17,18,19,21,22,23,24,25,29], 
       [0,2,4,7,9,10,11,12,13,15,18,20,21,23,24,25,26,27,28,29], 
       [0,1,2,3,5,7,8,11,12,13,15,16,17,18,19,20,21,24,28,29], 
       [0,1,4,5,7,8,9,13,14,17,18,20,21,22,23,25,26,27,28,29], 
       [0,2,4,5,7,8,10,11,14,15,16,17,18,19,21,23,24,25,27,29], 
       [0,1,4,5,10,12,13,14,17,18,19,20,21,22,23,24,26,27,28,29], 
       [2,3,4,7,8,9,11,12,13,14,17,20,22,23,24,25,26,27,28,29], 
       [0,3,4,5,8,10,11,13,15,17,19,20,22,23,25,26,27,28,29], 
       [1,2,4,7,8,9,10,11,13,15,16,18,19,20,23,25,26,27,28,29], 
       [1,2,3,4,8,11,12,13,15,16,17,18,19,20,21,22,24,27,28,29], 
       [1,2,3,4,5,6,7,8,9,11,12,14,16,17,18,19,20,22,23,28], 
       [0,1,2,3,6,7,8,9,10,11,13,14,20,23,24,25,26,29], 
       [0,1,3,6,7,10,13,14,15,16,17,18,21,23,24,25,26,27,28,29], 
       [4,5,6,8,9,11,12,13,14,15,17,18,20,21,22,23,24,25,27,28], 
       [1,2,4,6,7,8,9,11,12,13,15,16,20,21,22,23,24,25,27,29], 
       [1,2,4,5,6,10,12,14,15,17,20,22,24,25,27,29], 
       [3,4,5,8,9,10,12,16,17,18,19,20,21,23,24,26,27,28,29], 
       [1,2,3,4,6,9,10,11,12,13,14,15,16,17,18,20,22,25,26,29]
     ], 
     "paginations": [
       [65,70,57], 
       [13,45,27], 
       [43,9], 
       [59,71,75], 
       [7,64], 
       [30,12], 
       [1,20], 
       [55,17], 
       [62,76,56], 
       [77,31], 
       [26,21,11], 
       [32,68], 
       [78,79], 
       [49,53], 
       [24,67], 
       [16,72], 
       [23,63,37], 
       [19,69], 
       [8,74], 
       [46], 
       [73,50], 
       [10,29,48], 
       [34,18], 
       [52,42], 
       [66,2], 
       [54,14], 
       [41,28], 
       [61,5], 
       [15,51], 
       [40,39], 
       [35,0], 
       [44], 
       [6,36], 
       [58,47], 
       [60,22], 
       [25], 
       [3,4], 
       [33,38]
     ], 
     "properSymbolCount": 0, 
     "solvers": {
       "BestFusion": 43, 
       "FirstFit": 45, 
       "GeneticGroup": 38, 
       "GeneticStandard": 43, 
       "OverloadAndRemove": 52, 
       "OverloadAndRemovePresort": 49
     }, 
     "symbolCount": 30, 
     "symbols": [0,1,2,3,4,5,6,7,8,9,10,11,12,13,14,15,16,17,18,19,20,21,22,23,24,25,26,27,28,29], 
     "tileCount": 80, 
     "tileMaxSize": 18, 
     "tileMinSize": 9, 
     "tiles": [
       [1,2,5,6,7,8,9,12,14,17,19,20,22,23,28], 
       [0,1,4,8,13,15,16,18,23,24,26,27,29], 
       [0,2,4,7,8,10,17,23,24,29], 
       [3,5,8,9,10,12,16,17,18,19,20,23,24,26,27,28,29], 
       [3,4,5,9,16,20,21,23,24,26,27,29], 
       [3,4,5,8,10,11,17,19,22,25,26,28,29], 
       [0,1,3,6,10,13,14,15,16,17,18,21,23,24,25,26,27,29], 
       [2,3,4,5,7,8,10,14,16,18,19,20,23,26,28], 
       [0,2,3,4,6,7,9,11,12,14,19,21,24,25,27,29], 
       [0,1,2,8,10,12,15,18,20,21,23,24,26,28,29], 
       [0,10,12,13,15,18,20,21,23,24,25,26,27,28,29], 
       [1,2,4,5,10,13,15,22,28], 
       [0,3,4,6,9,12,22,23,24], 
       [0,1,4,6,9,11,12,13,16,19,20,21,24,26,27], 
       [1,4,5,10,12,13,14,17,18,19,20,21,22,23,24,26,29], 
       [1,2,4,7,8,10,11,13,15,18,19,23,25,26,27], 
       [6,12,13,14,15,16,17,20,21,22,23,24,25,26,29], 
       [0,4,7,8,9,10,11,13,14,16,18,19,24], 
       [0,1,3,5,7,11,12,13,15,17,18,19,20,21,24,28,29], 
       [0,1,2,4,7,8,9,10,16,17,18,19,21,22,25,26,28], 
       [0,1,2,4,5,6,7,15,16,19,23,24,25,26,27,29], 
       [0,1,3,4,5,8,9,10,12,13,16,20,21,22,23,24,28], 
       [2,6,7,9,11,12,13,15,16,20,22,23,24,27,29], 
       [0,1,4,5,7,13,17,18,19,21,22,25,27], 
       [0,3,5,8,10,14,15,20,21,22,25,26,27,28], 
       [1,2,4,5,6,10,12,14,15,17,20,22,24,25,27,29], 
       [0,2,4,5,8,9,10,15,16,20,21,24,25,28], 
       [0,1,5,8,9,11,12,13,16,17,20,21,24,26,27,28,29], 
       [2,8,9,11,14,20,22,23,24,27,29], 
       [0,2,4,7,11,13,15,18,20,21,23,24,26,27,28,29], 
       [0,1,4,6,8,9,11,12,14,15,18,19,20,21,23,24,29], 
       [0,3,5,6,9,15,20,21,22,24,26,29], 
       [3,4,6,7,9,10,11,13,14,17,19,20,23,24,26,27], 
       [1,3,4,6,9,10,12,13,14,15,16,18,20,22,25,26,29], 
       [2,3,5,7,8,12,16,17,18,24,28,29], 
       [2,3,4,5,6,7,9,11,12,16,17,18,19,20], 
       [1,7,10,13,14,17,18,23,24,25,26,27,28,29], 
       [0,1,2,9,10,15,17,19,21,22,27,29], 
       [2,3,6,9,10,11,13,14,16,17,20,22,26,29], 
       [1,4,8,11,12,13,15,17,18,19,22,24,27,28,29], 
       [2,3,4,8,12,13,16,17,19,20,21,22,24,27,29], 
       [2,3,4,7,9,11,12,13,14,17,20,22,24,25,26,27,28,29], 
       [0,4,5,7,9,14,17,21,22,23,25,27,28,29], 
       [0,1,5,7,8,10,14,15,18,19,20,22,23,24,26,29], 
       [0,1,2,3,6,7,8,9,10,11,13,14,20,23,24,25,26,29], 
       [0,4,6,9,11,13,17,20,24], 
       [0,1,4,5,7,9,11,13,15,17,19,20,21,22,26,27,28,29], 
       [4,5,6,8,9,11,12,15,17,18,23,25,27], 
       [2,4,7,9,10,12,13,15,20,21,24,26,27,28,29], 
       [0,1,2,3,4,6,7,11,13,15,20,21,22,24,27,29], 
       [1,2,3,6,7,9,12,13,15,17,18,19,21,22,23,25,29], 
       [4,8,9,10,11,13,15,16,19,20,23,25,27,28,29], 
       [1,5,8,13,14,18,20,21,25,26,27,28,29], 
       [0,1,3,4,6,11,14,16,20,21,22,23,24,25,27], 
       [0,4,10,14,17,21,22,23,24,27,28,29], 
       [0,1,3,4,6,7,12,13,14,16,18,19,23,24,27,28], 
       [0,1,4,5,6,8,9,14,16,17,18,23,25], 
       [1,3,6,12,17,19,23,24,25,26,29], 
       [5,6,9,11,12,13,14,17,18,20,21,22,23,24,25,27,28], 
       [1,3,5,7,8,10,11,12,13,14,17,20,22,24,27,29], 
       [1,2,4,6,8,9,11,12,13,16,21,22,23,25,27,29], 
       [0,3,4,5,8,11,13,15,17,19,20,22,23,26,27,28], 
       [4,5,6,8,9,10,15,17,18,19,21,23,25,28,29], 
       [0,2,3,5,7,9,10,13,15,16,17,18,21,27,29], 
       [2,4,5,6,8,10,11,14,16,17,20,21,28,29], 
       [2,3,6,10,11,12,15,16,19,21,22,23,24,26,27], 
       [0,5,7,8,10,11,14,15,16,17,18,19,21,24,25,27,29], 
       [0,1,3,5,7,11,12,14,15,19,21,23,25,26], 
       [0,4,6,9,10,14,17,19,20,21,24,25,26,29], 
       [7,9,10,11,14,16,17,18,21,26,28,29], 
       [1,6,8,10,11,12,15,16,19,21,22,23,25,26,27], 
       [5,7,8,9,10,11,14,16,17,21,22,24,29], 
       [0,3,4,5,6,9,13,14,21,22,23,24,25,26,29], 
       [1,2,4,5,6,9,12,13,17,19,21,22,23,24,29], 
       [1,4,5,6,7,11,13,19,20,21,24,25,27,29], 
       [1,3,5,10,12,13,17,22,26], 
       [0,1,5,9,14,16,17,19,21,22,23,28], 
       [0,3,5,6,8,9,10,12,16,17,19,20,21,22,23,26,28,29], 
       [1,2,3,8,11,12,18,20,22,26], 
       [1,2,3,8,9,10,12,13,15,17,20,21,23,25,26,27]
     ], 
     "times": {
       "BestFusion": 0.09, 
       "FirstFit": 0.07, 
       "GeneticGroup": 123.96, 
       "GeneticStandard": 9.42, 
       "OverloadAndRemove": 2.69, 
       "OverloadAndRemovePresort": 2.56
     }
   }
 ]