[
   {
     "approximation": "GeneticGroup [2016-02-18 13:10:35]", 
     "avgMultiplicity": 3.29, 
     "capacity": 20, 
     "category": "gauss", 
     "cplexLB": null, 
     "cplexOpt": null, 
     "cplexUB": null, 
     "lowerBound": 4, 
     "pageCount": 10, 
     "pages": [
       [1,9,14,17,19,27,28,30,39,46,49,50,52,53,55,57,63,64], 
       [5,7,9,12,13,14,22,23,26,28,29,34,37,38,47,49,52,58,59,63], 
       [9,10,11,12,17,19,25,28,35,37,39,41,43,44,51,52,56,59,62,63], 
       [2,3,4,11,13,14,15,16,20,26,27,30,33,36,43,56,59,60,61], 
       [1,2,6,7,8,18,20,24,32,34,37,40,42,43,47,49,50,51,60,61], 
       [4,6,10,20,22,25,26,27,28,29,32,34,36,42,52,53,56,57,59], 
       [0,3,4,5,12,13,21,22,29,30,36,38,39,43,45,48,51,54,55,58], 
       [3,7,10,12,18,20,22,26,29,34,35,37,38,39,40,48,54,60,61,63], 
       [7,13,17,18,21,22,23,25,31,35,41,42,44,46,47,53,54,61,63], 
       [2,10,22,24,37,49,51,57,59,62]
     ], 
     "paginations": [
       [4,8], 
       [3,15], 
       [7,16,11], 
       [17,1], 
       [9,19], 
       [12,6], 
       [10,0], 
       [2,18], 
       [5,14], 
       [13]
     ], 
     "properSymbolCount": 6, 
     "solvers": {
       "BestFusion": 11, 
       "FirstFit": 11, 
       "GeneticGroup": 10, 
       "GeneticStandard": 10, 
       "OverloadAndRemove": 12, 
       "OverloadAndRemovePresort": 13
     }, 
     "symbolCount": 65, 
     "symbols": [0,1,2,3,4,5,6,7,8,9,10,11,12,13,14,15,16,17,18,19,20,21,22,23,24,25,26,27,28,29,30,31,32,33,34,35,36,37,38,39,40,41,42,43,44,45,46,47,48,49,50,51,52,53,54,55,56,57,58,59,60,61,62,63,64], 
     "tileCount": 20, 
     "tileMaxSize": 17, 
     "tileMinSize": 4, 
     "tiles": [
       [5,12,13,21,22,29,36,39,43,45,51,54,55,58], 
       [11,13,15,16,20,26,27,30,33,36,56,60,61], 
       [3,7,10,12,18,20,22,26,29,34,35,37,38,40,54,61,63], 
       [22,23,34,47,49,52,58,59,63], 
       [1,9,14,17,27,28,30,39,49,52,63,64], 
       [7,13,18,21,23,31,35,41,42,44,46,47,53,61,63], 
       [4,6,27,29,32,36,52,59], 
       [19,41,43,44], 
       [9,19,27,46,49,50,53,55,57], 
       [1,8,18,20,32,42,43,47,49,60,61], 
       [0,3,4,13,22,30,38,48,55], 
       [10,12,39,44], 
       [6,10,20,22,25,26,27,28,32,34,36,42,52,53,56,57], 
       [2,10,22,24,37,49,51,57,59,62], 
       [17,22,25,31,53,54,63], 
       [5,7,9,12,13,14,26,28,29,37,38,49,58], 
       [9,11,17,19,25,28,35,37,44,51,52,56,59,62,63], 
       [2,3,4,11,14,33,43,59,60], 
       [10,22,26,38,39,48,60], 
       [1,2,6,7,18,24,34,37,40,47,50,51]
     ], 
     "times": {
       "BestFusion": 0.01, 
       "FirstFit": 0.01, 
       "GeneticGroup": 23.65, 
       "GeneticStandard": 2.4, 
       "OverloadAndRemove": 0.12, 
       "OverloadAndRemovePresort": 0.13
     }
   }, 
   {
     "approximation": "GeneticGroup [2016-02-18 13:10:35]", 
     "avgMultiplicity": 3.11, 
     "capacity": 20, 
     "category": "gauss", 
     "cplexLB": null, 
     "cplexOpt": null, 
     "cplexUB": null, 
     "lowerBound": 4, 
     "pageCount": 9, 
     "pages": [
       [0,1,5,12,13,19,23,27,29,30,32,33,39,41,45,54,56,57,63,64], 
       [0,1,3,5,6,9,11,17,18,20,34,36,37,42,52,54,57,58,63], 
       [2,4,11,13,15,16,22,24,29,30,31,32,37,45,47,49,54,55,58,59], 
       [4,6,7,10,11,21,27,31,32,34,39,44,48,51,54,58,61,62,63,64], 
       [0,1,2,4,7,11,14,15,20,22,23,33,35,40,45,47,50,51,57,58], 
       [8,15,20,21,22,23,25,27,28,32,35,44,46,54,56,57,59,60,61,63], 
       [2,3,5,8,9,17,27,29,33,37,40,43,44,46,50,54,55,59,63,64], 
       [0,2,3,5,14,17,23,25,28,33,38,39,46,47,50,51,53,61,63,64], 
       [2,3,8,12,13,14,15,16,18,20,26,28,30,31,47,53,58,60,62,64]
     ], 
     "paginations": [
       [11,12,3], 
       [13,1], 
       [5,16], 
       [7,6], 
       [0,18], 
       [2,14], 
       [19,15], 
       [9,10,4], 
       [8,17]
     ], 
     "properSymbolCount": 9, 
     "solvers": {
       "BestFusion": 10, 
       "FirstFit": 11, 
       "GeneticGroup": 9, 
       "GeneticStandard": 10, 
       "OverloadAndRemove": 11, 
       "OverloadAndRemovePresort": 11
     }, 
     "symbolCount": 65, 
     "symbols": [0,1,2,3,4,5,6,7,8,9,10,11,12,13,14,15,16,17,18,19,20,21,22,23,24,25,26,27,28,29,30,31,32,33,34,35,36,37,38,39,40,41,42,43,44,45,46,47,48,49,50,51,52,53,54,55,56,57,58,59,60,61,62,63,64], 
     "tileCount": 20, 
     "tileMaxSize": 17, 
     "tileMinSize": 2, 
     "tiles": [
       [0,1,2,7,22,23,35,58], 
       [20,34], 
       [8,20,21,22,25,32,35,44,46,54,56,57,59,61,63], 
       [12,19,23,27,56,57], 
       [2,3,17,23,28,38,53,63], 
       [2,11,13,16,22,24,29,31,32,37,45,47,49,54,58,59], 
       [6,10,11,21,31,32,39,44,51,58,63], 
       [4,7,27,34,44,48,51,54,61,62,64], 
       [8,14,18,26,28,53,58,62,64], 
       [14,23,33,38,39,47,51,61,64], 
       [0,5,14,25,33,46,47,50,53], 
       [5,13,23,27,32,33,39,41,45,63,64], 
       [0,1,19,27,29,30,45,54], 
       [0,1,3,5,6,9,11,17,18,36,37,42,52,54,57,58,63], 
       [15,20,23,27,28,60,61], 
       [27,29,33,37,43,50,54,55,63,64], 
       [2,4,15,30,47,55], 
       [2,3,8,12,13,15,16,20,26,28,30,31,47,60], 
       [4,7,11,14,15,20,33,35,40,45,47,50,51,57], 
       [2,3,5,8,9,17,29,40,44,46,59]
     ], 
     "times": {
       "BestFusion": 0.01, 
       "FirstFit": 0.01, 
       "GeneticGroup": 22.45, 
       "GeneticStandard": 1.99, 
       "OverloadAndRemove": 0.13, 
       "OverloadAndRemovePresort": 0.11
     }
   }, 
   {
     "approximation": "OverloadAndRemovePresort [2016-02-18 13:10:35]", 
     "avgMultiplicity": 4.15, 
     "capacity": 20, 
     "category": "gauss", 
     "cplexLB": null, 
     "cplexOpt": null, 
     "cplexUB": null, 
     "lowerBound": 4, 
     "pageCount": 16, 
     "pages": [
       [3,7,9,12,13,19,25,29,30,35,37,42,46,51,53,57,58,61,63], 
       [0,1,6,9,14,16,17,18,19,23,27,28,31,45,50,57,61], 
       [1,2,11,17,21,22,23,25,26,29,30,39,41,45,47,49,51,54,61,63], 
       [1,9,10,21,27,30,32,34,37,40,46,47,48,55,56,58,59,60,62,64], 
       [3,4,12,15,19,24,30,32,33,35,49,50,59], 
       [5,7,8,11,16,21,27,40,41,47,50,60,61,63], 
       [0,6,7,9,23,26,33,34,35,48,52,57,58,61], 
       [4,9,11,12,20,28,31,32,36,40,41,43,46,48,55,64], 
       [3,5,11,12,13,14,15,26,31,32,40,42,44,45,46,61,64], 
       [1,8,11,13,15,23,25,26,28,31,35,46,51,59,62,64], 
       [7,8,9,15,19,25,27,29,31,36,38,47,48,50,59,61], 
       [0,1,9,11,22,25,31,33,35,36,37,49,50,52,58], 
       [0,3,5,10,11,13,29,33,35,36,39,43,46,53,62], 
       [2,3,6,17,18,23,27,34,39,43,44,53,61,62,64], 
       [2,8,21,24,27,28,29,38,39,45,52,57,58,62], 
       [2,3,5,6,21,24,29,30,39,41,45,55,60,63]
     ], 
     "paginations": [
       [2,19], 
       [8,4], 
       [11,18], 
       [9,0], 
       [13], 
       [16], 
       [3], 
       [6], 
       [5], 
       [14], 
       [15], 
       [7], 
       [17], 
       [12], 
       [1], 
       [10]
     ], 
     "properSymbolCount": 3, 
     "solvers": {
       "BestFusion": 16, 
       "FirstFit": 17, 
       "GeneticGroup": 16, 
       "GeneticStandard": 16, 
       "OverloadAndRemove": 16, 
       "OverloadAndRemovePresort": 16
     }, 
     "symbolCount": 65, 
     "symbols": [0,1,2,3,4,5,6,7,8,9,10,11,12,13,14,15,16,17,18,19,20,21,22,23,24,25,26,27,28,29,30,31,32,33,34,35,36,37,38,39,40,41,42,43,44,45,46,47,48,49,50,51,52,53,54,55,56,57,58,59,60,61,62,63,64], 
     "tileCount": 20, 
     "tileMaxSize": 17, 
     "tileMinSize": 4, 
     "tiles": [
       [1,9,10,27,30,32,46,47,55,56,58,60,62,64], 
       [2,8,21,24,27,28,29,38,39,45,52,57,58,62], 
       [7,19,29,30,42,46,53,57,58,61,63], 
       [0,6,7,9,23,26,33,34,35,48,52,57,58,61], 
       [0,1,6,9,14,16,17,18,19,23,27,28,31,45,50,61], 
       [3,5,11,12,13,14,15,26,31,32,40,42,44,45,46,61,64], 
       [4,9,11,12,20,28,31,32,36,40,41,43,46,48,55,64], 
       [0,1,9,11,22,25,31,33,35,36,37,49,50,52,58], 
       [19,27,45,57], 
       [10,21,34,37,40,47,48,55,58,59,62,64], 
       [2,3,5,6,21,24,29,30,39,41,45,55,60,63], 
       [11,26,29,41,45,47,49,51], 
       [2,3,6,17,18,23,27,34,39,43,44,53,61,62,64], 
       [3,4,12,15,19,24,30,32,33,35,49,50,59], 
       [1,8,11,13,15,23,25,26,28,31,35,46,51,59,62,64], 
       [7,8,9,15,19,25,27,29,31,36,38,47,48,50,59,61], 
       [5,7,8,11,16,21,27,40,41,47,50,60,61,63], 
       [0,3,5,10,11,13,29,33,35,36,39,43,46,53,62], 
       [1,2,17,21,22,23,25,29,30,39,41,49,54,61,63], 
       [3,7,9,12,13,25,30,35,37,42,51]
     ], 
     "times": {
       "BestFusion": 0.02, 
       "FirstFit": 0.01, 
       "GeneticGroup": 27.68, 
       "GeneticStandard": 2.23, 
       "OverloadAndRemove": 0.19, 
       "OverloadAndRemovePresort": 0.18
     }
   }, 
   {
     "approximation": "GeneticGroup [2016-02-18 13:10:35]", 
     "avgMultiplicity": 3.12, 
     "capacity": 20, 
     "category": "gauss", 
     "cplexLB": null, 
     "cplexOpt": null, 
     "cplexUB": null, 
     "lowerBound": 4, 
     "pageCount": 9, 
     "pages": [
       [2,4,6,10,12,16,18,19,23,25,30,31,33,37,44,45,52,54,57,58], 
       [2,3,9,10,13,19,21,23,30,31,34,42,43,48,49,51,55,56,61], 
       [2,3,5,6,10,14,16,17,27,28,34,39,46,50,54,56,57,59,61,63], 
       [0,6,9,12,14,20,22,23,25,28,29,31,32,35,39,43,44,47,60,64], 
       [0,5,11,14,15,16,19,20,21,29,30,34,44,49,52,57,58,59,62,64], 
       [7,9,13,18,20,22,23,24,26,37,40,41,48,50,56,60,63], 
       [0,5,14,15,18,23,24,26,28,30,40,43,45,48,50,51,54,59,60], 
       [3,4,5,9,13,15,22,23,36,37,38,43,45,47,48,52,53,54,59,62], 
       [1,2,4,8,13,19,21,23,29,31,36,37,39,42,43,49,51,53,55,63]
     ], 
     "paginations": [
       [6,14,0], 
       [18,5], 
       [3,10,12], 
       [7,8], 
       [13,9], 
       [17], 
       [2,15], 
       [11,1,16], 
       [19,4]
     ], 
     "properSymbolCount": 9, 
     "solvers": {
       "BestFusion": 10, 
       "FirstFit": 11, 
       "GeneticGroup": 9, 
       "GeneticStandard": 10, 
       "OverloadAndRemove": 11, 
       "OverloadAndRemovePresort": 12
     }, 
     "symbolCount": 65, 
     "symbols": [0,1,2,3,4,5,6,7,8,9,10,11,12,13,14,15,16,17,18,19,20,21,22,23,24,25,26,27,28,29,30,31,32,33,34,35,36,37,38,39,40,41,42,43,44,45,46,47,48,49,50,51,52,53,54,55,56,57,58,59,60,61,62,63,64], 
     "tileCount": 20, 
     "tileMaxSize": 17, 
     "tileMinSize": 3, 
     "tiles": [
       [6,12,19,23,30,44,54,57,58], 
       [38,43,45,48,53,62], 
       [0,5,14,18,23,24,26,40,43,45,48,50,59,60], 
       [10,14,17,27,28,46,50,54,56,59,61,63], 
       [8,21,23,31,36,39,42,43,55,63], 
       [2,3,9,10,13,19,21,30,34,42,43,49,51,55,56,61], 
       [10,18,37,52,54], 
       [0,22,23,25,28,32,35,43,44,60], 
       [6,9,12,14,20,29,31,32,35,39,47,60,64], 
       [5,11,14,19,20,21,30,44,57,64], 
       [2,3,6,10,34,39,54,57,59], 
       [3,5,9,13,15,23,36,37,45,47,48,52,54], 
       [3,5,16], 
       [0,11,15,16,29,34,49,52,58,59,62,64], 
       [2,4,12,16,19,23,25,31,33,45,54], 
       [14,15,18,26,28,30,40,51,54,60], 
       [4,15,22,59,62], 
       [7,9,13,18,20,22,23,24,26,37,40,41,48,50,56,60,63], 
       [10,21,23,31,42,48,51], 
       [1,2,4,13,19,29,37,49,51,53,55]
     ], 
     "times": {
       "BestFusion": 0.01, 
       "FirstFit": 0.01, 
       "GeneticGroup": 23.36, 
       "GeneticStandard": 1.97, 
       "OverloadAndRemove": 0.12, 
       "OverloadAndRemovePresort": 0.11
     }
   }, 
   {
     "approximation": "FirstFit [2016-02-18 13:10:35]", 
     "avgMultiplicity": 3.86, 
     "capacity": 20, 
     "category": "gauss", 
     "cplexLB": null, 
     "cplexOpt": null, 
     "cplexUB": null, 
     "lowerBound": 4, 
     "pageCount": 14, 
     "pages": [
       [4,6,9,10,14,17,24,33,37,38,40,48,50,55,57,59], 
       [1,4,5,17,18,19,22,28,29,34,36,41,45,50,54,56,58,59,63,64], 
       [8,10,14,15,16,17,18,19,21,24,26,30,32,36,45,63], 
       [4,16,18,20,25,27,28,29,32,36,37,44,46,47,48,51,53,56,61,63], 
       [4,6,7,9,12,19,30,34,42,51,52,59,61,64], 
       [1,4,7,11,15,16,20,24,28,35,41,52,54,57], 
       [0,3,4,5,11,12,19,20,29,31,35,38,44,47,49,54,56,58,62,63], 
       [4,7,14,15,16,17,23,24,32,39,41,54,60,62], 
       [1,4,8,10,17,18,19,21,27,28,30,31,36,38,41,46,49,54], 
       [0,7,9,10,16,20,25,29,30,41,42,45,46,47,48,54,59,62,63,64], 
       [1,2,10,13,14,18,22,25,26,27,29,31,42,44,49,61,63], 
       [1,4,10,14,24,29,30,31,32,33,34,37,44,50,57,61,64], 
       [1,14,17,23,27,28,29,33,35,42,43,52,53,54,58,60,61,62,63,64], 
       [0,8,17,19,23,24,27,30,35,37,38,40,47,52,54]
     ], 
     "paginations": [
       [0,1], 
       [2,19], 
       [3], 
       [4,8], 
       [5], 
       [6], 
       [7,9], 
       [10], 
       [11], 
       [12,13], 
       [14], 
       [15], 
       [16,18], 
       [17]
     ], 
     "properSymbolCount": 6, 
     "solvers": {
       "BestFusion": 14, 
       "FirstFit": 14, 
       "GeneticGroup": 14, 
       "GeneticStandard": 14, 
       "OverloadAndRemove": 15, 
       "OverloadAndRemovePresort": 15
     }, 
     "symbolCount": 65, 
     "symbols": [0,1,2,3,4,5,6,7,8,9,10,11,12,13,14,15,16,17,18,19,20,21,22,23,24,25,26,27,28,29,30,31,32,33,34,35,36,37,38,39,40,41,42,43,44,45,46,47,48,49,50,51,52,53,54,55,56,57,58,59,60,61,62,63,64], 
     "tileCount": 20, 
     "tileMaxSize": 18, 
     "tileMinSize": 3, 
     "tiles": [
       [4,6,14,17,33,37,38,40,48,50,55,57,59], 
       [9,10,24], 
       [1,4,17,18,19,22,28,29,34,36,41,45,50,54,58,59], 
       [8,10,14,15,16,17,18,19,21,24,26,30,32,36,45,63], 
       [18,25,27,36,37,46,48,51], 
       [4,6,7,9,12,19,30,34,42,51,52,59,61,64], 
       [1,4,7,11,15,16,20,24,28,35,41,52,54,57], 
       [3,4,5,19,20,29,31,35,44,54,58,62,63], 
       [4,16,20,28,29,32,44,46,47,48,53,56,61,63], 
       [0,11,12,31,38,47,49,54,56,62,63], 
       [4,7,14,15,16,17,23,24,32,39,41,54,60,62], 
       [1,4,8,10,17,18,19,21,27,28,30,31,36,38,41,46,49,54], 
       [7,9,10,25,41,45,46,48,62,64], 
       [0,16,20,29,30,41,42,47,54,59,63], 
       [1,2,10,13,14,18,22,25,26,27,29,31,42,44,49,61,63], 
       [1,4,10,14,24,29,30,31,32,33,34,37,44,50,57,61,64], 
       [1,14,17,27,33,35,42,53,54,58,64], 
       [0,8,17,19,23,24,27,30,35,37,38,40,47,52,54], 
       [23,28,29,35,43,52,60,61,62,63], 
       [5,41,56,59,63,64]
     ], 
     "times": {
       "BestFusion": 0.02, 
       "FirstFit": 0.01, 
       "GeneticGroup": 25.81, 
       "GeneticStandard": 2.24, 
       "OverloadAndRemove": 0.16, 
       "OverloadAndRemovePresort": 0.15
     }
   }, 
   {
     "approximation": "GeneticGroup [2016-02-18 13:10:35]", 
     "avgMultiplicity": 4.26, 
     "capacity": 20, 
     "category": "gauss", 
     "cplexLB": null, 
     "cplexOpt": null, 
     "cplexUB": null, 
     "lowerBound": 4, 
     "pageCount": 16, 
     "pages": [
       [10,11,13,14,17,19,21,23,27,28,30,33,36,43,45,47,50,52,55,59], 
       [2,13,15,16,18,20,26,33,34,36,39,40,41,44,51,54,58,64], 
       [2,3,6,8,11,18,20,23,31,43,52,53,58,59,64], 
       [2,3,14,15,17,29,38,44,47,49,53,54,57,63], 
       [1,2,3,4,6,9,14,21,26,27,29,31,33,35,40,43,44,45,48], 
       [0,5,11,13,17,18,22,26,28,36,37,38,39,43,47,51,53,54], 
       [0,2,4,6,9,18,20,21,22,27,39,47,57,59,61,63], 
       [1,2,4,5,12,14,19,27,28,34,38,40,42,49,52,53,54,55,60], 
       [3,7,11,13,14,16,17,22,25,38,40,42,45,48,49,53,56,58,61], 
       [0,4,6,8,17,18,19,26,32,37,45,46,64], 
       [6,13,15,16,26,29,33,38,47,48,52,55], 
       [2,5,6,17,19,25,34,35,50,61,62], 
       [4,7,9,14,17,24,25,32,36,41,43,47,53,63], 
       [3,5,7,8,9,15,23,25,30,32,37,40,42,43,51,52,61,64], 
       [0,1,5,9,11,14,19,23,25,31,34,35,38,43,50,57,59,62], 
       [1,2,3,13,15,19,23,25,29,30,34,39,44,46,49,52,62,63]
     ], 
     "paginations": [
       [4,11], 
       [14], 
       [2], 
       [1], 
       [13,15], 
       [12], 
       [16], 
       [19,6], 
       [5,9], 
       [17], 
       [18], 
       [10], 
       [3], 
       [8], 
       [7], 
       [0]
     ], 
     "properSymbolCount": 3, 
     "solvers": {
       "BestFusion": 16, 
       "FirstFit": 17, 
       "GeneticGroup": 16, 
       "GeneticStandard": 16, 
       "OverloadAndRemove": 16, 
       "OverloadAndRemovePresort": 16
     }, 
     "symbolCount": 65, 
     "symbols": [0,1,2,3,4,5,6,7,8,9,10,11,12,13,14,15,16,17,18,19,20,21,22,23,24,25,26,27,28,29,30,31,32,33,34,35,36,37,38,39,40,41,42,43,44,45,46,47,48,49,50,51,52,53,54,55,56,57,58,59,60,61,62,63,64], 
     "tileCount": 20, 
     "tileMaxSize": 19, 
     "tileMinSize": 2, 
     "tiles": [
       [1,2,3,13,15,19,23,25,29,30,34,39,44,46,49,52,62,63], 
       [2,3,14,15,17,29,38,44,47,49,53,54,57,63], 
       [2,3,6,8,11,18,20,23,31,43,52,53,58,59,64], 
       [4,7,9,14,17,24,25,32,36,41,43,47,53,63], 
       [10,59], 
       [3,7,11,13,16,22,38,42,48,56], 
       [2,4,5,19,28,34,53,54,55,60], 
       [0,1,5,9,11,14,19,23,25,31,34,35,38,43,50,57,59,62], 
       [3,5,7,8,9,15,23,25,30,32,37,40,42,43,51,52,61,64], 
       [11,13,14,17,25,40,45,48,49,53,56,58,61], 
       [2,5,6,17,19,25,34,35,50,61,62], 
       [10,11,13,14,17,19,21,23,27,28,30,33,36,43,45,47,50,52,55], 
       [0,5,11,13,17,18,22,26,28,36,37,38,39,43,47,51,53,54], 
       [2,3,4,6,14,21,27,33,35,40,43,44,45,48], 
       [2,13,15,16,18,20,26,33,34,36,39,40,41,44,51,54,58,64], 
       [1,6,9,14,26,27,29,31,35,40], 
       [0,2,4,6,9,18,20,21,22,27,39,47,57,59,61,63], 
       [0,4,6,8,17,18,19,26,32,37,45,46,64], 
       [6,13,15,16,26,29,33,38,47,48,52,55], 
       [1,5,12,14,27,28,34,38,40,42,49,52,53,54]
     ], 
     "times": {
       "BestFusion": 0.01, 
       "FirstFit": 0.01, 
       "GeneticGroup": 28.52, 
       "GeneticStandard": 2.33, 
       "OverloadAndRemove": 0.19, 
       "OverloadAndRemovePresort": 0.21
     }
   }
 ]